CREATE SCHEMA IF NOT EXISTS `planovaniRozvrhu` DEFAULT CHARACTER SET utf8 ;
USE `planovaniRozvrhu` ;

-- MySQL dump 10.13  Distrib 5.7.17, for Win64 (x86_64)
--
-- Host: localhost    Database: planovaniRozvrhu
-- ------------------------------------------------------
-- Server version	5.7.20-log

/*!40101 SET @OLD_CHARACTER_SET_CLIENT=@@CHARACTER_SET_CLIENT */;
/*!40101 SET @OLD_CHARACTER_SET_RESULTS=@@CHARACTER_SET_RESULTS */;
/*!40101 SET @OLD_COLLATION_CONNECTION=@@COLLATION_CONNECTION */;
/*!40101 SET NAMES utf8 */;
/*!40103 SET @OLD_TIME_ZONE=@@TIME_ZONE */;
/*!40103 SET TIME_ZONE='+00:00' */;
/*!40014 SET @OLD_UNIQUE_CHECKS=@@UNIQUE_CHECKS, UNIQUE_CHECKS=0 */;
/*!40014 SET @OLD_FOREIGN_KEY_CHECKS=@@FOREIGN_KEY_CHECKS, FOREIGN_KEY_CHECKS=0 */;
/*!40101 SET @OLD_SQL_MODE=@@SQL_MODE, SQL_MODE='NO_AUTO_VALUE_ON_ZERO' */;
/*!40111 SET @OLD_SQL_NOTES=@@SQL_NOTES, SQL_NOTES=0 */;

--
-- Table structure for table `casyPredmetu`
--



DROP TABLE IF EXISTS `casyPredmetu`;
/*!40101 SET @saved_cs_client     = @@character_set_client */;
/*!40101 SET character_set_client = utf8 */;
CREATE TABLE `casyPredmetu` (
  `id` int(11) NOT NULL,
  `id_verze` int(11) DEFAULT NULL,
  `id_predmetu` int(11) DEFAULT NULL,
  `verze` int(11) DEFAULT NULL,
  `den` enum('Po','Út','St','Čt','Pá') DEFAULT NULL,
  `cas_od` time(6) DEFAULT NULL,
  `cas_do` time(6) DEFAULT NULL,
  `typ` enum('p','n','c','l','z','o') DEFAULT NULL,
  `skupina` enum('a','b') DEFAULT NULL,
  PRIMARY KEY (`id`),
  UNIQUE KEY `id_UNIQUE` (`id`),
  KEY `fk_verzeRozvrhu_has_predmety_predmety1_idx` (`id_predmetu`),
  KEY `fk_verzeRozvrhu_has_predmety_verzeRozvrhu1_idx` (`id_verze`),
  CONSTRAINT `fk_verzeRozvrhu_has_predmety_predmety1` FOREIGN KEY (`id_predmetu`) REFERENCES `predmety` (`id`) ON DELETE NO ACTION ON UPDATE NO ACTION,
  CONSTRAINT `fk_verzeRozvrhu_has_predmety_verzeRozvrhu1` FOREIGN KEY (`id_verze`) REFERENCES `verzeRozvrhu` (`id`) ON DELETE NO ACTION ON UPDATE NO ACTION
) ENGINE=InnoDB DEFAULT CHARSET=utf8;
/*!40101 SET character_set_client = @saved_cs_client */;

--
-- Dumping data for table `casyPredmetu`
--

LOCK TABLES `casyPredmetu` WRITE;
/*!40000 ALTER TABLE `casyPredmetu` DISABLE KEYS */;
INSERT INTO `casyPredmetu` VALUES (0,0,1,1,'Po','10:00:00.000000','12:00:00.000000','p',NULL),(1,0,1,1,'Po','18:00:00.000000','20:00:00.000000','p',NULL),(2,0,16,1,'Po','16:00:00.000000','19:00:00.000000','p',NULL),(4,0,78,1,'Út','13:00:00.000000','16:00:00.000000','p',NULL),(5,0,42,1,'Pá','14:00:00.000000','12:00:00.000000','p',NULL),(6,0,4,1,'Pá','14:00:00.000000','17:00:00.000000','p',NULL);
/*!40000 ALTER TABLE `casyPredmetu` ENABLE KEYS */;
UNLOCK TABLES;

--
-- Table structure for table `casyZkousek`
--

DROP TABLE IF EXISTS `casyZkousek`;
/*!40101 SET @saved_cs_client     = @@character_set_client */;
/*!40101 SET character_set_client = utf8 */;
CREATE TABLE `casyZkousek` (
  `id` int(11) NOT NULL,
  `id_verze` int(11) DEFAULT NULL,
  `id_predmetu` int(11) DEFAULT NULL,
  `verze` int(11) DEFAULT NULL,
  `datum` date DEFAULT NULL,
  `cas_od` time(6) DEFAULT NULL,
  `cas_do` time(6) DEFAULT NULL,
  `termin` enum('radny','1opravny','2opravny') DEFAULT NULL,
  `pevny_cas_flag` tinyint(4) DEFAULT NULL,
  PRIMARY KEY (`id`),
  UNIQUE KEY `id_UNIQUE` (`id`),
  KEY `fk_predmety_has_verzeZkousek_verzeZkousek1_idx` (`id_verze`),
  KEY `fk_predmety_has_verzeZkousek_predmety1_idx` (`id_predmetu`),
  CONSTRAINT `fk_predmety_has_verzeZkousek_predmety1` FOREIGN KEY (`id_predmetu`) REFERENCES `predmety` (`id`) ON DELETE NO ACTION ON UPDATE NO ACTION,
  CONSTRAINT `fk_predmety_has_verzeZkousek_verzeZkousek1` FOREIGN KEY (`id_verze`) REFERENCES `verzeZkousek` (`id`) ON DELETE NO ACTION ON UPDATE NO ACTION
) ENGINE=InnoDB DEFAULT CHARSET=utf8;
/*!40101 SET character_set_client = @saved_cs_client */;

--
-- Dumping data for table `casyZkousek`
--

LOCK TABLES `casyZkousek` WRITE;
/*!40000 ALTER TABLE `casyZkousek` DISABLE KEYS */;
/*!40000 ALTER TABLE `casyZkousek` ENABLE KEYS */;
UNLOCK TABLES;

--
-- Table structure for table `kolize`
--

DROP TABLE IF EXISTS `kolize`;
/*!40101 SET @saved_cs_client     = @@character_set_client */;
/*!40101 SET character_set_client = utf8 */;
CREATE TABLE `kolize` (
  `id` int(11) NOT NULL,
  `id_predmetu` int(11) DEFAULT NULL,
  `id_predmetu_v_kolizi` int(11) DEFAULT NULL,
  `pocet_studentu_v_kolizi` int(11) DEFAULT NULL,
  PRIMARY KEY (`id`),
  UNIQUE KEY `id_UNIQUE` (`id`),
  KEY `fk_kolize_predmety1_idx` (`id_predmetu`),
  KEY `fk_kolize_predmety2_idx` (`id_predmetu_v_kolizi`),
  CONSTRAINT `fk_kolize_predmety1` FOREIGN KEY (`id_predmetu`) REFERENCES `predmety` (`id`) ON DELETE NO ACTION ON UPDATE NO ACTION,
  CONSTRAINT `fk_kolize_predmety2` FOREIGN KEY (`id_predmetu_v_kolizi`) REFERENCES `predmety` (`id`) ON DELETE NO ACTION ON UPDATE NO ACTION
) ENGINE=InnoDB DEFAULT CHARSET=utf8;
/*!40101 SET character_set_client = @saved_cs_client */;

--
-- Dumping data for table `kolize`
--

LOCK TABLES `kolize` WRITE;
/*!40000 ALTER TABLE `kolize` DISABLE KEYS */;
/*!40000 ALTER TABLE `kolize` ENABLE KEYS */;
UNLOCK TABLES;

--
-- Table structure for table `lonskeTerminy`
--

DROP TABLE IF EXISTS `lonskeTerminy`;
/*!40101 SET @saved_cs_client     = @@character_set_client */;
/*!40101 SET character_set_client = utf8 */;
CREATE TABLE `lonskeTerminy` (
  `id` int(11) NOT NULL,
  `id_predmetu` int(11) DEFAULT NULL,
  `id_garanta` int(11) DEFAULT NULL,
  `zak` enum('Zazk','Zk','Klz','Za') DEFAULT NULL,
  `stud` int(11) DEFAULT NULL,
  `#1` int(11) DEFAULT NULL,
  `#2` int(11) DEFAULT NULL,
  `#3` int(11) DEFAULT NULL,
  `#4` int(11) DEFAULT NULL,
  `#5` int(11) DEFAULT NULL,
  `#6` int(11) DEFAULT NULL,
  PRIMARY KEY (`id`),
  UNIQUE KEY `id_UNIQUE` (`id`),
  KEY `fk_vypsaneTerminy_predmety1_idx` (`id_predmetu`),
  KEY `fk_lonskeTerminy_ucitele1_idx` (`id_garanta`),
  CONSTRAINT `fk_lonskeTerminy_ucitele1` FOREIGN KEY (`id_garanta`) REFERENCES `ucitele` (`id`) ON DELETE NO ACTION ON UPDATE NO ACTION,
  CONSTRAINT `fk_vypsaneTerminy_predmety1` FOREIGN KEY (`id_predmetu`) REFERENCES `predmety` (`id`) ON DELETE NO ACTION ON UPDATE NO ACTION
) ENGINE=InnoDB DEFAULT CHARSET=utf8;
/*!40101 SET character_set_client = @saved_cs_client */;

--
-- Dumping data for table `lonskeTerminy`
--

LOCK TABLES `lonskeTerminy` WRITE;
/*!40000 ALTER TABLE `lonskeTerminy` DISABLE KEYS */;
/*!40000 ALTER TABLE `lonskeTerminy` ENABLE KEYS */;
UNLOCK TABLES;

--
-- Table structure for table `majiRegistrovane`
--

DROP TABLE IF EXISTS `majiRegistrovane`;
/*!40101 SET @saved_cs_client     = @@character_set_client */;
/*!40101 SET character_set_client = utf8 */;
CREATE TABLE `majiRegistrovane` (
  `id` int(11) NOT NULL,
  `id_studenta` int(11) DEFAULT NULL,
  `id_predmetu` int(11) DEFAULT NULL,
  PRIMARY KEY (`id`),
  UNIQUE KEY `id_UNIQUE` (`id`),
  KEY `fk_studenti_has_predmety_predmety1_idx` (`id_predmetu`),
  KEY `fk_studenti_has_predmety_studenti1_idx` (`id_studenta`),
  CONSTRAINT `fk_studenti_has_predmety_predmety1` FOREIGN KEY (`id_predmetu`) REFERENCES `predmety` (`id`) ON DELETE NO ACTION ON UPDATE NO ACTION,
  CONSTRAINT `fk_studenti_has_predmety_studenti1` FOREIGN KEY (`id_studenta`) REFERENCES `studenti` (`id`) ON DELETE NO ACTION ON UPDATE NO ACTION
) ENGINE=InnoDB DEFAULT CHARSET=utf8;
/*!40101 SET character_set_client = @saved_cs_client */;

--
-- Dumping data for table `majiRegistrovane`
--

LOCK TABLES `majiRegistrovane` WRITE;
/*!40000 ALTER TABLE `majiRegistrovane` DISABLE KEYS */;
INSERT INTO `majiRegistrovane` VALUES (1,1,1),(2,1,2),(3,1,4),(4,1,42),(5,1,15),(6,1,101),(7,2,1),(8,2,2),(9,2,29),(10,2,37),(11,2,78),(12,3,1),(13,3,2),(14,3,17),(15,3,50),(16,3,45),(17,3,42),(18,3,37),(19,4,1),(20,4,2),(21,4,4),(22,4,42),(23,4,15),(24,4,29),(25,4,37),(26,5,2),(27,5,4),(28,5,15),(29,5,29),(30,5,37),(31,5,50),(32,5,17),(33,6,1),(34,6,2),(35,6,4),(36,6,42),(37,6,37),(38,6,45),(39,6,50),(40,7,1),(41,7,2),(42,7,4),(43,7,37),(44,7,45),(45,7,50),(46,7,17),(47,7,78),(48,8,1),(49,8,2),(50,8,4),(51,8,42),(52,8,15),(53,8,29),(54,8,37),(55,9,1),(56,9,2),(57,9,15),(58,9,37),(59,9,50),(60,9,78),(61,10,1),(62,10,42),(63,10,15),(64,10,29),(65,10,37),(66,11,1),(67,11,2),(68,11,4),(69,11,15),(70,11,45),(71,11,50),(72,12,1),(73,12,2),(74,12,4),(75,12,29),(76,12,37),(77,12,17),(78,12,10),(79,13,42),(80,13,15),(81,13,29),(82,13,37),(83,13,45),(84,13,50),(85,13,17),(86,14,1),(87,14,2),(88,14,4),(89,14,42),(90,15,1),(91,15,2),(92,15,4),(93,15,29),(94,15,37),(95,16,45),(96,16,78),(97,16,50),(98,16,17),(99,17,1),(100,17,2),(101,17,4),(102,17,42),(103,17,15),(104,17,29),(105,17,78),(106,18,29),(107,18,45),(108,18,50),(109,18,17),(110,19,1),(111,19,2),(112,19,4),(113,19,42),(114,19,17),(115,19,78),(116,20,1),(117,20,2),(118,20,37),(119,20,45),(120,20,17),(121,20,78),(122,21,1),(123,21,2),(124,21,4),(125,21,29),(126,21,45),(127,22,2),(128,22,4),(129,22,42),(130,22,29),(131,22,45),(132,22,50),(133,22,17),(134,22,78),(135,23,1),(136,24,2),(137,24,4),(138,24,45),(139,24,50),(140,24,17),(141,24,78),(142,25,2),(143,25,4),(144,25,15),(145,25,37),(146,25,50),(147,26,1),(148,26,2),(149,26,4),(150,26,42),(151,26,29),(152,26,37),(153,27,1),(154,27,2),(155,27,4),(156,27,37),(157,27,45),(158,27,50),(159,28,1),(160,28,2),(161,28,4),(162,28,15),(163,28,29),(164,28,45),(165,29,1),(166,29,29),(167,29,45),(168,29,17),(169,29,78),(170,30,1),(171,30,2),(172,30,42),(173,30,15),(174,30,29),(175,30,37),(176,31,2),(177,31,4),(178,31,29),(179,31,50),(180,31,37),(181,31,78),(182,31,42),(183,32,15),(184,32,29),(185,32,37),(186,32,45),(187,33,1),(188,34,2),(189,35,1),(190,35,2),(191,35,4),(192,35,42),(193,35,15),(194,35,37),(195,35,50),(196,35,17),(197,35,78),(198,36,2),(199,36,4),(200,36,15),(201,36,29),(202,36,37),(203,36,17),(204,37,1),(205,37,2),(206,37,29),(207,37,37),(208,37,50),(209,37,17),(210,37,78),(211,38,1),(212,38,2),(213,38,4),(214,38,15),(215,38,29),(216,38,45),(217,39,1),(218,39,2),(219,39,4),(220,39,15),(221,39,15),(222,39,45),(223,39,50),(224,40,1),(225,40,2),(226,40,4),(227,40,42),(228,41,1),(229,41,2),(230,41,4),(231,41,17),(232,41,78),(233,42,1),(234,42,2),(235,42,4),(236,42,29),(237,42,37),(238,43,1),(239,43,2),(240,43,4),(241,43,37),(242,43,78),(243,44,1),(244,44,2),(245,44,15),(246,44,37),(247,44,50),(248,45,2),(249,45,4),(250,45,15),(251,45,45),(252,45,17),(253,45,78),(254,46,1),(255,46,29),(256,46,45),(257,46,17),(258,46,78),(259,47,1),(260,47,2),(261,47,42),(262,47,29),(263,48,1),(264,48,2),(265,48,4),(266,48,29),(267,48,37),(268,49,1),(269,49,15),(270,49,37),(271,49,50),(272,49,17),(273,50,1),(274,50,2),(275,50,37),(276,50,50),(277,50,17),(278,51,1),(279,51,2),(280,51,15),(281,51,37),(282,51,45),(283,51,78),(284,52,2),(285,52,4),(286,52,29),(287,52,45),(288,52,17),(289,53,1),(290,53,2),(291,53,4),(292,53,50),(293,53,17),(294,53,78),(295,54,1),(296,54,2),(297,54,42),(298,54,15),(299,54,37),(300,54,78);
/*!40000 ALTER TABLE `majiRegistrovane` ENABLE KEYS */;
UNLOCK TABLES;

--
-- Table structure for table `mistnosti`
--

DROP TABLE IF EXISTS `mistnosti`;
/*!40101 SET @saved_cs_client     = @@character_set_client */;
/*!40101 SET character_set_client = utf8 */;
CREATE TABLE `mistnosti` (
  `id` int(11) NOT NULL,
  `nazev` varchar(45) DEFAULT NULL,
  `kapacita` int(11) DEFAULT NULL,
  `kapacita_ob1` int(11) DEFAULT NULL,
  `kapacita_ob2` int(11) DEFAULT NULL,
  `fakulta` enum('FIT','FEKT','FSI','FP','FA','FCH','FAST','FAVU','USI') DEFAULT NULL,
  PRIMARY KEY (`id`),
  UNIQUE KEY `id_UNIQUE` (`id`)
) ENGINE=InnoDB DEFAULT CHARSET=utf8;
/*!40101 SET character_set_client = @saved_cs_client */;

--
-- Dumping data for table `mistnosti`
--

LOCK TABLES `mistnosti` WRITE;
/*!40000 ALTER TABLE `mistnosti` DISABLE KEYS */;
/*!40000 ALTER TABLE `mistnosti` ENABLE KEYS */;
UNLOCK TABLES;

--
-- Table structure for table `nedostupnost`
--

DROP TABLE IF EXISTS `nedostupnost`;
/*!40101 SET @saved_cs_client     = @@character_set_client */;
/*!40101 SET character_set_client = utf8 */;
CREATE TABLE `nedostupnost` (
  `id` int(11) NOT NULL,
  `id_mistnosti` int(11) DEFAULT NULL,
  `duvod` varchar(200) DEFAULT NULL,
  `datum` date DEFAULT NULL,
  `cas_od` time(6) DEFAULT NULL,
  `cas_do` time(6) DEFAULT NULL,
  PRIMARY KEY (`id`),
  UNIQUE KEY `id_UNIQUE` (`id`),
  KEY `fk_nedostupnost_mistnosti1_idx` (`id_mistnosti`),
  CONSTRAINT `fk_nedostupnost_mistnosti1` FOREIGN KEY (`id_mistnosti`) REFERENCES `mistnosti` (`id`) ON DELETE NO ACTION ON UPDATE NO ACTION
) ENGINE=InnoDB DEFAULT CHARSET=utf8;
/*!40101 SET character_set_client = @saved_cs_client */;

--
-- Dumping data for table `nedostupnost`
--

LOCK TABLES `nedostupnost` WRITE;
/*!40000 ALTER TABLE `nedostupnost` DISABLE KEYS */;
/*!40000 ALTER TABLE `nedostupnost` ENABLE KEYS */;
UNLOCK TABLES;

--
-- Table structure for table `obory`
--

DROP TABLE IF EXISTS `obory`;
/*!40101 SET @saved_cs_client     = @@character_set_client */;
/*!40101 SET character_set_client = utf8 */;
CREATE TABLE `obory` (
  `id` int(11) NOT NULL,
  `id_semestru` int(11) DEFAULT NULL,
  `nazev` varchar(200) DEFAULT NULL,
  `zkratka` varchar(10) DEFAULT NULL,
  PRIMARY KEY (`id`),
  UNIQUE KEY `id_UNIQUE` (`id`),
  KEY `fk_obory_semestry1_idx` (`id_semestru`),
  CONSTRAINT `fk_obory_semestry1` FOREIGN KEY (`id_semestru`) REFERENCES `semestry` (`id`) ON DELETE NO ACTION ON UPDATE NO ACTION
) ENGINE=InnoDB DEFAULT CHARSET=utf8;
/*!40101 SET character_set_client = @saved_cs_client */;

--
-- Dumping data for table `obory`
--

LOCK TABLES `obory` WRITE;
/*!40000 ALTER TABLE `obory` DISABLE KEYS */;
INSERT INTO `obory` VALUES (1,2,'Bezpečnost informačních technologií','1MBS'),(2,2,'Bezpečnost informačních technologií','2MBS'),(3,1,'Bezpečnost informačních technologií','1MBS'),(4,1,'Bezpečnost informačních technologií','2MBS'),(5,2,'Počítačové sítě a komunikace','1MSK'),(6,2,'Počítačové sítě a komunikace','2MSK'),(7,1,'Počítačové sítě a komunikace','1MSK'),(8,1,'Počítačové sítě a komunikace','2MSK'),(9,2,'Informační systémy','1MIS'),(10,2,'Informační systémy','2MIS'),(11,1,'Informační systémy','1MIS'),(12,1,'Informační systémy','2MIS'),(13,2,'Počítačové a vestavěné systémy','1MPV'),(14,2,'Počítačové a vestavěné systémy','2MPV'),(15,1,'Počítačové a vestavěné systémy','1MPV'),(16,1,'Počítačové a vestavěné systémy','2MPV'),(17,2,'Inteligentní systémy','1MIN'),(18,2,'Inteligentní systémy','2MIN'),(19,1,'Inteligentní systémy','1MIN'),(20,1,'Inteligentní systémy','2MIN'),(21,2,'Matematické metody v informačních technologiích','1MMM'),(22,2,'Matematické metody v informačních technologiích','2MMM'),(23,1,'Matematické metody v informačních technologiích','1MMM'),(24,1,'Matematické metody v informačních technologiích','2MMM'),(25,2,'Počítačová grafika a multimédia','1MGM'),(26,2,'Počítačová grafika a multimédia','2MGM'),(27,1,'Počítačová grafika a multimédia','1MGM'),(28,1,'Počítačová grafika a multimédia','2MGM'),(29,2,'Management a informační technologie','1MMI'),(30,2,'Management a informační technologie','2MMI'),(31,1,'Management a informační technologie','1MMI'),(32,1,'Management a informační technologie','2MMI'),(33,2,'Bioinformatika a biocomputing','1MBI'),(34,2,'Bioinformatika a biocomputing','2MBI'),(35,1,'Bioinformatika a biocomputing','1MBI'),(36,1,'Bioinformatika a biocomputing','2MBI'),(37,2,'Informační technologie','1BIT'),(38,2,'Informační technologie','2BIT'),(39,1,'Informační technologie','1BIT'),(40,1,'Informační technologie','2BIT'),(41,2,'Informační technologie','3BIT'),(42,1,'Informační technologie','3BIT');
/*!40000 ALTER TABLE `obory` ENABLE KEYS */;
UNLOCK TABLES;

--
-- Table structure for table `povinnostVOboru`
--

DROP TABLE IF EXISTS `povinnostVOboru`;
/*!40101 SET @saved_cs_client     = @@character_set_client */;
/*!40101 SET character_set_client = utf8 */;
CREATE TABLE `povinnostVOboru` (
  `id` int(11) NOT NULL,
  `id_oboru` int(11) DEFAULT NULL,
  `id_predmetu` int(11) DEFAULT NULL,
  `typ_povinnosti` enum('P','PV','V') DEFAULT NULL,
  PRIMARY KEY (`id`),
  UNIQUE KEY `id_UNIQUE` (`id`),
  KEY `fk_obory_has_predmety_predmety1_idx` (`id_predmetu`),
  KEY `fk_obory_has_predmety_obory1_idx` (`id_oboru`),
  CONSTRAINT `fk_obory_has_predmety_obory1` FOREIGN KEY (`id_oboru`) REFERENCES `obory` (`id`) ON DELETE NO ACTION ON UPDATE NO ACTION,
  CONSTRAINT `fk_obory_has_predmety_predmety1` FOREIGN KEY (`id_predmetu`) REFERENCES `predmety` (`id`) ON DELETE NO ACTION ON UPDATE NO ACTION
) ENGINE=InnoDB DEFAULT CHARSET=utf8;
/*!40101 SET character_set_client = @saved_cs_client */;

--
-- Dumping data for table `povinnostVOboru`
--

LOCK TABLES `povinnostVOboru` WRITE;
/*!40000 ALTER TABLE `povinnostVOboru` DISABLE KEYS */;
INSERT INTO `povinnostVOboru` VALUES (1,3,1,'P'),(2,3,2,'P'),(3,3,3,'PV'),(4,3,4,'V'),(5,1,5,'P'),(6,1,6,'P'),(7,1,7,'P'),(8,1,8,'P'),(9,1,9,'V'),(10,4,10,'P'),(11,4,11,'P'),(12,2,12,'P'),(13,2,13,'P'),(14,2,14,'P'),(15,4,15,'P'),(16,3,15,'P'),(17,4,16,'PV'),(18,3,16,'PV'),(19,4,17,'PV'),(20,3,17,'PV'),(21,4,18,'PV'),(22,3,18,'PV'),(23,4,19,'PV'),(24,3,19,'PV'),(25,4,20,'PV'),(26,3,20,'PV'),(27,4,21,'PV'),(28,3,21,'PV'),(29,4,22,'PV'),(30,3,22,'PV'),(31,4,23,'PV'),(32,3,23,'PV'),(33,4,24,'PV'),(34,3,24,'PV'),(35,4,25,'PV'),(36,3,25,'PV'),(37,4,26,'PV'),(38,3,26,'PV'),(39,4,27,'PV'),(40,3,27,'PV'),(41,4,28,'PV'),(42,3,28,'PV'),(43,4,29,'PV'),(44,3,29,'PV'),(45,4,30,'PV'),(46,3,30,'PV'),(47,4,31,'PV'),(48,3,31,'PV'),(49,4,32,'PV'),(50,3,32,'PV'),(51,4,33,'V'),(52,3,33,'V'),(53,4,34,'V'),(54,3,34,'V'),(55,4,35,'V'),(56,3,35,'V'),(57,4,36,'V'),(58,3,36,'V'),(59,4,37,'V'),(60,3,37,'V'),(61,4,38,'V'),(62,3,38,'V'),(63,4,39,'V'),(64,3,39,'V'),(65,4,40,'V'),(66,3,40,'V'),(67,4,41,'V'),(68,3,41,'V'),(69,4,42,'V'),(70,3,42,'V'),(71,4,43,'V'),(72,3,43,'V'),(73,4,44,'V'),(74,3,44,'V'),(75,4,45,'V'),(76,3,45,'V'),(77,4,46,'V'),(78,3,46,'V'),(79,4,47,'V'),(80,3,47,'V'),(81,4,48,'V'),(82,3,48,'V'),(83,4,49,'V'),(84,3,49,'V'),(85,4,50,'V'),(86,3,50,'V'),(87,4,51,'V'),(88,3,51,'V'),(89,4,52,'V'),(90,3,52,'V'),(91,4,53,'V'),(92,3,53,'V'),(93,4,54,'V'),(94,3,54,'V'),(95,4,55,'V'),(96,3,55,'V'),(97,4,56,'V'),(98,3,56,'V'),(99,4,57,'V'),(100,3,57,'V'),(101,4,58,'V'),(102,3,58,'V'),(103,2,59,'P'),(104,1,59,'P'),(105,2,60,'PV'),(106,1,60,'PV'),(107,2,61,'PV'),(108,1,61,'PV'),(109,2,62,'PV'),(110,1,62,'PV'),(111,2,63,'PV'),(112,1,63,'PV'),(113,2,64,'PV'),(114,1,64,'PV'),(115,2,19,'PV'),(116,1,19,'PV'),(117,2,20,'PV'),(118,1,20,'PV'),(119,2,21,'PV'),(120,1,21,'PV'),(121,2,22,'PV'),(122,1,22,'PV'),(123,2,23,'PV'),(124,1,23,'PV'),(125,2,24,'PV'),(126,1,24,'PV'),(127,2,25,'PV'),(128,1,25,'PV'),(129,2,26,'PV'),(130,1,26,'PV'),(131,2,27,'PV'),(132,1,27,'PV'),(133,2,28,'PV'),(134,1,28,'PV'),(135,2,65,'PV'),(136,1,65,'PV'),(137,2,66,'PV'),(138,1,66,'PV'),(139,2,67,'PV'),(140,1,67,'PV'),(141,2,68,'V'),(142,1,68,'V'),(143,2,69,'V'),(144,1,69,'V'),(145,2,70,'V'),(146,1,70,'V'),(147,2,71,'V'),(148,1,71,'V'),(149,2,72,'V'),(150,1,72,'V'),(151,2,73,'V'),(152,1,73,'V'),(153,2,74,'V'),(154,1,74,'V'),(155,2,75,'V'),(156,1,75,'V'),(157,2,76,'V'),(158,1,76,'V'),(159,2,77,'V'),(160,1,77,'V'),(161,2,78,'V'),(162,1,78,'V'),(163,2,79,'V'),(164,1,79,'V'),(165,2,80,'V'),(166,1,80,'V'),(167,2,81,'V'),(168,1,81,'V'),(169,2,82,'V'),(170,1,82,'V'),(171,2,83,'V'),(172,1,83,'V'),(173,2,84,'V'),(174,1,84,'V'),(175,2,85,'V'),(176,1,85,'V'),(177,2,86,'V'),(178,1,86,'V'),(179,2,87,'V'),(180,1,87,'V'),(181,2,88,'V'),(182,1,88,'V'),(183,2,89,'V'),(184,1,89,'V'),(185,2,90,'V'),(186,1,90,'V'),(187,2,91,'V'),(188,1,91,'V'),(189,2,92,'V'),(190,1,92,'V'),(191,2,93,'V'),(192,1,93,'V'),(193,2,94,'V'),(194,1,94,'V'),(195,2,58,'V'),(196,1,58,'V'),(197,2,95,'V'),(198,1,95,'V'),(199,7,35,'P'),(200,7,3,'P'),(201,7,1,'P'),(202,7,30,'P'),(203,7,2,'P'),(204,7,54,'PV'),(205,7,42,'PV'),(206,7,48,'PV'),(207,7,17,'PV'),(208,7,4,'V'),(209,5,69,'P'),(210,5,7,'P'),(211,5,8,'P'),(212,5,13,'PV'),(213,5,67,'PV'),(214,5,6,'PV'),(215,5,79,'PV'),(216,5,9,'V'),(217,8,15,'P'),(218,8,29,'P'),(219,8,43,'P'),(220,8,11,'P'),(221,8,18,'PV'),(222,8,31,'PV'),(223,8,16,'PV'),(224,8,50,'PV'),(225,8,32,'PV'),(226,6,12,'P'),(227,6,59,'PV'),(228,6,95,'PV'),(229,6,63,'PV'),(230,6,14,'PV'),(231,8,33,'PV'),(232,7,33,'PV'),(233,8,64,'PV'),(234,7,64,'PV'),(235,8,19,'PV'),(236,7,19,'PV'),(237,8,20,'PV'),(238,7,20,'PV'),(239,8,21,'PV'),(240,7,21,'PV'),(241,8,22,'PV'),(242,7,22,'PV'),(243,8,23,'PV'),(244,7,23,'PV'),(245,8,24,'PV'),(246,7,24,'PV'),(247,8,25,'PV'),(248,7,25,'PV'),(249,8,26,'PV'),(250,7,26,'PV'),(251,8,27,'PV'),(252,7,27,'PV'),(253,8,28,'PV'),(254,7,28,'PV'),(255,8,10,'V'),(256,7,10,'V'),(257,8,34,'V'),(258,7,34,'V'),(259,8,36,'V'),(260,7,36,'V'),(261,8,37,'V'),(262,7,37,'V'),(263,8,38,'V'),(264,7,38,'V'),(265,8,39,'V'),(266,7,39,'V'),(267,8,40,'V'),(268,7,40,'V'),(269,8,41,'V'),(270,7,41,'V'),(271,8,44,'V'),(272,7,44,'V'),(273,8,45,'V'),(274,7,45,'V'),(275,8,46,'V'),(276,7,46,'V'),(277,8,47,'V'),(278,7,47,'V'),(279,8,49,'V'),(280,7,49,'V'),(281,8,51,'V'),(282,7,51,'V'),(283,8,52,'V'),(284,7,52,'V'),(285,8,53,'V'),(286,7,53,'V'),(287,8,55,'V'),(288,7,55,'V'),(289,8,56,'V'),(290,7,56,'V'),(291,8,57,'V'),(292,7,57,'V'),(293,8,58,'V'),(294,7,58,'V'),(295,6,64,'PV'),(296,5,64,'PV'),(297,6,19,'PV'),(298,5,19,'PV'),(299,6,20,'PV'),(300,5,20,'PV'),(301,6,21,'PV'),(302,5,21,'PV'),(303,6,22,'PV'),(304,5,22,'PV'),(305,6,23,'PV'),(306,5,23,'PV'),(307,6,24,'PV'),(308,5,24,'PV'),(309,6,25,'PV'),(310,5,25,'PV'),(311,6,26,'PV'),(312,5,26,'PV'),(313,6,27,'PV'),(314,5,27,'PV'),(315,6,28,'PV'),(316,5,28,'PV'),(317,6,73,'PV'),(318,5,73,'PV'),(319,6,72,'PV'),(320,5,72,'PV'),(321,6,68,'V'),(322,5,68,'V'),(323,6,70,'V'),(324,5,70,'V'),(325,6,71,'V'),(326,5,71,'V'),(327,6,60,'V'),(328,5,60,'V'),(329,6,66,'V'),(330,5,66,'V'),(331,6,74,'V'),(332,5,74,'V'),(333,6,5,'V'),(334,5,5,'V'),(335,6,75,'V'),(336,5,75,'V'),(337,6,76,'V'),(338,5,76,'V'),(339,6,77,'V'),(340,5,77,'V'),(341,6,78,'V'),(342,5,78,'V'),(343,6,80,'V'),(344,5,80,'V'),(345,6,81,'V'),(346,5,81,'V'),(347,6,82,'V'),(348,5,82,'V'),(349,6,83,'V'),(350,5,83,'V'),(351,6,84,'V'),(352,5,84,'V'),(353,6,85,'V'),(354,5,85,'V'),(355,6,86,'V'),(356,5,86,'V'),(357,6,87,'V'),(358,5,87,'V'),(359,6,88,'V'),(360,5,88,'V'),(361,6,61,'V'),(362,5,61,'V'),(363,6,62,'V'),(364,5,62,'V'),(365,6,89,'V'),(366,5,89,'V'),(367,6,90,'V'),(368,5,90,'V'),(369,6,91,'V'),(370,5,91,'V'),(371,6,92,'V'),(372,5,92,'V'),(373,6,93,'V'),(374,5,93,'V'),(375,6,65,'V'),(376,5,65,'V'),(377,6,94,'V'),(378,5,94,'V'),(379,6,58,'V'),(380,5,58,'V'),(381,11,1,'P'),(382,11,42,'P'),(383,11,2,'P'),(384,11,45,'V'),(385,11,4,'V'),(386,9,5,'P'),(387,9,82,'P'),(388,9,7,'P'),(389,9,67,'P'),(390,9,8,'P'),(391,9,9,'V'),(392,9,88,'V'),(393,12,31,'P'),(394,12,11,'P'),(395,12,30,'PV'),(396,12,43,'PV'),(397,12,52,'PV'),(398,12,32,'PV'),(399,12,46,'V'),(400,12,48,'V'),(401,10,12,'P'),(402,10,59,'P'),(403,10,14,'PV'),(404,10,86,'PV'),(405,10,60,'PV'),(406,10,13,'PV'),(407,12,15,'P'),(408,11,15,'P'),(409,12,29,'PV'),(410,11,29,'PV'),(411,12,16,'PV'),(412,11,16,'PV'),(413,12,56,'PV'),(414,11,56,'PV'),(415,12,64,'PV'),(416,11,64,'PV'),(417,12,19,'PV'),(418,11,19,'PV'),(419,12,20,'PV'),(420,11,20,'PV'),(421,12,21,'PV'),(422,11,21,'PV'),(423,12,22,'PV'),(424,11,22,'PV'),(425,12,23,'PV'),(426,11,23,'PV'),(427,12,24,'PV'),(428,11,24,'PV'),(429,12,25,'PV'),(430,11,25,'PV'),(431,12,26,'PV'),(432,11,26,'PV'),(433,12,27,'PV'),(434,11,27,'PV'),(435,12,28,'PV'),(436,11,28,'PV'),(437,12,37,'PV'),(438,11,37,'PV'),(439,12,50,'PV'),(440,11,50,'PV'),(441,12,18,'V'),(442,11,18,'V'),(443,12,10,'V'),(444,11,10,'V'),(445,12,33,'V'),(446,11,33,'V'),(447,12,35,'V'),(448,11,35,'V'),(449,12,36,'V'),(450,11,36,'V'),(451,12,38,'V'),(452,11,38,'V'),(453,12,3,'V'),(454,11,3,'V'),(455,12,39,'V'),(456,11,39,'V'),(457,12,40,'V'),(458,11,40,'V'),(459,12,41,'V'),(460,11,41,'V'),(461,12,44,'V'),(462,11,44,'V'),(463,12,47,'V'),(464,11,47,'V'),(465,12,17,'V'),(466,11,17,'V'),(467,12,49,'V'),(468,11,49,'V'),(469,12,51,'V'),(470,11,51,'V'),(471,12,53,'V'),(472,11,53,'V'),(473,12,54,'V'),(474,11,54,'V'),(475,12,55,'V'),(476,11,55,'V'),(477,12,57,'V'),(478,11,57,'V'),(479,12,58,'V'),(480,11,58,'V'),(481,10,68,'PV'),(482,9,68,'PV'),(483,10,64,'PV'),(484,9,64,'PV'),(485,10,19,'PV'),(486,9,19,'PV'),(487,10,20,'PV'),(488,9,20,'PV'),(489,10,21,'PV'),(490,9,21,'PV'),(491,10,22,'PV'),(492,9,22,'PV'),(493,10,23,'PV'),(494,9,23,'PV'),(495,10,24,'PV'),(496,9,24,'PV'),(497,10,25,'PV'),(498,9,25,'PV'),(499,10,26,'PV'),(500,9,26,'PV'),(501,10,27,'PV'),(502,9,27,'PV'),(503,10,28,'PV'),(504,9,28,'PV'),(505,10,77,'PV'),(506,9,77,'PV'),(507,10,78,'PV'),(508,9,78,'PV'),(509,10,65,'PV'),(510,9,65,'PV'),(511,10,66,'PV'),(512,9,66,'PV'),(513,10,83,'PV'),(514,9,83,'PV'),(515,10,69,'V'),(516,9,69,'V'),(517,10,70,'V'),(518,9,70,'V'),(519,10,71,'V'),(520,9,71,'V'),(521,10,72,'V'),(522,9,72,'V'),(523,10,73,'V'),(524,9,73,'V'),(525,10,74,'V'),(526,9,74,'V'),(527,10,75,'V'),(528,9,75,'V'),(529,10,76,'V'),(530,9,76,'V'),(531,10,6,'V'),(532,9,6,'V'),(533,10,79,'V'),(534,9,79,'V'),(535,10,80,'V'),(536,9,80,'V'),(537,10,84,'V'),(538,9,84,'V'),(539,10,63,'V'),(540,9,63,'V'),(541,10,87,'V'),(542,9,87,'V'),(543,10,61,'V'),(544,9,61,'V'),(545,10,62,'V'),(546,9,62,'V'),(547,10,90,'V'),(548,9,90,'V'),(549,10,91,'V'),(550,9,91,'V'),(551,10,92,'V'),(552,9,92,'V'),(553,10,93,'V'),(554,9,93,'V'),(555,10,94,'V'),(556,9,94,'V'),(557,10,58,'V'),(558,9,58,'V'),(559,10,95,'V'),(560,9,95,'V'),(561,15,3,'P'),(562,15,1,'P'),(563,15,2,'P'),(564,15,50,'PV'),(565,15,31,'PV'),(566,15,32,'PV'),(567,15,45,'PV'),(568,15,4,'V'),(569,13,69,'P'),(570,13,6,'P'),(571,13,7,'P'),(572,13,71,'PV'),(573,13,13,'PV'),(574,13,61,'PV'),(575,13,9,'V'),(576,16,18,'P'),(577,16,41,'P'),(578,16,11,'P'),(579,16,49,'PV'),(580,16,43,'PV'),(581,16,30,'PV'),(582,16,17,'PV'),(583,16,15,'PV'),(584,16,36,'PV'),(585,16,46,'PV'),(586,14,12,'P'),(587,14,63,'P'),(588,14,74,'PV'),(589,14,65,'PV'),(590,14,95,'PV'),(591,16,64,'PV'),(592,15,64,'PV'),(593,16,19,'PV'),(594,15,19,'PV'),(595,16,20,'PV'),(596,15,20,'PV'),(597,16,21,'PV'),(598,15,21,'PV'),(599,16,22,'PV'),(600,15,22,'PV'),(601,16,23,'PV'),(602,15,23,'PV'),(603,16,24,'PV'),(604,15,24,'PV'),(605,16,25,'PV'),(606,15,25,'PV'),(607,16,26,'PV'),(608,15,26,'PV'),(609,16,27,'PV'),(610,15,27,'PV'),(611,16,28,'PV'),(612,15,28,'PV'),(613,16,10,'V'),(614,15,10,'V'),(615,16,29,'V'),(616,15,29,'V'),(617,16,33,'V'),(618,15,33,'V'),(619,16,34,'V'),(620,15,34,'V'),(621,16,16,'V'),(622,15,16,'V'),(623,16,35,'V'),(624,15,35,'V'),(625,16,37,'V'),(626,15,37,'V'),(627,16,38,'V'),(628,15,38,'V'),(629,16,39,'V'),(630,15,39,'V'),(631,16,40,'V'),(632,15,40,'V'),(633,16,42,'V'),(634,15,42,'V'),(635,16,44,'V'),(636,15,44,'V'),(637,16,47,'V'),(638,15,47,'V'),(639,16,48,'V'),(640,15,48,'V'),(641,16,51,'V'),(642,15,51,'V'),(643,16,52,'V'),(644,15,52,'V'),(645,16,53,'V'),(646,15,53,'V'),(647,16,54,'V'),(648,15,54,'V'),(649,16,55,'V'),(650,15,55,'V'),(651,16,56,'V'),(652,15,56,'V'),(653,16,57,'V'),(654,15,57,'V'),(655,16,58,'V'),(656,15,58,'V'),(657,14,64,'PV'),(658,13,64,'PV'),(659,14,19,'PV'),(660,13,19,'PV'),(661,14,20,'PV'),(662,13,20,'PV'),(663,14,21,'PV'),(664,13,21,'PV'),(665,14,22,'PV'),(666,13,22,'PV'),(667,14,23,'PV'),(668,13,23,'PV'),(669,14,24,'PV'),(670,13,24,'PV'),(671,14,25,'PV'),(672,13,25,'PV'),(673,14,26,'PV'),(674,13,26,'PV'),(675,14,27,'PV'),(676,13,27,'PV'),(677,14,28,'PV'),(678,13,28,'PV'),(679,14,5,'PV'),(680,13,5,'PV'),(681,14,8,'PV'),(682,13,8,'PV'),(683,14,94,'PV'),(684,13,94,'PV'),(685,14,68,'V'),(686,13,68,'V'),(687,14,70,'V'),(688,13,70,'V'),(689,14,60,'V'),(690,13,60,'V'),(691,14,72,'V'),(692,13,72,'V'),(693,14,73,'V'),(694,13,73,'V'),(695,14,66,'V'),(696,13,66,'V'),(697,14,75,'V'),(698,13,75,'V'),(699,14,76,'V'),(700,13,76,'V'),(701,14,77,'V'),(702,13,77,'V'),(703,14,78,'V'),(704,13,78,'V'),(705,14,79,'V'),(706,13,79,'V'),(707,14,80,'V'),(708,13,80,'V'),(709,14,81,'V'),(710,13,81,'V'),(711,14,82,'V'),(712,13,82,'V'),(713,14,83,'V'),(714,13,83,'V'),(715,14,84,'V'),(716,13,84,'V'),(717,14,14,'V'),(718,13,14,'V'),(719,14,85,'V'),(720,13,85,'V'),(721,14,86,'V'),(722,13,86,'V'),(723,14,59,'V'),(724,13,59,'V'),(725,14,87,'V'),(726,13,87,'V'),(727,14,67,'V'),(728,13,67,'V'),(729,14,88,'V'),(730,13,88,'V'),(731,14,62,'V'),(732,13,62,'V'),(733,14,89,'V'),(734,13,89,'V'),(735,14,90,'V'),(736,13,90,'V'),(737,14,91,'V'),(738,13,91,'V'),(739,14,92,'V'),(740,13,92,'V'),(741,14,93,'V'),(742,13,93,'V'),(743,14,58,'V'),(744,13,58,'V'),(745,19,1,'P'),(746,19,49,'P'),(747,19,2,'P'),(748,19,51,'V'),(749,19,4,'V'),(750,17,68,'P'),(751,17,5,'P'),(752,17,8,'P'),(753,17,61,'P'),(754,17,9,'V'),(755,20,29,'P'),(756,20,11,'P'),(757,20,50,'P'),(758,20,32,'P'),(759,18,12,'P'),(760,18,86,'P'),(761,20,15,'PV'),(762,19,15,'PV'),(763,20,16,'PV'),(764,19,16,'PV'),(765,20,17,'PV'),(766,19,17,'PV'),(767,20,96,'PV'),(768,19,96,'PV'),(769,20,64,'PV'),(770,19,64,'PV'),(771,20,19,'PV'),(772,19,19,'PV'),(773,20,20,'PV'),(774,19,20,'PV'),(775,20,21,'PV'),(776,19,21,'PV'),(777,20,22,'PV'),(778,19,22,'PV'),(779,20,23,'PV'),(780,19,23,'PV'),(781,20,24,'PV'),(782,19,24,'PV'),(783,20,25,'PV'),(784,19,25,'PV'),(785,20,26,'PV'),(786,19,26,'PV'),(787,20,27,'PV'),(788,19,27,'PV'),(789,20,28,'PV'),(790,19,28,'PV'),(791,20,10,'PV'),(792,19,10,'PV'),(793,20,3,'PV'),(794,19,3,'PV'),(795,20,46,'PV'),(796,19,46,'PV'),(797,20,47,'PV'),(798,19,47,'PV'),(799,20,42,'PV'),(800,19,42,'PV'),(801,20,54,'PV'),(802,19,54,'PV'),(803,20,18,'V'),(804,19,18,'V'),(805,20,31,'V'),(806,19,31,'V'),(807,20,33,'V'),(808,19,33,'V'),(809,20,35,'V'),(810,19,35,'V'),(811,20,36,'V'),(812,19,36,'V'),(813,20,37,'V'),(814,19,37,'V'),(815,20,38,'V'),(816,19,38,'V'),(817,20,39,'V'),(818,19,39,'V'),(819,20,40,'V'),(820,19,40,'V'),(821,20,41,'V'),(822,19,41,'V'),(823,20,43,'V'),(824,19,43,'V'),(825,20,44,'V'),(826,19,44,'V'),(827,20,45,'V'),(828,19,45,'V'),(829,20,30,'V'),(830,19,30,'V'),(831,20,48,'V'),(832,19,48,'V'),(833,20,53,'V'),(834,19,53,'V'),(835,20,56,'V'),(836,19,56,'V'),(837,20,57,'V'),(838,19,57,'V'),(839,20,58,'V'),(840,19,58,'V'),(841,18,60,'PV'),(842,17,60,'PV'),(843,18,88,'PV'),(844,17,88,'PV'),(845,18,92,'PV'),(846,17,92,'PV'),(847,18,13,'PV'),(848,17,13,'PV'),(849,18,7,'PV'),(850,17,7,'PV'),(851,18,95,'PV'),(852,17,95,'PV'),(853,18,64,'PV'),(854,17,64,'PV'),(855,18,19,'PV'),(856,17,19,'PV'),(857,18,20,'PV'),(858,17,20,'PV'),(859,18,21,'PV'),(860,17,21,'PV'),(861,18,22,'PV'),(862,17,22,'PV'),(863,18,23,'PV'),(864,17,23,'PV'),(865,18,24,'PV'),(866,17,24,'PV'),(867,18,25,'PV'),(868,17,25,'PV'),(869,18,26,'PV'),(870,17,26,'PV'),(871,18,27,'PV'),(872,17,27,'PV'),(873,18,28,'PV'),(874,17,28,'PV'),(875,18,71,'PV'),(876,17,71,'PV'),(877,18,77,'PV'),(878,17,77,'PV'),(879,18,65,'PV'),(880,17,65,'PV'),(881,18,69,'V'),(882,17,69,'V'),(883,18,70,'V'),(884,17,70,'V'),(885,18,72,'V'),(886,17,72,'V'),(887,18,73,'V'),(888,17,73,'V'),(889,18,66,'V'),(890,17,66,'V'),(891,18,74,'V'),(892,17,74,'V'),(893,18,75,'V'),(894,17,75,'V'),(895,18,76,'V'),(896,17,76,'V'),(897,18,78,'V'),(898,17,78,'V'),(899,18,6,'V'),(900,17,6,'V'),(901,18,79,'V'),(902,17,79,'V'),(903,18,80,'V'),(904,17,80,'V'),(905,18,82,'V'),(906,17,82,'V'),(907,18,83,'V'),(908,17,83,'V'),(909,18,84,'V'),(910,17,84,'V'),(911,18,63,'V'),(912,17,63,'V'),(913,18,14,'V'),(914,17,14,'V'),(915,18,59,'V'),(916,17,59,'V'),(917,18,87,'V'),(918,17,87,'V'),(919,18,67,'V'),(920,17,67,'V'),(921,18,62,'V'),(922,17,62,'V'),(923,18,90,'V'),(924,17,90,'V'),(925,18,91,'V'),(926,17,91,'V'),(927,18,93,'V'),(928,17,93,'V'),(929,18,94,'V'),(930,17,94,'V'),(931,18,58,'V'),(932,17,58,'V'),(933,23,1,'P'),(934,23,2,'P'),(935,23,4,'V'),(936,21,9,'V'),(937,24,11,'P'),(938,22,12,'P'),(939,24,16,'P'),(940,23,16,'P'),(941,24,35,'P'),(942,23,35,'P'),(943,24,54,'P'),(944,23,54,'P'),(945,24,56,'P'),(946,23,56,'P'),(947,24,15,'PV'),(948,23,15,'PV'),(949,24,64,'PV'),(950,23,64,'PV'),(951,24,19,'PV'),(952,23,19,'PV'),(953,24,20,'PV'),(954,23,20,'PV'),(955,24,21,'PV'),(956,23,21,'PV'),(957,24,22,'PV'),(958,23,22,'PV'),(959,24,23,'PV'),(960,23,23,'PV'),(961,24,24,'PV'),(962,23,24,'PV'),(963,24,25,'PV'),(964,23,25,'PV'),(965,24,26,'PV'),(966,23,26,'PV'),(967,24,27,'PV'),(968,23,27,'PV'),(969,24,28,'PV'),(970,23,28,'PV'),(971,24,49,'PV'),(972,23,49,'PV'),(973,24,18,'V'),(974,23,18,'V'),(975,24,31,'V'),(976,23,31,'V'),(977,24,10,'V'),(978,23,10,'V'),(979,24,29,'V'),(980,23,29,'V'),(981,24,33,'V'),(982,23,33,'V'),(983,24,34,'V'),(984,23,34,'V'),(985,24,36,'V'),(986,23,36,'V'),(987,24,37,'V'),(988,23,37,'V'),(989,24,38,'V'),(990,23,38,'V'),(991,24,3,'V'),(992,23,3,'V'),(993,24,39,'V'),(994,23,39,'V'),(995,24,40,'V'),(996,23,40,'V'),(997,24,41,'V'),(998,23,41,'V'),(999,24,42,'V'),(1000,23,42,'V'),(1001,24,43,'V'),(1002,23,43,'V'),(1003,24,44,'V'),(1004,23,44,'V'),(1005,24,45,'V'),(1006,23,45,'V'),(1007,24,30,'V'),(1008,23,30,'V'),(1009,24,46,'V'),(1010,23,46,'V'),(1011,24,47,'V'),(1012,23,47,'V'),(1013,24,48,'V'),(1014,23,48,'V'),(1015,24,17,'V'),(1016,23,17,'V'),(1017,24,50,'V'),(1018,23,50,'V'),(1019,24,51,'V'),(1020,23,51,'V'),(1021,24,52,'V'),(1022,23,52,'V'),(1023,24,53,'V'),(1024,23,53,'V'),(1025,24,55,'V'),(1026,23,55,'V'),(1027,24,57,'V'),(1028,23,57,'V'),(1029,24,58,'V'),(1030,23,58,'V'),(1031,24,32,'V'),(1032,23,32,'V'),(1033,22,5,'P'),(1034,21,5,'P'),(1035,22,79,'P'),(1036,21,79,'P'),(1037,22,86,'P'),(1038,21,86,'P'),(1039,22,8,'P'),(1040,21,8,'P'),(1041,22,92,'P'),(1042,21,92,'P'),(1043,22,6,'PV'),(1044,21,6,'PV'),(1045,22,13,'PV'),(1046,21,13,'PV'),(1047,22,64,'PV'),(1048,21,64,'PV'),(1049,22,19,'PV'),(1050,21,19,'PV'),(1051,22,20,'PV'),(1052,21,20,'PV'),(1053,22,21,'PV'),(1054,21,21,'PV'),(1055,22,22,'PV'),(1056,21,22,'PV'),(1057,22,23,'PV'),(1058,21,23,'PV'),(1059,22,24,'PV'),(1060,21,24,'PV'),(1061,22,25,'PV'),(1062,21,25,'PV'),(1063,22,26,'PV'),(1064,21,26,'PV'),(1065,22,27,'PV'),(1066,21,27,'PV'),(1067,22,28,'PV'),(1068,21,28,'PV'),(1069,22,66,'PV'),(1070,21,66,'PV'),(1071,22,88,'PV'),(1072,21,88,'PV'),(1073,22,85,'PV'),(1074,21,85,'PV'),(1075,22,61,'PV'),(1076,21,61,'PV'),(1077,22,68,'PV'),(1078,21,68,'PV'),(1079,22,71,'PV'),(1080,21,71,'PV'),(1081,22,69,'V'),(1082,21,69,'V'),(1083,22,70,'V'),(1084,21,70,'V'),(1085,22,60,'V'),(1086,21,60,'V'),(1087,22,72,'V'),(1088,21,72,'V'),(1089,22,73,'V'),(1090,21,73,'V'),(1091,22,74,'V'),(1092,21,74,'V'),(1093,22,75,'V'),(1094,21,75,'V'),(1095,22,76,'V'),(1096,21,76,'V'),(1097,22,77,'V'),(1098,21,77,'V'),(1099,22,78,'V'),(1100,21,78,'V'),(1101,22,80,'V'),(1102,21,80,'V'),(1103,22,81,'V'),(1104,21,81,'V'),(1105,22,82,'V'),(1106,21,82,'V'),(1107,22,83,'V'),(1108,21,83,'V'),(1109,22,84,'V'),(1110,21,84,'V'),(1111,22,63,'V'),(1112,21,63,'V'),(1113,22,14,'V'),(1114,21,14,'V'),(1115,22,7,'V'),(1116,21,7,'V'),(1117,22,59,'V'),(1118,21,59,'V'),(1119,22,87,'V'),(1120,21,87,'V'),(1121,22,67,'V'),(1122,21,67,'V'),(1123,22,62,'V'),(1124,21,62,'V'),(1125,22,89,'V'),(1126,21,89,'V'),(1127,22,90,'V'),(1128,21,90,'V'),(1129,22,91,'V'),(1130,21,91,'V'),(1131,22,93,'V'),(1132,21,93,'V'),(1133,22,65,'V'),(1134,21,65,'V'),(1135,22,94,'V'),(1136,21,94,'V'),(1137,22,58,'V'),(1138,21,58,'V'),(1139,22,95,'V'),(1140,21,95,'V'),(1141,27,3,'P'),(1142,27,1,'P'),(1143,27,42,'P'),(1144,27,45,'P'),(1145,27,2,'P'),(1146,27,4,'V'),(1147,27,55,'V'),(1148,25,76,'P'),(1149,25,83,'P'),(1150,25,7,'P'),(1151,25,94,'P'),(1152,25,95,'P'),(1153,25,9,'V'),(1154,28,38,'P'),(1155,28,11,'P'),(1156,28,18,'V'),(1157,28,32,'V'),(1158,26,12,'P'),(1159,26,13,'V'),(1160,26,86,'V'),(1161,26,59,'V'),(1162,26,67,'V'),(1163,28,36,'PV'),(1164,27,36,'PV'),(1165,28,41,'PV'),(1166,27,41,'PV'),(1167,28,37,'PV'),(1168,27,37,'PV'),(1169,28,44,'PV'),(1170,27,44,'PV'),(1171,28,46,'PV'),(1172,27,46,'PV'),(1173,28,64,'PV'),(1174,27,64,'PV'),(1175,28,19,'PV'),(1176,27,19,'PV'),(1177,28,20,'PV'),(1178,27,20,'PV'),(1179,28,21,'PV'),(1180,27,21,'PV'),(1181,28,22,'PV'),(1182,27,22,'PV'),(1183,28,23,'PV'),(1184,27,23,'PV'),(1185,28,24,'PV'),(1186,27,24,'PV'),(1187,28,25,'PV'),(1188,27,25,'PV'),(1189,28,26,'PV'),(1190,27,26,'PV'),(1191,28,27,'PV'),(1192,27,27,'PV'),(1193,28,28,'PV'),(1194,27,28,'PV'),(1195,28,43,'PV'),(1196,27,43,'PV'),(1197,28,50,'PV'),(1198,27,50,'PV'),(1199,28,31,'V'),(1200,27,31,'V'),(1201,28,10,'V'),(1202,27,10,'V'),(1203,28,15,'V'),(1204,27,15,'V'),(1205,28,29,'V'),(1206,27,29,'V'),(1207,28,33,'V'),(1208,27,33,'V'),(1209,28,16,'V'),(1210,27,16,'V'),(1211,28,35,'V'),(1212,27,35,'V'),(1213,28,39,'V'),(1214,27,39,'V'),(1215,28,40,'V'),(1216,27,40,'V'),(1217,28,30,'V'),(1218,27,30,'V'),(1219,28,47,'V'),(1220,27,47,'V'),(1221,28,48,'V'),(1222,27,48,'V'),(1223,28,17,'V'),(1224,27,17,'V'),(1225,28,49,'V'),(1226,27,49,'V'),(1227,28,51,'V'),(1228,27,51,'V'),(1229,28,53,'V'),(1230,27,53,'V'),(1231,28,54,'V'),(1232,27,54,'V'),(1233,28,56,'V'),(1234,27,56,'V'),(1235,28,57,'V'),(1236,27,57,'V'),(1237,28,58,'V'),(1238,27,58,'V'),(1239,26,69,'PV'),(1240,25,69,'PV'),(1241,26,6,'PV'),(1242,25,6,'PV'),(1243,26,64,'PV'),(1244,25,64,'PV'),(1245,26,19,'PV'),(1246,25,19,'PV'),(1247,26,20,'PV'),(1248,25,20,'PV'),(1249,26,21,'PV'),(1250,25,21,'PV'),(1251,26,22,'PV'),(1252,25,22,'PV'),(1253,26,23,'PV'),(1254,25,23,'PV'),(1255,26,24,'PV'),(1256,25,24,'PV'),(1257,26,25,'PV'),(1258,25,25,'PV'),(1259,26,26,'PV'),(1260,25,26,'PV'),(1261,26,27,'PV'),(1262,25,27,'PV'),(1263,26,28,'PV'),(1264,25,28,'PV'),(1265,26,5,'PV'),(1266,25,5,'PV'),(1267,26,77,'PV'),(1268,25,77,'PV'),(1269,26,65,'PV'),(1270,25,65,'PV'),(1271,26,8,'PV'),(1272,25,8,'PV'),(1273,26,61,'PV'),(1274,25,61,'PV'),(1275,26,92,'PV'),(1276,25,92,'PV'),(1277,26,68,'V'),(1278,25,68,'V'),(1279,26,70,'V'),(1280,25,70,'V'),(1281,26,71,'V'),(1282,25,71,'V'),(1283,26,60,'V'),(1284,25,60,'V'),(1285,26,72,'V'),(1286,25,72,'V'),(1287,26,73,'V'),(1288,25,73,'V'),(1289,26,66,'V'),(1290,25,66,'V'),(1291,26,74,'V'),(1292,25,74,'V'),(1293,26,75,'V'),(1294,25,75,'V'),(1295,26,78,'V'),(1296,25,78,'V'),(1297,26,79,'V'),(1298,25,79,'V'),(1299,26,80,'V'),(1300,25,80,'V'),(1301,26,82,'V'),(1302,25,82,'V'),(1303,26,84,'V'),(1304,25,84,'V'),(1305,26,63,'V'),(1306,25,63,'V'),(1307,26,14,'V'),(1308,25,14,'V'),(1309,26,87,'V'),(1310,25,87,'V'),(1311,26,88,'V'),(1312,25,88,'V'),(1313,26,62,'V'),(1314,25,62,'V'),(1315,26,90,'V'),(1316,25,90,'V'),(1317,26,91,'V'),(1318,25,91,'V'),(1319,26,93,'V'),(1320,25,93,'V'),(1321,26,58,'V'),(1322,25,58,'V'),(1323,31,1,'P'),(1324,31,2,'P'),(1325,31,4,'V'),(1326,29,5,'P'),(1327,29,80,'P'),(1328,29,82,'P'),(1329,29,8,'P'),(1330,29,94,'P'),(1331,29,9,'V'),(1332,32,34,'P'),(1333,32,11,'P'),(1334,32,52,'P'),(1335,30,12,'P'),(1336,30,81,'P'),(1337,30,89,'P'),(1338,32,97,'PV'),(1339,31,97,'PV'),(1340,32,64,'PV'),(1341,31,64,'PV'),(1342,32,19,'PV'),(1343,31,19,'PV'),(1344,32,20,'PV'),(1345,31,20,'PV'),(1346,32,21,'PV'),(1347,31,21,'PV'),(1348,32,22,'PV'),(1349,31,22,'PV'),(1350,32,23,'PV'),(1351,31,23,'PV'),(1352,32,24,'PV'),(1353,31,24,'PV'),(1354,32,25,'PV'),(1355,31,25,'PV'),(1356,32,26,'PV'),(1357,31,26,'PV'),(1358,32,27,'PV'),(1359,31,27,'PV'),(1360,32,28,'PV'),(1361,31,28,'PV'),(1362,32,31,'PV'),(1363,31,31,'PV'),(1364,32,98,'PV'),(1365,31,98,'PV'),(1366,32,99,'PV'),(1367,31,99,'PV'),(1368,32,42,'PV'),(1369,31,42,'PV'),(1370,32,48,'PV'),(1371,31,48,'PV'),(1372,32,10,'V'),(1373,31,10,'V'),(1374,32,15,'V'),(1375,31,15,'V'),(1376,32,29,'V'),(1377,31,29,'V'),(1378,32,100,'V'),(1379,31,100,'V'),(1380,32,16,'V'),(1381,31,16,'V'),(1382,32,35,'V'),(1383,31,35,'V'),(1384,32,37,'V'),(1385,31,37,'V'),(1386,32,38,'V'),(1387,31,38,'V'),(1388,32,39,'V'),(1389,31,39,'V'),(1390,32,101,'V'),(1391,31,101,'V'),(1392,32,43,'V'),(1393,31,43,'V'),(1394,32,45,'V'),(1395,31,45,'V'),(1396,32,102,'V'),(1397,31,102,'V'),(1398,32,47,'V'),(1399,31,47,'V'),(1400,32,49,'V'),(1401,31,49,'V'),(1402,32,50,'V'),(1403,31,50,'V'),(1404,32,51,'V'),(1405,31,51,'V'),(1406,32,53,'V'),(1407,31,53,'V'),(1408,32,54,'V'),(1409,31,54,'V'),(1410,32,55,'V'),(1411,31,55,'V'),(1412,32,56,'V'),(1413,31,56,'V'),(1414,32,58,'V'),(1415,31,58,'V'),(1416,32,32,'V'),(1417,31,32,'V'),(1418,30,103,'PV'),(1419,29,103,'PV'),(1420,30,64,'PV'),(1421,29,64,'PV'),(1422,30,19,'PV'),(1423,29,19,'PV'),(1424,30,20,'PV'),(1425,29,20,'PV'),(1426,30,21,'PV'),(1427,29,21,'PV'),(1428,30,22,'PV'),(1429,29,22,'PV'),(1430,30,23,'PV'),(1431,29,23,'PV'),(1432,30,24,'PV'),(1433,29,24,'PV'),(1434,30,25,'PV'),(1435,29,25,'PV'),(1436,30,26,'PV'),(1437,29,26,'PV'),(1438,30,27,'PV'),(1439,29,27,'PV'),(1440,30,28,'PV'),(1441,29,28,'PV'),(1442,30,13,'PV'),(1443,29,13,'PV'),(1444,30,61,'PV'),(1445,29,61,'PV'),(1446,30,104,'PV'),(1447,29,104,'PV'),(1448,30,67,'PV'),(1449,29,67,'PV'),(1450,30,65,'PV'),(1451,29,65,'PV'),(1452,30,68,'V'),(1453,29,68,'V'),(1454,30,74,'V'),(1455,29,74,'V'),(1456,30,75,'V'),(1457,29,75,'V'),(1458,30,77,'V'),(1459,29,77,'V'),(1460,30,6,'V'),(1461,29,6,'V'),(1462,30,79,'V'),(1463,29,79,'V'),(1464,30,105,'V'),(1465,29,105,'V'),(1466,30,83,'V'),(1467,29,83,'V'),(1468,30,14,'V'),(1469,29,14,'V'),(1470,30,85,'V'),(1471,29,85,'V'),(1472,30,7,'V'),(1473,29,7,'V'),(1474,30,59,'V'),(1475,29,59,'V'),(1476,30,87,'V'),(1477,29,87,'V'),(1478,30,106,'V'),(1479,29,106,'V'),(1480,30,62,'V'),(1481,29,62,'V'),(1482,30,91,'V'),(1483,29,91,'V'),(1484,30,92,'V'),(1485,29,92,'V'),(1486,30,93,'V'),(1487,29,93,'V'),(1488,30,58,'V'),(1489,29,58,'V'),(1490,35,10,'P'),(1491,35,1,'P'),(1492,35,107,'P'),(1493,35,42,'P'),(1494,35,2,'P'),(1495,35,4,'V'),(1496,33,70,'P'),(1497,33,71,'P'),(1498,33,8,'P'),(1499,33,9,'V'),(1500,36,11,'P'),(1501,36,49,'P'),(1502,36,54,'P'),(1503,36,32,'P'),(1504,34,12,'P'),(1505,36,3,'PV'),(1506,35,3,'PV'),(1507,36,41,'PV'),(1508,35,41,'PV'),(1509,36,64,'PV'),(1510,35,64,'PV'),(1511,36,19,'PV'),(1512,35,19,'PV'),(1513,36,20,'PV'),(1514,35,20,'PV'),(1515,36,21,'PV'),(1516,35,21,'PV'),(1517,36,22,'PV'),(1518,35,22,'PV'),(1519,36,23,'PV'),(1520,35,23,'PV'),(1521,36,24,'PV'),(1522,35,24,'PV'),(1523,36,25,'PV'),(1524,35,25,'PV'),(1525,36,26,'PV'),(1526,35,26,'PV'),(1527,36,27,'PV'),(1528,35,27,'PV'),(1529,36,28,'PV'),(1530,35,28,'PV'),(1531,36,50,'PV'),(1532,35,50,'PV'),(1533,36,15,'PV'),(1534,35,15,'PV'),(1535,36,57,'PV'),(1536,35,57,'PV'),(1537,36,18,'V'),(1538,35,18,'V'),(1539,36,31,'V'),(1540,35,31,'V'),(1541,36,29,'V'),(1542,35,29,'V'),(1543,36,33,'V'),(1544,35,33,'V'),(1545,36,34,'V'),(1546,35,34,'V'),(1547,36,16,'V'),(1548,35,16,'V'),(1549,36,35,'V'),(1550,35,35,'V'),(1551,36,36,'V'),(1552,35,36,'V'),(1553,36,37,'V'),(1554,35,37,'V'),(1555,36,38,'V'),(1556,35,38,'V'),(1557,36,39,'V'),(1558,35,39,'V'),(1559,36,40,'V'),(1560,35,40,'V'),(1561,36,43,'V'),(1562,35,43,'V'),(1563,36,44,'V'),(1564,35,44,'V'),(1565,36,45,'V'),(1566,35,45,'V'),(1567,36,30,'V'),(1568,35,30,'V'),(1569,36,46,'V'),(1570,35,46,'V'),(1571,36,47,'V'),(1572,35,47,'V'),(1573,36,48,'V'),(1574,35,48,'V'),(1575,36,17,'V'),(1576,35,17,'V'),(1577,36,51,'V'),(1578,35,51,'V'),(1579,36,52,'V'),(1580,35,52,'V'),(1581,36,53,'V'),(1582,35,53,'V'),(1583,36,55,'V'),(1584,35,55,'V'),(1585,36,56,'V'),(1586,35,56,'V'),(1587,36,58,'V'),(1588,35,58,'V'),(1589,34,69,'PV'),(1590,33,69,'PV'),(1591,34,63,'PV'),(1592,33,63,'PV'),(1593,34,7,'PV'),(1594,33,7,'PV'),(1595,34,64,'PV'),(1596,33,64,'PV'),(1597,34,19,'PV'),(1598,33,19,'PV'),(1599,34,20,'PV'),(1600,33,20,'PV'),(1601,34,21,'PV'),(1602,33,21,'PV'),(1603,34,22,'PV'),(1604,33,22,'PV'),(1605,34,23,'PV'),(1606,33,23,'PV'),(1607,34,24,'PV'),(1608,33,24,'PV'),(1609,34,25,'PV'),(1610,33,25,'PV'),(1611,34,26,'PV'),(1612,33,26,'PV'),(1613,34,27,'PV'),(1614,33,27,'PV'),(1615,34,28,'PV'),(1616,33,28,'PV'),(1617,34,68,'PV'),(1618,33,68,'PV'),(1619,34,74,'PV'),(1620,33,74,'PV'),(1621,34,61,'PV'),(1622,33,61,'PV'),(1623,34,13,'PV'),(1624,33,13,'PV'),(1625,34,14,'PV'),(1626,33,14,'PV'),(1627,34,67,'PV'),(1628,33,67,'PV'),(1629,34,6,'PV'),(1630,33,6,'PV'),(1631,34,95,'PV'),(1632,33,95,'PV'),(1633,34,60,'V'),(1634,33,60,'V'),(1635,34,72,'V'),(1636,33,72,'V'),(1637,34,73,'V'),(1638,33,73,'V'),(1639,34,66,'V'),(1640,33,66,'V'),(1641,34,5,'V'),(1642,33,5,'V'),(1643,34,75,'V'),(1644,33,75,'V'),(1645,34,76,'V'),(1646,33,76,'V'),(1647,34,77,'V'),(1648,33,77,'V'),(1649,34,78,'V'),(1650,33,78,'V'),(1651,34,79,'V'),(1652,33,79,'V'),(1653,34,80,'V'),(1654,33,80,'V'),(1655,34,81,'V'),(1656,33,81,'V'),(1657,34,82,'V'),(1658,33,82,'V'),(1659,34,83,'V'),(1660,33,83,'V'),(1661,34,84,'V'),(1662,33,84,'V'),(1663,34,85,'V'),(1664,33,85,'V'),(1665,34,86,'V'),(1666,33,86,'V'),(1667,34,59,'V'),(1668,33,59,'V'),(1669,34,87,'V'),(1670,33,87,'V'),(1671,34,88,'V'),(1672,33,88,'V'),(1673,34,62,'V'),(1674,33,62,'V'),(1675,34,89,'V'),(1676,33,89,'V'),(1677,34,108,'V'),(1678,33,108,'V'),(1679,34,90,'V'),(1680,33,90,'V'),(1681,34,91,'V'),(1682,33,91,'V'),(1683,34,92,'V'),(1684,33,92,'V'),(1685,34,93,'V'),(1686,33,93,'V'),(1687,34,65,'V'),(1688,33,65,'V'),(1689,34,94,'V'),(1690,33,94,'V'),(1691,34,58,'V'),(1692,33,58,'V'),(1693,39,109,'P'),(1694,39,110,'P'),(1695,39,111,'P'),(1696,39,112,'P'),(1697,39,21,'V'),(1698,39,22,'V'),(1699,39,23,'V'),(1700,39,24,'V'),(1701,39,25,'V'),(1702,39,26,'V'),(1703,39,113,'V'),(1704,39,114,'V'),(1705,39,115,'V'),(1706,39,116,'V'),(1707,39,117,'V'),(1708,39,118,'V'),(1709,39,119,'V'),(1710,39,27,'V'),(1711,39,28,'V'),(1712,37,120,'P'),(1713,37,121,'P'),(1714,37,122,'P'),(1715,37,123,'P'),(1716,37,124,'PV'),(1717,37,125,'PV'),(1718,37,126,'PV'),(1719,37,127,'PV'),(1720,37,128,'PV'),(1721,37,129,'PV'),(1722,37,20,'V'),(1723,37,22,'V'),(1724,37,23,'V'),(1725,37,24,'V'),(1726,37,25,'V'),(1727,37,26,'V'),(1728,37,130,'V'),(1729,37,131,'V'),(1730,37,132,'V'),(1731,37,133,'V'),(1732,37,134,'V'),(1733,37,135,'V'),(1734,37,136,'V'),(1735,37,137,'V'),(1736,37,138,'V'),(1737,37,28,'V'),(1738,40,139,'P'),(1739,40,140,'P'),(1740,40,141,'P'),(1741,40,142,'P'),(1742,40,143,'P'),(1743,40,124,'PV'),(1744,40,125,'PV'),(1745,40,126,'PV'),(1746,40,127,'PV'),(1747,40,128,'PV'),(1748,40,64,'V'),(1749,40,19,'V'),(1750,40,20,'V'),(1751,40,144,'V'),(1752,40,145,'V'),(1753,40,146,'V'),(1754,40,147,'V'),(1755,40,148,'V'),(1756,40,149,'V'),(1757,40,150,'V'),(1758,40,151,'V'),(1759,40,152,'V'),(1760,40,153,'V'),(1761,40,154,'V'),(1762,40,155,'V'),(1763,40,156,'V'),(1764,40,157,'V'),(1765,40,158,'V'),(1766,40,159,'V'),(1767,40,160,'V'),(1768,40,161,'V'),(1769,40,58,'V'),(1770,38,162,'P'),(1771,38,163,'P'),(1772,38,164,'P'),(1773,38,165,'P'),(1774,38,166,'P'),(1775,38,167,'PV'),(1776,38,168,'PV'),(1777,38,129,'PV'),(1778,38,64,'V'),(1779,38,169,'V'),(1780,38,170,'V'),(1781,38,171,'V'),(1782,38,19,'V'),(1783,38,21,'V'),(1784,38,172,'V'),(1785,38,173,'V'),(1786,38,174,'V'),(1787,38,175,'V'),(1788,38,176,'V'),(1789,38,177,'V'),(1790,38,178,'V'),(1791,38,179,'V'),(1792,38,180,'V'),(1793,38,181,'V'),(1794,38,151,'V'),(1795,38,152,'V'),(1796,38,153,'V'),(1797,38,182,'V'),(1798,38,183,'V'),(1799,38,157,'V'),(1800,38,184,'V'),(1801,38,185,'V'),(1802,38,27,'V'),(1803,38,158,'V'),(1804,38,186,'V'),(1805,38,58,'V'),(1806,42,187,'P'),(1807,42,188,'P'),(1808,42,189,'P'),(1809,42,190,'P'),(1810,42,191,'P'),(1811,42,192,'P'),(1812,42,193,'V'),(1813,42,194,'V'),(1814,42,195,'V'),(1815,42,196,'V'),(1816,41,197,'P'),(1817,41,198,'V'),(1818,41,199,'V'),(1819,41,200,'V');
/*!40000 ALTER TABLE `povinnostVOboru` ENABLE KEYS */;
UNLOCK TABLES;

--
-- Table structure for table `pozadavkyNaRozvrh`
--

DROP TABLE IF EXISTS `pozadavkyNaRozvrh`;
/*!40101 SET @saved_cs_client     = @@character_set_client */;
/*!40101 SET character_set_client = utf8 */;
CREATE TABLE `pozadavkyNaRozvrh` (
  `id` int(11) NOT NULL,
  `id_predmetu` int(11) DEFAULT NULL,
  `id_vyucujiciho` int(11) DEFAULT NULL,
  `typ` varchar(100) DEFAULT NULL,
  `skupin` varchar(100) DEFAULT NULL,
  `kapacita` int(11) DEFAULT NULL,
  `hodin` int(11) DEFAULT NULL,
  `tyden` varchar(100) DEFAULT NULL,
  `mistnosti` varchar(100) DEFAULT NULL,
  `poznamka` text,
  PRIMARY KEY (`id`),
  UNIQUE KEY `id_UNIQUE` (`id`),
  KEY `fk_pozadavkyNaRozvrh_predmety1_idx` (`id_predmetu`),
  KEY `fk_pozadavkyNaRozvrh_ucitele1_idx` (`id_vyucujiciho`),
  CONSTRAINT `fk_pozadavkyNaRozvrh_predmety1` FOREIGN KEY (`id_predmetu`) REFERENCES `predmety` (`id`) ON DELETE NO ACTION ON UPDATE NO ACTION,
  CONSTRAINT `fk_pozadavkyNaRozvrh_ucitele1` FOREIGN KEY (`id_vyucujiciho`) REFERENCES `ucitele` (`id`) ON DELETE NO ACTION ON UPDATE NO ACTION
) ENGINE=InnoDB DEFAULT CHARSET=utf8;
/*!40101 SET character_set_client = @saved_cs_client */;

--
-- Dumping data for table `pozadavkyNaRozvrh`
--

LOCK TABLES `pozadavkyNaRozvrh` WRITE;
/*!40000 ALTER TABLE `pozadavkyNaRozvrh` DISABLE KEYS */;
INSERT INTO `pozadavkyNaRozvrh` VALUES (1,18,64,'přednáška','1',35,3,'každý','',''),(2,31,76,'přednáška','1',100,3,'každý','D0206, E112','Ideálně jako vloni, tj. čtvrtek odpoledne (13-16)'),(3,10,NULL,'přednáška','1',154,3,'každý','','Ideální jsou úterky. Pokud bych si mohl vymýšlet, tak nejlepší je dát ráno v úterý jeden předmět a po obědě druhý.'),(4,15,26,'přednáška','1',200,3,'každý','','Potřeboval bych mít BMS a BIS ve středu, tak od 9 do 17, v libovolném pořadí'),(5,29,26,'přednáška','1',150,3,'každý','','Potřeboval bych mít BMS a BIS ve středu, tak od 9 do 17, v libovolném pořadí'),(6,34,79,'přednáška','1',50,2,'každý','',''),(7,16,12,'přednáška','1',20,3,'každý','A112/113','Prosím ne ve stejný den jako STI.'),(8,21,69,'přednáška','1',80,2,'každý','G202','Blok společně s PRM a RET'),(9,36,17,'přednáška','1',80,2,'každý','G202, E105',''),(10,37,87,'přednáška','1',40,2,'každý','',''),(11,38,83,'přednáška','1',80,2,'každý','',''),(12,3,8,'přednáška','1',200,3,'každý','',''),(13,139,78,'přednáška','2',300,3,'každý','','Potřebovala bych, aby druhé přednášky během týdne z IFJ a IAL, byly ve stejný den za sebou.'),(14,109,187,'přednáška','1',350,4,'každý','D105+D0207',''),(15,109,188,'přednáška','1',350,4,'každý','T12',''),(16,110,165,'přednáška','2',350,3,'každý','','Pokud možno jako minulý rok (2 hod. + 1 hod. před cvičením)'),(17,110,165,'cvičení','2',350,1,'každý','','Pokud možno jako minulý rok'),(18,140,78,'přednáška','2',300,3,'každý','','Potřebovala bych, aby druhé přednášky během týdne z IFJ a IAL, byly ve stejný den za sebou.'),(19,187,35,'přednáška','1',400,2,'každý','',''),(20,144,246,'poč.lab.','1',20,2,'každý','Je zapotřebí laboratoř, kde je 20 míst, projektor a možnost, aby studenti použili vlastní notebooky.','Za Marka Gráce vložil Tomáš Vojnar.'),(21,188,68,'přednáška','1',400,3,'každý','','Nedávat do kolize s INP'),(22,189,127,'přednáška','1',450,3,'každý','',''),(23,146,75,'přednáška','1',60,2,'každý','','bez kolize AIS, PDI a SRI'),(24,141,220,'přednáška','2',300,2,'každý','T10/T12',''),(25,142,34,'přednáška','2',300,3,'každý','',''),(26,149,201,'cvičení','1',150,2,'každý','','nesmí být v kolizi s přednáškami a cvičeními IZP (Smrčka), s přednáškami SMT (Rogalewicz) a s přednáškami IMS (Peringer).'),(27,193,141,'přednáška','1',430,3,'každý','D105, D0207','Dát do bloku za IMS (ideálně IPZ od 11:00, v horším případě od 10:00).'),(28,117,79,'přednáška','1',160,2,'každý','',''),(29,143,32,'přednáška','2',300,3,'každý','',''),(30,143,32,'cvičení','1',20,2,'lichý','','Numerická cvičení - počet skupin odhadnout'),(31,192,100,'poč.lab.','1',410,2,'každý','O203 a O204 - obě místnosti - učíme propojeně',''),(32,111,196,'přednáška','1',350,3,'každý','',''),(33,111,197,'přednáška','1',350,3,'každý','D105 + D0207','Prosím, neplánovat těsně po jiné přednášce 1BIT (ani před) - studenti se ještě nevydrží tak dlouho soustředit. Také prosím naplánovat na jiný den, než bude mít přednášku Radek - při vzájemném záskoku je 6 hodin přednášek těžko zvládnutelných. Děkuji.'),(34,112,154,'přednáška','1',360,3,'každý','D105+D020x','Přednášky (1BIA, 1BIB), pokud možno plánovat na začátku týdne dva dny za sebou.'),(35,112,201,'přednáška','1',360,3,'každý','D105+D020x','Přednášky (1BIA, 1BIB), pokud možno plánovat dva dny za sebou.'),(36,112,201,'cvičení','1',360,1,'každý','D105+D020x','Demonstrační cvičení v týdnu navázat hned na 1 hodinovou přednášku dané skupiny.'),(37,112,201,'cvičení','1',360,1,'každý','D105+D020x','Demonstrační cvičení v týdnu navázat hned na 1 hodinovou přednášku dané skupiny.'),(38,195,257,'přednáška','1',60,2,'každý','G202 popř. E104, E105',''),(39,1,1,'přednáška','1',450,4,'každý','','2x 2 hod. přednášky s cvičením týdně, min. ob 1 den (nejlépe Po+Čt, případně Út+Čt)'),(40,NULL,102,'přednáška','1',40,3,'každý','',''),(41,41,8,'přednáška','1',64,2,'každý','',''),(42,42,13,'přednáška','1',190,2,'každý','',''),(43,42,75,'poč.lab.','1',40,8,'každý','N103+N104, N104+N105, N203+N204, N204+N205 (vždy spojené s odstraněnou stěnou)',''),(44,NULL,102,'přednáška','1',40,2,'každý','',''),(45,44,102,'přednáška','1',64,2,'každý','','Martin Čadík: pokud bych si mohl vybrat, tak ani PGP ani POV bych nechtěl mít v pátek nebo v pondělí'),(46,45,83,'přednáška','1',154,3,'každý','',''),(47,30,73,'přednáška','1',90,3,'každý','',''),(48,46,102,'přednáška','1',80,2,'každý','','Martin Čadík: pokud bych si mohl vybrat, tak ani PGP ani POV bych nechtěl mít v pátek nebo v pondělí'),(49,27,69,'přednáška','1',80,2,'každý','G202','Blok společně s FIT a RET'),(50,28,69,'přednáška','1',80,2,'každý','G202','Blok společně s FIT a PRM'),(51,47,113,'přednáška','1',50,2,'každý','E104, E105',''),(52,48,115,'přednáška','1',32,2,'každý','A112/3, E104/5','rozvrhovat pro předn. sk. 1/2MIT; prosím o bezkoliznost s rozvrhem IMP v 3BIT'),(53,17,NULL,'přednáška','1',80,2,'každý','','Ideální jsou úterky. Pokud bych si mohl vymýšlet, tak nejlepší je dát ráno v úterý jeden předmět a po obědě druhý.'),(54,49,116,'přednáška','1',100,2,'každý','',''),(55,50,33,'přednáška','1',120,2,'každý','','Uvítám stejné zařazení jako v minulých letech, tj. přednáška a hned poté democvičení. Ideálně v podvečer, na konci výukového dne, po/ut.'),(56,51,NULL,'cvičení','1',300,3,'každý','D105','Synchronizace s TIN/MAT/STI - prosim naplanovat na jiny den nez tyto predmety. Nejlépe až po MAT.'),(57,52,79,'přednáška','1',50,2,'každý','',''),(58,4,12,'cvičení','1',300,3,'každý','D105','Prosím v týdnu až po konání TIN, prosím ne ve stejný den jako FAV.'),(59,53,83,'přednáška','1',90,2,'každý','','Po přednášce v posluchárně 1 volnou hodinu pro případné přetažení'),(60,2,3,'přednáška','1',550,3,'každý','',''),(61,55,122,'přednáška','1',150,2,'každý','menší, s ohledem na počet přihlášených studentů',''),(62,32,78,'přednáška','1',154,3,'každý','',''),(63,32,76,'přednáška','1',100,3,'každý','','ideálně jako vloni, tj. Po 10-13'),(64,68,27,'přednáška','1',90,2,'každý','',''),(65,69,64,'přednáška','1',60,3,'každý','',''),(66,70,11,'přednáška','1',60,2,'každý','',''),(67,70,11,'přednáška','1',60,2,'každý','',''),(68,71,34,'přednáška','1',70,2,'každý','E104, E105',''),(69,74,31,'přednáška','1',40,2,'každý','E104, G202','vždy až po 10té hodině. Ne v době plánované přednášky BIN prof. L. Sekaniny'),(70,74,NULL,'přednáška','1',40,2,'každý','E104, G202',''),(71,20,69,'přednáška','1',80,2,'každý','G202','Blok společně s PRM a RET'),(72,5,13,'přednáška','1',300,2,'každý','','Učím zároveň IPP, takže je nutné dát jiný termín'),(73,75,99,'přednáška','1',64,2,'každý','',''),(74,78,NULL,'přednáška','1',90,2,'každý','',''),(75,174,205,'přednáška','1',50,2,'každý','','Prosím nikoliv ranní termíny (do 9:30h)'),(76,167,127,'přednáška','1',300,2,'každý','',''),(77,162,76,'přednáška','2',250,3,'každý','','Dny mohou být jako vloni, tj. pondělí a čtvrtek, ale aby končila alespoň jedna skupina nejpozději v 17:00 (dr.Bartík) a druhá nejpozději v 18:00 hod. (toto omezení platí i pro ostatní dny)'),(78,168,196,'přednáška','1',300,2,'každý','','Nejdříve v 9:00 (rozvoz dětí), nejlépe dopoledne.'),(79,133,127,'přednáška','1',300,3,'každý','',''),(80,175,262,'přednáška','1',65,3,'každý','','pokud mozno ne zadny den dopoledne'),(81,121,187,'přednáška','1',300,2,'každý','D105, T10/1.36','Jako minulý rok (obě skupiny ve stejný čas)'),(82,198,257,'přednáška','1',60,2,'každý','G202',''),(83,122,11,'přednáška','2',300,4,'každý','','3 hod. přednášky a 1 hod. cvičení'),(84,123,12,'přednáška','2',300,3,'každý','D105, D0206, D0207','Prosím o výuku obou skupin v jednom dni: před a po obědě.'),(85,163,20,'přednáška','2',300,3,'každý','','Přednášky budou možná zkráceny na 2 hod.'),(86,164,13,'přednáška','2',300,3,'každý','','Učím také FLP, takže v jiné termíny.'),(87,135,124,'přednáška','1',300,2,'každý','',''),(88,120,112,'přednáška','2',300,3,'každý','',''),(89,179,141,'přednáška','1',80,2,'každý','',''),(90,180,201,'přednáška','1',80,2,'každý','','Nepřekrývat s přednáškou IOS (Operační systémy), učím i tam.'),(91,137,197,'přednáška','1',300,2,'lichý','D105 (+ D0207)','Ta D0207 není nezbytně nutná, ale umožnila by navýšení kapacity předmětu v případě potřeby.'),(92,138,NULL,'přednáška','1',400,2,'každý','',''),(93,165,106,'přednáška','2',300,3,'každý','','nejlépe opět obě přednášky v jeden den, tedy dopoledne 1 skupina a odpoledne 2 skupina'),(94,166,116,'přednáška','2',250,2,'každý','',''),(95,169,257,'přednáška','1',72,2,'každý','','musí být v jiném termínu než přednáška z IMU'),(96,82,154,'přednáška','1',150,2,'každý','E112','Na přednášku navázat 1 hod. demonstrační cvičení. Jiný den než PMA.'),(97,82,155,'cvičení','1',150,1,'každý','E112','Demonstrační cvičení - navázat na přednášku MPR'),(98,83,102,'přednáška','1',90,2,'každý','',''),(99,7,21,'přednáška','1',300,4,'každý','','3 hod. přednášky, pak 1 hod. cvičení'),(100,59,35,'přednáška','1',70,3,'každý','',''),(101,87,154,'přednáška','1',40,2,'každý','A112','Na přednášku bezprostředně navázat 2 hodiny cvičení. Jiný den než MPR.'),(102,87,154,'cvičení','2',20,2,'každý','A112','Jedno cvičení navázat bezprostředně na přednášku, druhé cvičení ten stejný den v pozdnějších hodinách (například 17:00 - 18:50).'),(103,87,68,'přednáška','1',40,2,'každý','A112','Na přednášku bezprostředně navázat 2 hodiny cvičení'),(104,87,68,'cvičení','2',20,2,'každý','A112','Jedno cvičení navázat bezprostředně na přednášku, druhé cvičení ten stejný den v pozdnějších hodinách (například 17:00 - 18:50).'),(105,87,155,'přednáška','1',40,2,'každý','A112','Na přednášku bezprostředně navázat 2 hodiny cvičení'),(106,87,155,'cvičení','2',20,2,'každý','A112','Jedno cvičení navázat bezprostředně na přednášku, druhé cvičení ten stejný den v pozdnějších hodinách (například 17:00 - 18:50).'),(107,67,87,'přednáška','1',100,3,'každý','D0206,D20207',''),(108,27,69,'přednáška','1',80,2,'každý','G202','Blok společně s FIK a RET'),(109,28,69,'přednáška','1',80,2,'každý','G202','Blok společně s FIK a PRM'),(110,88,NULL,'přednáška','1',30,2,'každý','A112 / A113',''),(111,92,165,'přednáška','1',80,2,'každý','',''),(112,93,101,'přednáška','1',72,2,'každý','E104, E105',''),(113,65,35,'přednáška','1',200,3,'každý','',''),(114,94,102,'přednáška','1',150,2,'každý','',''),(115,95,32,'přednáška','1',90,26,'každý','','');
/*!40000 ALTER TABLE `pozadavkyNaRozvrh` ENABLE KEYS */;
UNLOCK TABLES;

--
-- Table structure for table `pozadavkyNaZkousky`
--

DROP TABLE IF EXISTS `pozadavkyNaZkousky`;
/*!40101 SET @saved_cs_client     = @@character_set_client */;
/*!40101 SET character_set_client = utf8 */;
CREATE TABLE `pozadavkyNaZkousky` (
  `id` int(11) NOT NULL,
  `id_predmetu` int(11) DEFAULT NULL,
  `id_zkousejiciho` int(11) DEFAULT NULL,
  `rozsaz` enum('vedle sebe','ob1','ob2') DEFAULT NULL,
  `poznamka` text,
  PRIMARY KEY (`id`),
  UNIQUE KEY `id_UNIQUE` (`id`),
  KEY `fk_pozadavkyNaZkousky_predmety1_idx` (`id_predmetu`),
  KEY `fk_pozadavkyNaZkousky_ucitele1_idx` (`id_zkousejiciho`),
  CONSTRAINT `fk_pozadavkyNaZkousky_predmety1` FOREIGN KEY (`id_predmetu`) REFERENCES `predmety` (`id`) ON DELETE NO ACTION ON UPDATE NO ACTION,
  CONSTRAINT `fk_pozadavkyNaZkousky_ucitele1` FOREIGN KEY (`id_zkousejiciho`) REFERENCES `ucitele` (`id`) ON DELETE NO ACTION ON UPDATE NO ACTION
) ENGINE=InnoDB DEFAULT CHARSET=utf8;
/*!40101 SET character_set_client = @saved_cs_client */;

--
-- Dumping data for table `pozadavkyNaZkousky`
--

LOCK TABLES `pozadavkyNaZkousky` WRITE;
/*!40000 ALTER TABLE `pozadavkyNaZkousky` DISABLE KEYS */;
INSERT INTO `pozadavkyNaZkousky` VALUES (1,18,64,'ob1','Pokud možno dopoledne'),(2,31,76,'ob1',''),(3,15,26,'ob1',''),(4,29,26,'ob1',''),(5,34,79,'ob1',''),(6,16,12,'ob1','Větší mezery mezi termíny, aby se studenti mohli připravit'),(7,37,87,'ob1',''),(8,3,8,'ob1',''),(9,139,236,'ob1',''),(10,139,236,'ob1',''),(11,109,187,'ob1',''),(12,110,165,'ob1',''),(13,140,80,'ob1',''),(14,187,35,'ob1',''),(15,188,NULL,'ob1',''),(16,188,NULL,'ob1','První termín 13.1. nebo později.'),(17,189,127,'vedle sebe','první termín v D105 2*2h, mezi prvním a druhým termínem _minimálně_ 10 dnů, (čas raději odpoledne)'),(18,141,220,'ob1',''),(19,193,141,'ob1',''),(20,190,19,'ob1','5 termínů (variantní), plánovat 3'),(21,143,32,'ob1',''),(22,111,197,'ob1',''),(23,112,154,'ob1','IZP - jeden turnus, okno 3 hod.'),(24,1,1,'ob1',''),(25,42,13,'ob1','Mezi prvním a druhým termínem bych rád více, jak 7 dní'),(26,48,115,'ob2','!!! prosím o bezkoliznost s termíny zkoušek pro IMP a IEL !!!'),(27,49,116,'vedle sebe',''),(28,52,79,'ob1',''),(29,2,3,'ob2',''),(30,32,76,'ob1',''),(31,68,27,'ob1','Nekolidovat s PRL a IZU'),(32,69,64,'ob1',''),(33,74,NULL,'ob1','mezi termíny týden pauza, do 25.5. řádný a 1.opr. termín, nebo viz nemohu zkoušet'),(34,5,13,'ob2','Připravuji, zkouším a opravuji i IPP. Nutně na každý termín vyhradit pro zkoušku 3 hodiny.'),(35,76,142,'ob1',''),(36,77,121,'ob1',''),(37,78,NULL,'ob1',''),(38,174,205,'ob1',''),(39,162,76,'ob1','V 1. týdnu zkouškového období ještě budou probíhat obhajoby projektů'),(40,132,228,'ob1','Zkouška trvá max 1,5 hodiny.'),(41,133,127,'vedle sebe','prvni termin: nahusto, D105; druhy a treti mozno planovat spolecne s SNT(magistri)'),(42,175,262,'ob2',''),(43,121,216,'ob1',''),(44,122,8,'ob1',''),(45,123,12,'ob2',''),(46,164,13,'ob2','Připravuji, zkouším a opravuji také FLP, dr. Křivka zase GAL. Na každý termín je třeba timeslot 3 hodiny, zkouška trvá 120 minut a tedy 2 hodiny nestačí na organizaci a uskutečnění zkoušky'),(47,135,124,'ob1',''),(48,120,112,'ob1','Výjezdní zasedání ÚITS'),(49,120,112,'ob1','PROSÍM dát mezi první a druhý termín nejméně 10 dní, rychleji 500 písemek neopravím.'),(50,120,112,'ob1','PROSÍM dát mezi první a druhý termín nejméně 10 dní, rychleji 500 písemek neopravím.'),(51,165,106,'vedle sebe',''),(52,166,27,'vedle sebe','Nekolidovat s AGS a PRL'),(53,166,116,'vedle sebe',''),(54,82,154,'ob1',''),(55,7,21,'ob1','Řádný termín'),(56,7,21,'ob1','1. opravný termín zkoušky PDS'),(57,7,21,'ob1','2. opravný termín zkoušky PDS'),(58,86,3,'ob1',''),(59,86,3,'ob1',''),(60,86,3,'ob1',''),(61,67,87,'ob1',''),(62,8,27,'ob1','Nekolidovat s AGS a IZU'),(63,61,127,'ob1','druhy a treti termin nejlepe planovat spolecne s IJC(bakalari)'),(64,92,165,'ob1',''),(65,95,32,'ob2','jakykoliv termin');
/*!40000 ALTER TABLE `pozadavkyNaZkousky` ENABLE KEYS */;
UNLOCK TABLES;

--
-- Table structure for table `predmetuPrislusi`
--

DROP TABLE IF EXISTS `predmetuPrislusi`;
/*!40101 SET @saved_cs_client     = @@character_set_client */;
/*!40101 SET character_set_client = utf8 */;
CREATE TABLE `predmetuPrislusi` (
  `id` int(11) NOT NULL,
  `id_casu_predmetu` int(11) DEFAULT NULL,
  `id_mistnosti` int(11) DEFAULT NULL,
  PRIMARY KEY (`id`),
  UNIQUE KEY `id_UNIQUE` (`id`),
  KEY `fk_casyPredmetu_has_mistnosti_mistnosti1_idx` (`id_mistnosti`),
  KEY `fk_casyPredmetu_has_mistnosti_casyPredmetu1_idx` (`id_casu_predmetu`),
  CONSTRAINT `fk_casyPredmetu_has_mistnosti_casyPredmetu1` FOREIGN KEY (`id_casu_predmetu`) REFERENCES `casyPredmetu` (`id`) ON DELETE NO ACTION ON UPDATE NO ACTION,
  CONSTRAINT `fk_casyPredmetu_has_mistnosti_mistnosti1` FOREIGN KEY (`id_mistnosti`) REFERENCES `mistnosti` (`id`) ON DELETE NO ACTION ON UPDATE NO ACTION
) ENGINE=InnoDB DEFAULT CHARSET=utf8;
/*!40101 SET character_set_client = @saved_cs_client */;

--
-- Dumping data for table `predmetuPrislusi`
--

LOCK TABLES `predmetuPrislusi` WRITE;
/*!40000 ALTER TABLE `predmetuPrislusi` DISABLE KEYS */;
INSERT INTO `predmetuPrislusi` VALUES (0,0,1),(1,0,2),(2,1,1),(3,1,2),(4,2,8),(5,4,3),(6,5,4),(7,5,6),(8,6,1);
/*!40000 ALTER TABLE `predmetuPrislusi` ENABLE KEYS */;
UNLOCK TABLES;

--
-- Table structure for table `predmety`
--

DROP TABLE IF EXISTS `predmety`;
/*!40101 SET @saved_cs_client     = @@character_set_client */;
/*!40101 SET character_set_client = utf8 */;
CREATE TABLE `predmety` (
  `id` int(11) NOT NULL,
  `id_garanta` int(11) DEFAULT NULL,
  `predmet_id` varchar(100) DEFAULT NULL,
  `nazev` varchar(200) DEFAULT NULL,
  `zkratka` varchar(10) DEFAULT NULL,
  `fakulta` enum('FIT','FEKT','FSI','FP','FA','FCH','FAST','FAVU','USI') DEFAULT NULL,
  `kapacita` int(11) DEFAULT NULL,
  `pocet_zapsanych_studentu` int(11) DEFAULT NULL,
  `planovat_zkousky_flag` tinyint(4) DEFAULT NULL,
  PRIMARY KEY (`id`),
  UNIQUE KEY `id_UNIQUE` (`id`),
  KEY `fk_predmety_ucitele1_idx` (`id_garanta`),
  CONSTRAINT `fk_predmety_ucitele1` FOREIGN KEY (`id_garanta`) REFERENCES `ucitele` (`id`) ON DELETE NO ACTION ON UPDATE NO ACTION
) ENGINE=InnoDB DEFAULT CHARSET=utf8;
/*!40101 SET character_set_client = @saved_cs_client */;

--
-- Dumping data for table `predmety`
--

LOCK TABLES `predmety` WRITE;
/*!40000 ALTER TABLE `predmety` DISABLE KEYS */;
INSERT INTO `predmety` VALUES (1,1,'11539','Matematické struktury v informatice','MAT',NULL,500,304,NULL),(2,3,'11660','Teoretická informatika','TIN',NULL,550,337,NULL),(3,8,'11414','Hardware/Software Codesign','HSC',NULL,200,115,NULL),(4,12,'11650','Seminář teoretické informatiky','STI',NULL,300,174,NULL),(5,13,'11393','Funkcionální a logické programování','FLP',NULL,300,207,NULL),(6,17,'11527','Kódování a komprese dat','KKO',NULL,150,120,NULL),(7,20,'11584','Přenos dat, počítačové sítě a protokoly','PDS',NULL,300,223,NULL),(8,26,'11609','Paralelní a distribuované algoritmy','PRL',NULL,300,245,NULL),(9,35,'11778','Projektová praxe 1','PP1',NULL,30,7,NULL),(10,36,'11347','Biometrické systémy','BIO',NULL,154,81,NULL),(11,44,'11635','Semestrální projekt','SEP',NULL,NULL,NULL,NULL),(12,44,'11369','Diplomová práce','DIP',NULL,NULL,NULL,NULL),(13,26,'11534','Kryptografie','KRY',NULL,150,125,NULL),(14,19,'11569','Návrh, správa a bezpečnost','NSB',NULL,64,35,NULL),(15,26,'11348','Bezpečnost informačních systémů','BIS',NULL,150,150,NULL),(16,12,'11385','Formální analýza a verifikace','FAV',NULL,64,29,NULL),(17,36,'11633','Inteligentní senzory','SEN',NULL,80,60,NULL),(18,64,'11320','Architektura procesorů','ACH',NULL,80,45,NULL),(19,68,'11387','Angličtina: příprava na zkoušku FCE','FCE',NULL,50,50,NULL),(20,69,'11389','Filozofie a kultura','FIK',NULL,40,40,NULL),(21,69,'11392','Dějiny a filozofie techniky','FIT',NULL,50,50,NULL),(22,68,'11407','Konflikty a asertivita','HKA',NULL,NULL,NULL,NULL),(23,68,'11409','Komunikační dovednosti','HKO',NULL,NULL,NULL,NULL),(24,68,'11411','Psychologie osobnosti','HPO',NULL,30,30,NULL),(25,68,'11413','Prezentační dovednosti','HPR',NULL,NULL,NULL,NULL),(26,68,'11416','Vedení a řízení lidí','HVR',NULL,NULL,NULL,NULL),(27,69,'11611','Právní minimum','PRM',NULL,40,40,NULL),(28,69,'11625','Rétorika','RET',NULL,40,37,NULL),(29,26,'11352','Bezdrátové a mobilní sítě','BMS',NULL,154,125,NULL),(30,20,'11596','Pokročilé komunikační systémy','PKS',NULL,90,23,NULL),(31,76,'11321','Analýza a návrh informačních systémů','AIS',NULL,150,80,NULL),(32,76,'11696','Získávání znalostí z databází','ZZN',NULL,154,68,NULL),(33,19,'11360','Sítě s vícevrstevným přepínáním (SWITCH)','C2P',NULL,NULL,NULL,NULL),(34,79,'11378','Ekonomie informačních produktů','EIP',NULL,64,25,NULL),(35,82,'11399','Grafové algoritmy','GAL',NULL,80,44,NULL),(36,17,'11403','Grafické a multimediální procesory','GMU',NULL,80,39,NULL),(37,87,'11404','Grafická uživatelská rozhraní v X Window','GUX',NULL,64,30,NULL),(38,83,'11405','Grafická a zvuková rozhraní a normy','GZN',NULL,80,51,NULL),(39,91,'11533','Kreativní grafika','KRG',NULL,NULL,NULL,NULL),(40,94,'11549','Modelování biologických systémů','MOB',NULL,NULL,NULL,NULL),(41,8,'11579','Pokročilé číslicové systémy','PCS',NULL,64,30,NULL),(42,13,'11580','Pokročilé databázové systémy','PDB',NULL,200,137,NULL),(43,20,'11583','Prostředí distribuovaných aplikací','PDI',NULL,80,35,NULL),(44,102,'11592','Pokročilá počítačová grafika','PGP',NULL,64,12,NULL),(45,83,'11594','Počítačová grafika','PGR',NULL,154,70,NULL),(46,102,'11605','Počítačové vidění','POV',NULL,80,41,NULL),(47,112,'11628','Robotika','ROB',NULL,80,28,NULL),(48,115,'11630','Real-time operační systémy','ROS',NULL,64,9,NULL),(49,116,'11636','Soft Computing','SFC',NULL,150,65,NULL),(50,33,'11638','Inteligentní systémy','SIN',NULL,154,95,NULL),(51,12,'11641','Seminář matematických struktur','SMT',NULL,300,138,NULL),(52,79,'11647','Strategické řízení informačních systémů','SRI',NULL,64,28,NULL),(53,83,'11656','Tvorba aplikací pro mobilní zařízení','TAM',NULL,80,80,NULL),(54,121,'11657','Teorie her','THE',NULL,150,42,NULL),(55,101,'11670','Výtvarná informatika','VIN',NULL,150,22,NULL),(56,82,'11679','Výstavba překladačů (v angličtině)','VYPe',NULL,64,38,NULL),(57,124,'11688','Zpracování přirozeného jazyka (v angličtině)','ZPJe',NULL,40,0,NULL),(58,17,'11692','Zahraniční odborná praxe','ZPX',NULL,NULL,NULL,NULL),(59,35,'11595','Pokročilé informační systémy','PIS',NULL,150,81,NULL),(60,26,'11354','Bezpečná zařízení','BZA',NULL,NULL,NULL,NULL),(61,3,'11642','Simulační nástroje a techniky','SNT',NULL,90,58,NULL),(62,17,'11645','Systémy odolné proti poruchám','SPP',NULL,80,23,NULL),(63,68,'11567','Návrh externích adaptérů a vestavěných systémů','NAV',NULL,50,21,NULL),(64,129,'11314','Angličtina pro Evropu','AEU',NULL,NULL,NULL,NULL),(65,35,'11680','Internetové aplikace','WAP',NULL,200,129,NULL),(66,33,'11373','Dynamické jazyky','DJA',NULL,200,9,NULL),(67,87,'11603','Pokročilé operační systémy','POS',NULL,150,98,NULL),(68,27,'11316','Agentní a multiagentní systémy','AGS',NULL,90,50,NULL),(69,65,'11329','Architektura a programování paralelních systémů','ARC',NULL,90,55,NULL),(70,11,'11345','Bioinformatika','BIF',NULL,60,27,NULL),(71,34,'11346','Biologií inspirované počítače','BIN',NULL,90,44,NULL),(72,19,'11359','Směrování v rozsáhlých sítích (ROUTE)','C1P',NULL,NULL,NULL,NULL),(73,19,'11361','Diagnostika Cisco sítí (TSHOOT)','C3P',NULL,NULL,NULL,NULL),(74,31,'11382','Aplikované evoluční algoritmy','EVO',NULL,80,14,NULL),(75,141,'11397','Funkční verifikace číslicových systémů','FVS',NULL,64,3,NULL),(76,142,'11398','Fyzikální optika','FYO',NULL,90,52,NULL),(77,121,'11400','Geografické informační systémy','GIS',NULL,80,1,NULL),(78,124,'11402','Grafická uživatelská rozhraní v Javě','GJA',NULL,90,38,NULL),(79,1,'11536','Logika','LOG',NULL,30,8,NULL),(80,148,'11538','Marketing','MAR',NULL,64,46,NULL),(81,152,'11541','Manažerská ekonomika','MEK',NULL,64,16,NULL),(82,154,'11551','Management projektů','MPR',NULL,150,90,NULL),(83,102,'11557','Multimédia','MUL',NULL,90,58,NULL),(84,161,'11566','Vyšší metody zpracování signálů','MZS',NULL,NULL,NULL,NULL),(85,162,'11572','Optimalizace','OPM',NULL,30,3,NULL),(86,3,'11586','Petriho sítě','PES',NULL,72,64,NULL),(87,154,'11597','Projektový manažer','PMA',NULL,65,31,NULL),(88,12,'11639','Složitost','SLO',NULL,64,4,NULL),(89,163,'11651','Strategický management','STM',NULL,64,13,NULL),(90,106,'11669','Výpočetní geometrie','VGE',NULL,80,9,NULL),(91,91,'11671','Vizualizace a CAD','VIZ',NULL,150,17,NULL),(92,165,'11675','Vysoce náročné výpočty','VNV',NULL,80,30,NULL),(93,101,'11732','Výpočetní fotografie','VYF',NULL,150,14,NULL),(94,102,'11690','Zpracování obrazu','ZPO',NULL,150,90,NULL),(95,32,'11693','Zpracování řečových signálů','ZRE',NULL,90,53,NULL),(96,8,'9576','Číslicové zpracování signálů','SIG',NULL,NULL,NULL,NULL),(97,171,'11632','Rozbor výkonnosti podniku','RVP',NULL,NULL,NULL,NULL),(98,172,'11390','Finanční management pro informatiky','FIM',NULL,NULL,NULL,NULL),(99,175,'11602','Podnikový management','POM',NULL,30,8,NULL),(100,176,'11379','Ekonometrie','EKO',NULL,NULL,NULL,NULL),(101,177,'11540','Makroekonomie 2','MA2',NULL,NULL,NULL,NULL),(102,178,'11626','Risk management','RMA',NULL,NULL,NULL,NULL),(103,172,'11542','Mezinárodní finance','MFI',NULL,NULL,NULL,NULL),(104,180,'11568','Nákladový management','NMA',NULL,NULL,NULL,NULL),(105,181,'11546','Mikroekonomie 2','MI2',NULL,NULL,NULL,NULL),(106,182,'11601','Podniková logistika','POL',NULL,NULL,NULL,NULL),(107,184,'11550','Molekulární genetika','MOG',NULL,NULL,NULL,NULL),(108,186,'11654','Systémová biologie','SYS',NULL,NULL,NULL,NULL),(109,188,'11431','Diskrétní matematika','IDA',NULL,700,587,NULL),(110,165,'11435','Elektronika pro informační technologie','IEL',NULL,750,605,NULL),(111,197,'11491','Úvod do softwarového inženýrství','IUS',NULL,750,632,NULL),(112,154,'11499','Základy programování','IZP',NULL,750,598,NULL),(113,209,'11750','Architektura 20. století','IACH',NULL,NULL,NULL,NULL),(114,210,'12133','Autorská práva - zimní','IAPZ',NULL,NULL,NULL,NULL),(115,211,'11705','České umění 1. poloviny 20. století v souvislostech - zimní','ICUZ',NULL,NULL,NULL,NULL),(116,212,'11440','Fyzikální seminář','IFS',NULL,200,14,NULL),(117,79,'11475','Počítačový seminář','ISC',NULL,300,0,NULL),(118,216,'11479','Matematický seminář','ISM',NULL,300,0,NULL),(119,217,'11492','Informační výchova a gramotnost','IVG',NULL,650,18,NULL),(120,112,'11420','Programování na strojové úrovni','ISU',NULL,900,615,NULL),(121,216,'11450','Matematická analýza','IMA',NULL,800,624,NULL),(122,8,'11455','Návrh číslicových systémů','INC',NULL,800,610,NULL),(123,12,'11462','Operační systémy','IOS',NULL,999,690,NULL),(124,222,'11322','Angličtina pro IT','AIT',NULL,60,57,NULL),(125,223,'11334','Angličtina 1: mírně pokročilí 1','BAN1',NULL,NULL,NULL,NULL),(126,223,'11336','Angličtina 2: mírně pokročilí 2','BAN2',NULL,NULL,NULL,NULL),(127,225,'11338','Angličtina 3: středně pokročilí 1','BAN3',NULL,50,46,NULL),(128,224,'11340','Angličtina 4: středně pokročilí 2','BAN4',NULL,40,33,NULL),(129,8,'11493','Seminář VHDL','IVH',NULL,200,8,NULL),(130,210,'12132','Autorská práva - letní','IAPL',NULL,NULL,NULL,NULL),(131,211,'11754','České umění 2. poloviny 20. století v souvislostech - letní','ICUL',NULL,NULL,NULL,NULL),(132,228,'11442','Fyzika','IFY',NULL,290,2,NULL),(133,127,'11448','Jazyk C','IJC',NULL,290,7,NULL),(134,154,'11473','Řízení projektů informačních systémů','IRP',NULL,NULL,NULL,NULL),(135,124,'11478','Skriptovací jazyky','ISJ',NULL,360,48,NULL),(136,125,'11488','Tvorba webových stránek','ITW',NULL,160,160,NULL),(137,197,'11490','Typografie a publikování','ITY',NULL,160,154,NULL),(138,124,'11494','Praktické aspekty vývoje software','IVS',NULL,450,52,NULL),(139,236,'11418','Algoritmy','IAL',NULL,600,478,NULL),(140,82,'11438','Formální jazyky a překladače','IFJ',NULL,600,528,NULL),(141,220,'11458','Numerická matematika a pravděpodobnost','INM',NULL,600,518,NULL),(142,34,'11459','Návrh počítačových systémů','INP',NULL,600,476,NULL),(143,32,'11482','Signály a systémy','ISS',NULL,600,480,NULL),(144,12,'11308','Pokročilá témata administrace operačního systému Linux','ILI',NULL,20,20,NULL),(145,187,'11310','Matematické základy fuzzy logiky','IMF',NULL,30,28,NULL),(146,75,'11457','Návrh a implementace IT služeb','INI',NULL,64,64,NULL),(147,75,'11460','Servisně orientované architektury v prostředí Oracle','IOA',NULL,NULL,NULL,NULL),(148,175,'11468','Podnikový management','IPMA',NULL,40,19,NULL),(149,201,'10739','Programovací seminář','IPS',NULL,150,50,NULL),(150,35,'10735','Projektová praxe 1','IP1',NULL,NULL,NULL,NULL),(151,225,'11509','Angličtina: konverzace','JA3',NULL,NULL,NULL,NULL),(152,247,'11523','Španělština: začátečníci 1/2','JS1',NULL,NULL,NULL,NULL),(153,248,'11531','Kultura projevu a tvorba textů','IKPT',NULL,30,29,NULL),(154,249,'11537','Makroekonomie','IMAE',NULL,30,2,NULL),(155,236,'11560','Desktop systémy Microsoft Windows','IW1',NULL,120,120,NULL),(156,112,'11574','Pokročilé asemblery','IPA',NULL,90,31,NULL),(157,248,'11588','Inženýrská pedagogika a didaktika','IIPD',NULL,40,0,NULL),(158,248,'11616','Pedagogická psychologie','IPSO',NULL,30,6,NULL),(159,186,'11667','Lékařské aplikace informatiky','IUMI',NULL,NULL,NULL,NULL),(160,152,'11683','Základy ekonomiky podniku','IZEP',NULL,30,15,NULL),(161,172,'11684','Základy financování','IZFI',NULL,NULL,NULL,NULL),(162,76,'11434','Databázové systémy','IDS',NULL,650,529,NULL),(163,20,'11465','Počítačové komunikace a sítě','IPK',NULL,650,458,NULL),(164,13,'11469','Principy programovacích jazyků a OOP','IPP',NULL,700,539,NULL),(165,106,'11496','Základy počítačové grafiky','IZG',NULL,600,368,NULL),(166,116,'11503','Základy umělé inteligence','IZU',NULL,600,462,NULL),(167,127,'11428','Seminář C++','ICP',NULL,300,200,NULL),(168,196,'11446','Seminář Java','IJA',NULL,300,300,NULL),(169,20,'11356','Síťová kabeláž a směrování (CCNA1+CCNA2)','I1C',NULL,72,72,NULL),(170,258,'11366','Daňová soustava','IDAS',NULL,NULL,NULL,NULL),(171,171,'11384','Finanční analýza','IFAN',NULL,NULL,NULL,NULL),(172,5,'11767','Pokročilá matematika','IAM',NULL,60,30,NULL),(173,12,'11309','Analýza binárního kódu','IAN',NULL,NULL,NULL,NULL),(174,21,'11427','Bezpečnost a počítačové sítě','IBS',NULL,80,37,NULL),(175,262,'11449','Klasifikace a rozpoznávání','IKR',NULL,65,30,NULL),(176,76,'11461','Administrace databázového systému Oracle','IOD',NULL,40,7,NULL),(177,77,'11463','Datové sklady v prostředí Oracle','IOW',NULL,40,0,NULL),(178,35,'11010','Projektová praxe 2','IP2',NULL,NULL,NULL,NULL),(179,141,'11484','Technika personálních počítačů','ITP',NULL,80,54,NULL),(180,201,'11485','Testování a dynamická analýza','ITS',NULL,80,68,NULL),(181,265,'11681','Zobrazovací systémy v lékařství','IZSL',NULL,NULL,NULL,NULL),(182,267,'11545','Mikroekonomie','IMIE',NULL,30,1,NULL),(183,236,'11561','Serverové systémy Microsoft Windows','IW2',NULL,80,36,NULL),(184,268,'11606','Počítačová podpora konstruování','IPPK',NULL,NULL,NULL,NULL),(185,269,'11607','Účetnictví','IUCE',NULL,NULL,NULL,NULL),(186,148,'11685','Základy marketingu','IZMA',NULL,50,30,NULL),(187,35,'11443','Informační systémy','IIS',NULL,500,359,NULL),(188,68,'11452','Mikroprocesorové a vestavěné systémy','IMP',NULL,500,379,NULL),(189,127,'11453','Modelování a simulace','IMS',NULL,600,432,NULL),(190,19,'11474','Síťové aplikace a správa sítí','ISA',NULL,550,445,NULL),(191,44,'11799','Semestrální projekt','ITT',NULL,NULL,NULL,NULL),(192,100,'11486','Tvorba uživatelských rozhraní','ITU',NULL,500,383,NULL),(193,141,'11472','Periferní zařízení','IPZ',NULL,500,380,NULL),(194,35,'12190','Projektová praxe 3','IP3',NULL,NULL,NULL,NULL),(195,19,'11505','Technologie sítí LAN a WAN (CCNA3+4)','I2C',NULL,60,41,NULL),(196,236,'11562','Síťové technologie Microsoft Windows','IW3',NULL,NULL,NULL,NULL),(197,44,'11800','Bakalářská práce','IBT',NULL,NULL,NULL,NULL),(198,19,'11454','Multimédia v počítačových sítích','IMU',NULL,70,61,NULL),(199,236,'11563','Podnikové technologie Microsoft','IW4',NULL,NULL,NULL,NULL),(200,236,'11564','Programování v .NET a C#','IW5',NULL,120,120,NULL);
/*!40000 ALTER TABLE `predmety` ENABLE KEYS */;
UNLOCK TABLES;

--
-- Table structure for table `prednasejiciPredmetu`
--

DROP TABLE IF EXISTS `prednasejiciPredmetu`;
/*!40101 SET @saved_cs_client     = @@character_set_client */;
/*!40101 SET character_set_client = utf8 */;
CREATE TABLE `prednasejiciPredmetu` (
  `id` int(11) NOT NULL,
  `id_predmetu` int(11) DEFAULT NULL,
  `id_ucitele` int(11) DEFAULT NULL,
  PRIMARY KEY (`id`),
  UNIQUE KEY `id_UNIQUE` (`id`),
  KEY `fk_predmety_has_ucitele_ucitele1_idx` (`id_ucitele`),
  KEY `fk_predmety_has_ucitele_predmety1_idx` (`id_predmetu`),
  CONSTRAINT `fk_predmety_has_ucitele_predmety1` FOREIGN KEY (`id_predmetu`) REFERENCES `predmety` (`id`) ON DELETE NO ACTION ON UPDATE NO ACTION,
  CONSTRAINT `fk_predmety_has_ucitele_ucitele1` FOREIGN KEY (`id_ucitele`) REFERENCES `ucitele` (`id`) ON DELETE NO ACTION ON UPDATE NO ACTION
) ENGINE=InnoDB DEFAULT CHARSET=utf8;
/*!40101 SET character_set_client = @saved_cs_client */;

--
-- Dumping data for table `prednasejiciPredmetu`
--

LOCK TABLES `prednasejiciPredmetu` WRITE;
/*!40000 ALTER TABLE `prednasejiciPredmetu` DISABLE KEYS */;
INSERT INTO `prednasejiciPredmetu` VALUES (1,1,1),(2,1,2),(3,2,3),(4,2,4),(5,2,5),(6,2,6),(7,2,7),(8,3,8),(9,3,9),(10,3,10),(11,3,11),(12,4,12),(13,5,13),(14,5,14),(15,5,15),(16,5,16),(17,6,17),(18,6,18),(19,7,19),(20,7,20),(21,7,21),(22,7,22),(23,7,23),(24,7,24),(25,7,25),(26,8,26),(27,8,27),(28,8,28),(29,8,29),(30,8,30),(31,9,31),(32,9,32),(33,9,33),(34,9,34),(35,9,35),(36,10,36),(37,10,37),(38,10,38),(39,10,39),(40,10,40),(41,10,41),(42,10,42),(43,10,43),(44,11,44),(45,13,45),(46,13,46),(47,13,47),(48,13,48),(49,13,49),(50,13,50),(51,13,51),(52,13,52),(53,13,53),(54,13,54),(55,13,55),(56,13,56),(57,14,57),(58,15,58),(59,15,59),(60,15,60),(61,15,61),(62,17,62),(63,17,63),(64,18,64),(65,18,65),(66,18,66),(67,18,67),(68,19,68),(69,20,69),(70,22,70),(71,29,71),(72,29,72),(73,30,73),(74,30,74),(75,31,75),(76,31,76),(77,31,77),(78,32,78),(79,34,79),(80,35,80),(81,35,81),(82,35,82),(83,36,83),(84,36,84),(85,36,85),(86,36,86),(87,37,87),(88,37,88),(89,38,89),(90,38,90),(91,39,91),(92,39,92),(93,39,93),(94,40,94),(95,41,95),(96,41,96),(97,41,97),(98,41,98),(99,41,99),(100,44,100),(101,44,101),(102,44,102),(103,45,103),(104,45,104),(105,46,105),(106,46,106),(107,46,107),(108,46,108),(109,46,109),(110,46,110),(111,46,111),(112,47,112),(113,47,113),(114,47,114),(115,48,115),(116,49,116),(117,51,117),(118,51,118),(119,53,119),(120,53,120),(121,54,121),(122,55,122),(123,56,123),(124,57,124),(125,59,125),(126,59,126),(127,61,127),(128,63,128),(129,64,129),(130,65,130),(131,69,131),(132,69,132),(133,70,133),(134,70,134),(135,70,135),(136,71,136),(137,71,137),(138,71,138),(139,72,139),(140,75,140),(141,75,141),(142,76,142),(143,76,143),(144,77,144),(145,78,145),(146,78,146),(147,78,147),(148,80,148),(149,80,149),(150,80,150),(151,81,151),(152,81,152),(153,81,153),(154,82,154),(155,82,155),(156,83,156),(157,83,157),(158,83,158),(159,83,159),(160,83,160),(161,84,161),(162,85,162),(163,89,163),(164,90,164),(165,92,165),(166,92,166),(167,92,167),(168,95,168),(169,95,169),(170,95,170),(171,97,171),(172,98,172),(173,98,173),(174,99,174),(175,99,175),(176,100,176),(177,101,177),(178,102,178),(179,102,179),(180,104,180),(181,105,181),(182,106,182),(183,106,183),(184,107,184),(185,108,185),(186,108,186),(187,109,187),(188,109,188),(189,109,189),(190,109,190),(191,109,191),(192,110,192),(193,110,193),(194,110,194),(195,110,195),(196,111,196),(197,111,197),(198,111,198),(199,111,199),(200,111,200),(201,112,201),(202,112,202),(203,112,203),(204,112,204),(205,112,205),(206,112,206),(207,112,207),(208,113,208),(209,113,209),(210,114,210),(211,115,211),(212,116,212),(213,116,213),(214,117,214),(215,118,215),(216,118,216),(217,119,217),(218,119,218),(219,120,219),(220,121,220),(221,121,221),(222,124,222),(223,125,223),(224,127,224),(225,127,225),(226,129,226),(227,132,227),(228,132,228),(229,133,229),(230,135,230),(231,136,231),(232,136,232),(233,136,233),(234,138,234),(235,138,235),(236,139,236),(237,139,237),(238,140,238),(239,141,239),(240,143,240),(241,143,241),(242,143,242),(243,143,243),(244,143,244),(245,143,245),(246,144,246),(247,152,247),(248,153,248),(249,154,249),(250,155,250),(251,161,251),(252,163,252),(253,165,253),(254,165,254),(255,165,255),(256,166,256),(257,169,257),(258,170,258),(259,171,259),(260,173,260),(261,173,261),(262,175,262),(263,176,263),(264,179,264),(265,181,265),(266,181,266),(267,182,267),(268,184,268),(269,185,269),(270,185,270),(271,185,271),(272,185,272),(273,185,273),(274,186,274),(275,186,275),(276,187,276),(277,187,277),(278,187,278),(279,187,279),(280,190,280),(281,190,281),(282,192,282),(283,192,283),(284,192,284),(285,192,285),(286,193,286),(287,193,287),(288,193,288),(289,199,289),(290,200,290);
/*!40000 ALTER TABLE `prednasejiciPredmetu` ENABLE KEYS */;
UNLOCK TABLES;

--
-- Table structure for table `semestry`
--

DROP TABLE IF EXISTS `semestry`;
/*!40101 SET @saved_cs_client     = @@character_set_client */;
/*!40101 SET character_set_client = utf8 */;
CREATE TABLE `semestry` (
  `id` int(11) NOT NULL,
  `obdobi` enum('ZS','LS') DEFAULT NULL,
  `rok` int(11) DEFAULT NULL,
  `akademicky_rok` varchar(45) DEFAULT NULL,
  `zkouskove_od` date DEFAULT NULL,
  `zkouskove_do` date DEFAULT NULL,
  PRIMARY KEY (`id`),
  UNIQUE KEY `id_UNIQUE` (`id`)
) ENGINE=InnoDB DEFAULT CHARSET=utf8;
/*!40101 SET character_set_client = @saved_cs_client */;

--
-- Dumping data for table `semestry`
--

LOCK TABLES `semestry` WRITE;
/*!40000 ALTER TABLE `semestry` DISABLE KEYS */;
INSERT INTO `semestry` VALUES (1,'ZS',2016,NULL,NULL,NULL),(2,'LS',2016,NULL,NULL,NULL),(3,'ZS',2017,'2017/2018','2018-01-02','2018-02-09');
/*!40000 ALTER TABLE `semestry` ENABLE KEYS */;
UNLOCK TABLES;

--
-- Table structure for table `studenti`
--

DROP TABLE IF EXISTS `studenti`;
/*!40101 SET @saved_cs_client     = @@character_set_client */;
/*!40101 SET character_set_client = utf8 */;
CREATE TABLE `studenti` (
  `id` int(11) NOT NULL,
  `id_oboru` int(11) DEFAULT NULL,
  `student_id` int(11) DEFAULT NULL,
  `login` varchar(45) DEFAULT NULL,
  `jmeno` varchar(45) DEFAULT NULL,
  `prijmeni` varchar(45) DEFAULT NULL,
  `email` varchar(45) DEFAULT NULL,
  PRIMARY KEY (`id`),
  UNIQUE KEY `id_UNIQUE` (`id`),
  KEY `fk_studenti_obory1_idx` (`id_oboru`),
  CONSTRAINT `fk_studenti_obory1` FOREIGN KEY (`id_oboru`) REFERENCES `obory` (`id`) ON DELETE NO ACTION ON UPDATE NO ACTION
) ENGINE=InnoDB DEFAULT CHARSET=utf8;
/*!40101 SET character_set_client = @saved_cs_client */;

--
-- Dumping data for table `studenti`
--

LOCK TABLES `studenti` WRITE;
/*!40000 ALTER TABLE `studenti` DISABLE KEYS */;
INSERT INTO `studenti` VALUES (1,3,NULL,NULL,NULL,NULL,NULL),(2,4,NULL,NULL,NULL,NULL,NULL),(3,7,NULL,NULL,NULL,NULL,NULL),(4,8,NULL,NULL,NULL,NULL,NULL),(5,11,NULL,NULL,NULL,NULL,NULL),(6,12,NULL,NULL,NULL,NULL,NULL),(7,15,NULL,NULL,NULL,NULL,NULL),(8,16,NULL,NULL,NULL,NULL,NULL),(9,19,NULL,NULL,NULL,NULL,NULL),(10,20,NULL,NULL,NULL,NULL,NULL),(11,23,NULL,NULL,NULL,NULL,NULL),(12,24,NULL,NULL,NULL,NULL,NULL),(13,27,NULL,NULL,NULL,NULL,NULL),(14,28,NULL,NULL,NULL,NULL,NULL),(15,31,NULL,NULL,NULL,NULL,NULL),(16,32,NULL,NULL,NULL,NULL,NULL),(17,35,NULL,NULL,NULL,NULL,NULL),(18,36,NULL,NULL,NULL,NULL,NULL),(19,3,NULL,NULL,NULL,NULL,NULL),(20,4,NULL,NULL,NULL,NULL,NULL),(21,7,NULL,NULL,NULL,NULL,NULL),(22,8,NULL,NULL,NULL,NULL,NULL),(23,11,NULL,NULL,NULL,NULL,NULL),(24,12,NULL,NULL,NULL,NULL,NULL),(25,15,NULL,NULL,NULL,NULL,NULL),(26,16,NULL,NULL,NULL,NULL,NULL),(27,19,NULL,NULL,NULL,NULL,NULL),(28,20,NULL,NULL,NULL,NULL,NULL),(29,23,NULL,NULL,NULL,NULL,NULL),(30,24,NULL,NULL,NULL,NULL,NULL),(31,27,NULL,NULL,NULL,NULL,NULL),(32,28,NULL,NULL,NULL,NULL,NULL),(33,31,NULL,NULL,NULL,NULL,NULL),(34,32,NULL,NULL,NULL,NULL,NULL),(35,35,NULL,NULL,NULL,NULL,NULL),(36,36,NULL,NULL,NULL,NULL,NULL),(37,3,NULL,NULL,NULL,NULL,NULL),(38,4,NULL,NULL,NULL,NULL,NULL),(39,7,NULL,NULL,NULL,NULL,NULL),(40,8,NULL,NULL,NULL,NULL,NULL),(41,11,NULL,NULL,NULL,NULL,NULL),(42,12,NULL,NULL,NULL,NULL,NULL),(43,15,NULL,NULL,NULL,NULL,NULL),(44,16,NULL,NULL,NULL,NULL,NULL),(45,19,NULL,NULL,NULL,NULL,NULL),(46,20,NULL,NULL,NULL,NULL,NULL),(47,23,NULL,NULL,NULL,NULL,NULL),(48,24,NULL,NULL,NULL,NULL,NULL),(49,27,NULL,NULL,NULL,NULL,NULL),(50,28,NULL,NULL,NULL,NULL,NULL),(51,31,NULL,NULL,NULL,NULL,NULL),(52,32,NULL,NULL,NULL,NULL,NULL),(53,35,NULL,NULL,NULL,NULL,NULL),(54,36,NULL,NULL,NULL,NULL,NULL);
/*!40000 ALTER TABLE `studenti` ENABLE KEYS */;
UNLOCK TABLES;

--
-- Table structure for table `terminyPozadavkuNaRozvrh`
--

DROP TABLE IF EXISTS `terminyPozadavkuNaRozvrh`;
/*!40101 SET @saved_cs_client     = @@character_set_client */;
/*!40101 SET character_set_client = utf8 */;
CREATE TABLE `terminyPozadavkuNaRozvrh` (
  `id` int(11) NOT NULL,
  `id_PozadavkuNaRozvrh` int(11) DEFAULT NULL,
  `typ_terminu` enum('vyhovující','nemožný') DEFAULT NULL,
  `den` enum('Po','Út','St','Čt','Pá') DEFAULT NULL,
  `od` time(6) DEFAULT NULL,
  `do` time(6) DEFAULT NULL,
  `prio` enum('low','medium','high') DEFAULT NULL,
  `poznamka` text,
  PRIMARY KEY (`id`),
  UNIQUE KEY `id_UNIQUE` (`id`),
  KEY `fk_terminyPozadavkuNaRozvrh_pozadavkyNaRozvrh1_idx` (`id_PozadavkuNaRozvrh`),
  CONSTRAINT `fk_terminyPozadavkuNaRozvrh_pozadavkyNaRozvrh1` FOREIGN KEY (`id_PozadavkuNaRozvrh`) REFERENCES `pozadavkyNaRozvrh` (`id`) ON DELETE NO ACTION ON UPDATE NO ACTION
) ENGINE=InnoDB DEFAULT CHARSET=utf8;
/*!40101 SET character_set_client = @saved_cs_client */;

--
-- Dumping data for table `terminyPozadavkuNaRozvrh`
--

LOCK TABLES `terminyPozadavkuNaRozvrh` WRITE;
/*!40000 ALTER TABLE `terminyPozadavkuNaRozvrh` DISABLE KEYS */;
INSERT INTO `terminyPozadavkuNaRozvrh` VALUES (1,1,'vyhovující','Út','10:00:00.000000','12:50:00.000000','low',''),(2,1,'vyhovující','Čt','10:00:00.000000','12:50:00.000000','low',''),(3,2,'vyhovující','Čt','13:00:00.000000','15:50:00.000000','low','jako vloni'),(4,2,'nemožný','Po','07:00:00.000000','09:50:00.000000',NULL,''),(5,2,'nemožný','Út','07:00:00.000000','09:50:00.000000',NULL,''),(6,2,'nemožný','St','07:00:00.000000','14:50:00.000000',NULL,'věd. rady'),(7,2,'nemožný','Čt','07:00:00.000000','12:50:00.000000',NULL,'věd. rady'),(8,2,'nemožný','Pá','07:00:00.000000','10:50:00.000000',NULL,'angličtina'),(9,3,'vyhovující','Po','07:00:00.000000','10:50:00.000000','low','Preferuji rána (klidně hned od 7 hodin)'),(10,3,'vyhovující','Út','07:00:00.000000','10:50:00.000000','low','Preferuji rána (klidně hned od 7 hodin)'),(11,3,'vyhovující','St','07:00:00.000000','10:50:00.000000','low','Preferuji rána (klidně hned od 7 hodin)'),(12,3,'vyhovující','Čt','07:00:00.000000','10:50:00.000000','low','Preferuji rána (klidně hned od 7 hodin)'),(13,3,'vyhovující','Pá','07:00:00.000000','10:50:00.000000','low','Preferuji rána (klidně hned od 7 hodin)'),(14,3,'vyhovující','Út','07:00:00.000000','10:50:00.000000','low',''),(15,3,'vyhovující','Út','12:00:00.000000','15:50:00.000000','low',''),(16,3,'nemožný','Út','16:00:00.000000','20:50:00.000000',NULL,''),(17,3,'nemožný','Čt','09:00:00.000000','12:50:00.000000',NULL,'Kolegium děkana'),(18,3,'nemožný','Čt','16:00:00.000000','20:50:00.000000',NULL,''),(19,4,'vyhovující','St','13:00:00.000000','15:50:00.000000','low','Potřeboval bych mít BMS a BIS ve středu, tak od 9 do 17, v libovolném pořadí'),(20,4,'nemožný','Po','08:00:00.000000','11:50:00.000000',NULL,'Rektorát VUT'),(21,4,'nemožný','Út','08:00:00.000000','15:50:00.000000',NULL,'Senát, komise, kolegia rektora'),(22,4,'nemožný','Čt','09:00:00.000000','16:50:00.000000',NULL,'RKD, schůze ústavu'),(23,4,'nemožný','Pá','09:00:00.000000','15:50:00.000000',NULL,'Mimo Brno'),(24,5,'vyhovující','St','09:00:00.000000','11:50:00.000000','low','Potřeboval bych mít BMS a BIS ve středu, tak od 9 do 17, v libovolném pořadí'),(25,5,'nemožný','Po','08:00:00.000000','11:50:00.000000',NULL,'Rektorát VUT'),(26,5,'nemožný','Út','08:00:00.000000','15:50:00.000000',NULL,'Senát, komise, kolegia rektora'),(27,5,'nemožný','Čt','09:00:00.000000','16:50:00.000000',NULL,'RKD, schůze ústavu'),(28,5,'nemožný','Pá','09:00:00.000000','15:50:00.000000',NULL,'Mimo Brno'),(29,6,'vyhovující','Čt','10:00:00.000000','11:50:00.000000','low',''),(30,7,'vyhovující','Út','14:00:00.000000','16:50:00.000000','low','Pokud ožno ponechat po přednášce 1 hod pauzu: některé přednášky bývají delší než 3 hod.'),(31,8,'vyhovující','Čt','13:00:00.000000','18:50:00.000000','low',''),(32,9,'vyhovující','Po','09:00:00.000000','15:50:00.000000','low',''),(33,9,'vyhovující','Út','09:00:00.000000','15:50:00.000000','low',''),(34,9,'vyhovující','St','09:00:00.000000','15:50:00.000000','low',''),(35,9,'vyhovující','Čt','09:00:00.000000','15:50:00.000000','low',''),(36,10,'vyhovující','St','08:00:00.000000','09:50:00.000000','low',''),(37,10,'nemožný','Út','13:00:00.000000','16:50:00.000000',NULL,''),(38,10,'nemožný','Čt','07:00:00.000000','13:50:00.000000',NULL,''),(39,11,'nemožný','Po','07:00:00.000000','07:50:00.000000',NULL,'Vozím děti do školy'),(40,11,'nemožný','Út','07:00:00.000000','07:50:00.000000',NULL,'Vozím děti do školy'),(41,11,'nemožný','St','07:00:00.000000','07:50:00.000000',NULL,'Vozím děti do školy'),(42,11,'nemožný','Čt','07:00:00.000000','07:50:00.000000',NULL,'Vozím děti do školy'),(43,11,'nemožný','Pá','07:00:00.000000','07:50:00.000000',NULL,'Vozím děti do školy'),(44,11,'nemožný','Út','07:00:00.000000','11:50:00.000000',NULL,'meetingy'),(45,12,'nemožný','Út','13:00:00.000000','16:50:00.000000',NULL,'senát'),(46,12,'nemožný','Čt','07:00:00.000000','13:50:00.000000',NULL,'kolegium děkana'),(47,12,'nemožný','Pá','07:00:00.000000','20:50:00.000000',NULL,'Nedostatečná účast na přednáškách - studenti pak mají problémy'),(48,13,'vyhovující','Út','08:00:00.000000','10:50:00.000000','low','Pokud by rozvrh pro IAL, IFJ a ZZN mohl zůstat stejný jako loni, bylo by to asi ideální.'),(49,13,'vyhovující','Čt','08:00:00.000000','10:50:00.000000','low',''),(50,14,'vyhovující','Po','08:00:00.000000','09:50:00.000000','low',''),(51,14,'vyhovující','Út','08:00:00.000000','09:50:00.000000','low',''),(52,15,'vyhovující','Po','11:00:00.000000','12:50:00.000000','low',''),(53,15,'vyhovující','Út','11:00:00.000000','12:50:00.000000','low',''),(54,16,'vyhovující','St','07:00:00.000000','08:50:00.000000','low',''),(55,16,'vyhovující','St','14:00:00.000000','14:50:00.000000','low',''),(56,16,'vyhovující','Čt','07:00:00.000000','08:50:00.000000','low',''),(57,16,'vyhovující','Čt','14:00:00.000000','14:50:00.000000','low',''),(58,17,'vyhovující','St','15:00:00.000000','15:50:00.000000','low',''),(59,17,'vyhovující','Čt','15:00:00.000000','15:50:00.000000','low',''),(60,18,'vyhovující','Út','11:00:00.000000','13:50:00.000000','low','Pokud by rozvrh pro IAL, IFJ a ZZN mohl zůstat stejný jako loni, bylo by to asi ideální.'),(61,18,'vyhovující','Čt','11:00:00.000000','13:50:00.000000','low',''),(62,19,'vyhovující','Po','10:00:00.000000','11:50:00.000000','low','v úterý chodím občas na kolegium rektora'),(63,20,'vyhovující','Út','10:00:00.000000','18:50:00.000000','low','Preferované je úterý, na čase tolik nezáleží. Jedná se o dvě hodiny týdně.'),(64,21,'vyhovující','Po','10:00:00.000000','18:50:00.000000','low',''),(65,21,'vyhovující','Út','10:00:00.000000','18:50:00.000000','low',''),(66,21,'vyhovující','St','10:00:00.000000','18:50:00.000000','low',''),(67,21,'vyhovující','Čt','10:00:00.000000','18:50:00.000000','low',''),(68,21,'vyhovující','Pá','10:00:00.000000','18:50:00.000000','low',''),(69,21,'nemožný','Po','07:00:00.000000','07:50:00.000000',NULL,'pokud možno po 8:00'),(70,21,'nemožný','Út','07:00:00.000000','07:50:00.000000',NULL,'pokud možno po 8:00'),(71,21,'nemožný','St','07:00:00.000000','07:50:00.000000',NULL,'pokud možno po 8:00'),(72,21,'nemožný','Čt','07:00:00.000000','07:50:00.000000',NULL,'pokud možno po 8:00'),(73,21,'nemožný','Pá','07:00:00.000000','07:50:00.000000',NULL,'pokud možno po 8:00'),(74,21,'nemožný','Po','19:00:00.000000','20:50:00.000000',NULL,'pokud možno max. do 19:00'),(75,21,'nemožný','Út','19:00:00.000000','20:50:00.000000',NULL,'pokud možno max. do 19:00'),(76,21,'nemožný','St','19:00:00.000000','20:50:00.000000',NULL,'pokud možno max. do 19:00'),(77,21,'nemožný','Čt','19:00:00.000000','20:50:00.000000',NULL,'pokud možno max. do 19:00'),(78,21,'nemožný','Pá','19:00:00.000000','20:50:00.000000',NULL,'pokud možno max. do 19:00'),(79,22,'nemožný','Po','07:00:00.000000','08:50:00.000000',NULL,'v noci nepracuji'),(80,22,'nemožný','Út','07:00:00.000000','08:50:00.000000',NULL,'v noci nepracuji'),(81,22,'nemožný','St','07:00:00.000000','08:50:00.000000',NULL,'v noci nepracuji'),(82,22,'nemožný','Čt','07:00:00.000000','08:50:00.000000',NULL,'v noci nepracuji'),(83,22,'nemožný','Pá','07:00:00.000000','08:50:00.000000',NULL,'v noci nepracuji'),(84,22,'nemožný','Pá','07:00:00.000000','20:50:00.000000',NULL,'studenti v pátek nechodí a pak mají problémy'),(85,23,'nemožný','Po','07:00:00.000000','09:50:00.000000',NULL,'školka'),(86,23,'nemožný','Út','07:00:00.000000','09:50:00.000000',NULL,'školka'),(87,23,'nemožný','St','07:00:00.000000','09:50:00.000000',NULL,'školka'),(88,23,'nemožný','Čt','07:00:00.000000','09:50:00.000000',NULL,'školka'),(89,23,'nemožný','Pá','07:00:00.000000','09:50:00.000000',NULL,'školka'),(90,24,'vyhovující','Po','09:00:00.000000','10:50:00.000000','low',''),(91,24,'vyhovující','Po','11:00:00.000000','12:50:00.000000','low',''),(92,25,'nemožný','Út','13:00:00.000000','15:50:00.000000',NULL,'AS FIT'),(93,25,'nemožný','Čt','09:00:00.000000','12:50:00.000000',NULL,'KD'),(94,25,'nemožný','Pá','12:00:00.000000','15:50:00.000000',NULL,'seminář UPSY a akce UPSY'),(95,26,'nemožný','Po','07:00:00.000000','08:50:00.000000',NULL,'vozím děti do školky'),(96,26,'nemožný','Út','07:00:00.000000','08:50:00.000000',NULL,'vozím děti do školky'),(97,26,'nemožný','St','07:00:00.000000','08:50:00.000000',NULL,'vozím děti do školky'),(98,26,'nemožný','Čt','07:00:00.000000','08:50:00.000000',NULL,'vozím děti do školky'),(99,26,'nemožný','Pá','07:00:00.000000','08:50:00.000000',NULL,'vozím děti do školky'),(100,27,'nemožný','Po','07:00:00.000000','20:50:00.000000',NULL,'Lepší by bylo se pondělí vyhnout, ale pokud nutno, tak lze.'),(101,27,'nemožný','Út','13:00:00.000000','15:50:00.000000',NULL,'senát'),(102,27,'nemožný','St','16:00:00.000000','20:50:00.000000',NULL,'kvůli AS v úterý by mi více vyhovovala výuka ve středu'),(103,27,'nemožný','Čt','08:00:00.000000','12:50:00.000000',NULL,'kolegium dekana'),(104,28,'vyhovující','Út','14:00:00.000000','15:50:00.000000','low',''),(105,29,'nemožný','Po','13:00:00.000000','14:50:00.000000',NULL,'speech meeting'),(106,29,'nemožný','Út','13:00:00.000000','14:50:00.000000',NULL,'senát'),(107,29,'nemožný','Čt','07:00:00.000000','12:50:00.000000',NULL,'KD'),(108,30,'nemožný','Po','13:00:00.000000','14:50:00.000000',NULL,'speech meeting'),(109,30,'nemožný','Út','13:00:00.000000','14:50:00.000000',NULL,'senát'),(110,30,'nemožný','Čt','07:00:00.000000','12:50:00.000000',NULL,'KD'),(111,31,'vyhovující','Po','07:00:00.000000','18:50:00.000000','low','poč.lab. - O203 a O204 - obě místnosti - učíme propojeně'),(112,31,'vyhovující','Út','07:00:00.000000','18:50:00.000000','low','poč.lab. - O203 a O204 - obě místnosti - učíme propojeně'),(113,31,'nemožný','Čt','08:00:00.000000','11:50:00.000000',NULL,'KD'),(114,32,'vyhovující','Po','09:00:00.000000','17:50:00.000000','low',''),(115,32,'vyhovující','St','09:00:00.000000','16:50:00.000000','low',''),(116,32,'vyhovující','Pá','09:00:00.000000','15:50:00.000000','low',''),(117,32,'nemožný','Út','07:00:00.000000','12:50:00.000000',NULL,'Komise RVŠ (není nezbytně nutné)'),(118,32,'nemožný','Út','13:00:00.000000','20:50:00.000000',NULL,'Komise RVŠ, účast na AS FIT'),(119,32,'nemožný','Čt','07:00:00.000000','20:50:00.000000',NULL,'Sněm RVŠ, komise RVŠ, Seminář UITS'),(120,33,'vyhovující','Po','09:00:00.000000','17:50:00.000000','low','platí pro všechny dny vyjma překážek uvedených níže'),(121,33,'nemožný','Út','12:00:00.000000','14:50:00.000000',NULL,'AS FIT'),(122,33,'nemožný','St','12:00:00.000000','15:50:00.000000',NULL,'RSP'),(123,33,'nemožný','Čt','09:00:00.000000','12:50:00.000000',NULL,'KD'),(124,34,'vyhovující','Po','09:00:00.000000','18:50:00.000000','low','Přednášku v jednom dni rozdělit na 2 hod. (dopoledne) +1 hod. (odpoledne), na odpolední hodinu bezprostředně navázat 1 hod. demonstračního cvičení'),(125,34,'vyhovující','Út','09:00:00.000000','18:50:00.000000','low','Přednášku v jednom dni rozdělit na 2 hod. (dopoledne) +1 hod. (odpoledne), na odpolední hodinu bezprostředně navázat 1 hod. demonstračního cvičení'),(126,34,'vyhovující','St','09:00:00.000000','18:50:00.000000','low','Přednášku v jednom dni rozdělit na 2 hod. (dopoledne) +1 hod. (odpoledne), na odpolední hodinu bezprostředně navázat 1 hod. demonstračního cvičení'),(127,34,'vyhovující','Čt','09:00:00.000000','18:50:00.000000','low','Přednášku v jednom dni rozdělit na 2 hod. (dopoledne) +1 hod. (odpoledne), na odpolední hodinu bezprostředně navázat 1 hod. demonstračního cvičení'),(128,34,'vyhovující','Pá','09:00:00.000000','18:50:00.000000','low','Přednášku v jednom dni rozdělit na 2 hod. (dopoledne) +1 hod. (odpoledne), na odpolední hodinu bezprostředně navázat 1 hod. demonstračního cvičení'),(129,35,'vyhovující','Po','09:00:00.000000','18:50:00.000000','low','Přednášku v jednom dni rozdělit na 2 hod. (dopoledne) +1 hod. (odpoledne), na odpolední hodinu bezprostředně navázat 1 hod. demonstračního cvičení'),(130,35,'vyhovující','Út','09:00:00.000000','18:50:00.000000','low','Přednášku v jednom dni rozdělit na 2 hod. (dopoledne) +1 hod. (odpoledne), na odpolední hodinu bezprostředně navázat 1 hod. demonstračního cvičení'),(131,35,'vyhovující','St','09:00:00.000000','18:50:00.000000','low','Přednášku v jednom dni rozdělit na 2 hod. (dopoledne) +1 hod. (odpoledne), na odpolední hodinu bezprostředně navázat 1 hod. demonstračního cvičení'),(132,35,'vyhovující','Čt','09:00:00.000000','18:50:00.000000','low','Přednášku v jednom dni rozdělit na 2 hod. (dopoledne) +1 hod. (odpoledne), na odpolední hodinu bezprostředně navázat 1 hod. demonstračního cvičení'),(133,35,'vyhovující','Pá','09:00:00.000000','18:50:00.000000','low','Přednášku v jednom dni rozdělit na 2 hod. (dopoledne) +1 hod. (odpoledne), na odpolední hodinu bezprostředně navázat 1 hod. demonstračního cvičení'),(134,35,'nemožný','Po','07:00:00.000000','08:50:00.000000',NULL,'vozím děti do školky'),(135,35,'nemožný','Út','07:00:00.000000','08:50:00.000000',NULL,'vozím děti do školky'),(136,35,'nemožný','St','07:00:00.000000','08:50:00.000000',NULL,'vozím děti do školky'),(137,35,'nemožný','Čt','07:00:00.000000','08:50:00.000000',NULL,'vozím děti do školky'),(138,35,'nemožný','Pá','07:00:00.000000','08:50:00.000000',NULL,'vozím děti do školky'),(139,36,'vyhovující','Po','13:00:00.000000','18:50:00.000000','low','1BIB'),(140,36,'vyhovující','Út','13:00:00.000000','18:50:00.000000','low','1BIB'),(141,36,'vyhovující','St','13:00:00.000000','18:50:00.000000','low','1BIB'),(142,36,'vyhovující','Čt','13:00:00.000000','18:50:00.000000','low','1BIB'),(143,36,'vyhovující','Pá','13:00:00.000000','18:50:00.000000','low','1BIB'),(144,36,'nemožný','Po','07:00:00.000000','08:50:00.000000',NULL,'vozím děti do školky'),(145,36,'nemožný','Út','07:00:00.000000','08:50:00.000000',NULL,'vozím děti do školky'),(146,36,'nemožný','St','07:00:00.000000','08:50:00.000000',NULL,'vozím děti do školky'),(147,36,'nemožný','Čt','07:00:00.000000','08:50:00.000000',NULL,'vozím děti do školky'),(148,36,'nemožný','Pá','07:00:00.000000','08:50:00.000000',NULL,'vozím děti do školky'),(149,37,'vyhovující','Po','13:00:00.000000','18:50:00.000000','low','1BIA'),(150,37,'vyhovující','Út','13:00:00.000000','18:50:00.000000','low','1BIA'),(151,37,'vyhovující','St','13:00:00.000000','18:50:00.000000','low','1BIA'),(152,37,'vyhovující','Čt','13:00:00.000000','18:50:00.000000','low','1BIA'),(153,37,'vyhovující','Pá','13:00:00.000000','18:50:00.000000','low','1BIA'),(154,37,'nemožný','Po','07:00:00.000000','08:50:00.000000',NULL,'vozím děti do školky'),(155,37,'nemožný','Út','07:00:00.000000','08:50:00.000000',NULL,'vozím děti do školky'),(156,37,'nemožný','St','07:00:00.000000','08:50:00.000000',NULL,'vozím děti do školky'),(157,37,'nemožný','Čt','07:00:00.000000','08:50:00.000000',NULL,'vozím děti do školky'),(158,37,'nemožný','Pá','07:00:00.000000','08:50:00.000000',NULL,'vozím děti do školky'),(159,38,'vyhovující','Po','13:00:00.000000','14:50:00.000000','low',''),(160,39,'vyhovující','Po','16:00:00.000000','17:50:00.000000','low',''),(161,39,'vyhovující','Út','16:00:00.000000','17:50:00.000000','low',''),(162,39,'vyhovující','St','16:00:00.000000','17:50:00.000000','low',''),(163,39,'vyhovující','Čt','16:00:00.000000','17:50:00.000000','low',''),(164,39,'nemožný','Po','07:00:00.000000','15:50:00.000000',NULL,'Vedoucí ústavu - do 16:00 nešikovné'),(165,39,'nemožný','Út','07:00:00.000000','15:50:00.000000',NULL,'Vedoucí ústavu - do 16:00 nešikovné'),(166,39,'nemožný','St','07:00:00.000000','15:50:00.000000',NULL,'Vedoucí ústavu - do 16:00 nešikovné'),(167,39,'nemožný','Čt','07:00:00.000000','15:50:00.000000',NULL,'Vedoucí ústavu - do 16:00 nešikovné'),(168,39,'nemožný','Pá','07:00:00.000000','15:50:00.000000',NULL,'Vedoucí ústavu - do 16:00 nešikovné'),(169,40,'nemožný','Út','07:00:00.000000','11:50:00.000000',NULL,'Kolegia rektora/schze Graph@FIT'),(170,40,'nemožný','St','09:00:00.000000','12:50:00.000000',NULL,'Vědecké rady FIT'),(171,40,'nemožný','Čt','08:00:00.000000','11:50:00.000000',NULL,'Kolegia děkana'),(172,41,'nemožný','Út','13:00:00.000000','16:50:00.000000',NULL,'senát'),(173,41,'nemožný','Čt','07:00:00.000000','13:50:00.000000',NULL,'kolegium děkana'),(174,41,'nemožný','Pá','07:00:00.000000','20:50:00.000000',NULL,'Nedostatečná účast na přednáškách - studenti pak mají problémy'),(175,42,'vyhovující','Po','13:00:00.000000','14:50:00.000000','low','Ideální termín, případně by mohl začínat o hodinu dříve i hodinu později'),(176,42,'nemožný','Po','07:00:00.000000','10:50:00.000000',NULL,'Často mimo FIT'),(177,42,'nemožný','Po','16:00:00.000000','18:50:00.000000',NULL,'Často mimo FIT'),(178,42,'nemožný','Út','07:00:00.000000','09:50:00.000000',NULL,'Často mimo FIT'),(179,42,'nemožný','Út','13:00:00.000000','17:50:00.000000',NULL,'Senát FIT, zasedání RNMSP'),(180,42,'nemožný','St','07:00:00.000000','10:50:00.000000',NULL,'Často mimo FIT'),(181,42,'nemožný','Čt','08:00:00.000000','11:50:00.000000',NULL,'Kolegium děkana'),(182,42,'nemožný','Čt','13:00:00.000000','16:50:00.000000',NULL,'Jednání EK AS FIT'),(183,42,'nemožný','Pá','07:00:00.000000','09:50:00.000000',NULL,'Často mimo FIT'),(184,43,'nemožný','Po','07:00:00.000000','09:50:00.000000',NULL,'školka'),(185,43,'nemožný','Út','07:00:00.000000','09:50:00.000000',NULL,'školka'),(186,43,'nemožný','St','07:00:00.000000','09:50:00.000000',NULL,'školka'),(187,43,'nemožný','Čt','07:00:00.000000','09:50:00.000000',NULL,'školka'),(188,43,'nemožný','Pá','07:00:00.000000','09:50:00.000000',NULL,'školka'),(189,44,'nemožný','Út','07:00:00.000000','11:50:00.000000',NULL,'Kolegia rektora/schze Graph@FIT'),(190,44,'nemožný','St','09:00:00.000000','12:50:00.000000',NULL,'Vědecké rady FIT'),(191,44,'nemožný','Čt','08:00:00.000000','11:50:00.000000',NULL,'Kolegia děkana'),(192,45,'nemožný','Út','07:00:00.000000','11:50:00.000000',NULL,'Kolegia rektora/schze Graph@FIT'),(193,45,'nemožný','St','09:00:00.000000','12:50:00.000000',NULL,'Vědecké rady FIT'),(194,45,'nemožný','Čt','08:00:00.000000','11:50:00.000000',NULL,'Kolegia děkana'),(195,46,'nemožný','Po','07:00:00.000000','07:50:00.000000',NULL,'Vozím děti do školy'),(196,46,'nemožný','Út','07:00:00.000000','07:50:00.000000',NULL,'Vozím děti do školy'),(197,46,'nemožný','St','07:00:00.000000','07:50:00.000000',NULL,'Vozím děti do školy'),(198,46,'nemožný','Čt','07:00:00.000000','07:50:00.000000',NULL,'Vozím děti do školy'),(199,46,'nemožný','Pá','07:00:00.000000','07:50:00.000000',NULL,'Vozím děti do školy'),(200,46,'nemožný','Út','07:00:00.000000','11:50:00.000000',NULL,'meetingy'),(201,47,'vyhovující','Út','17:00:00.000000','19:50:00.000000','low',''),(202,47,'vyhovující','St','17:00:00.000000','19:50:00.000000','low',''),(203,48,'nemožný','Út','07:00:00.000000','11:50:00.000000',NULL,'Kolegia rektora/schze Graph@FIT'),(204,48,'nemožný','St','09:00:00.000000','12:50:00.000000',NULL,'Vědecké rady FIT'),(205,48,'nemožný','Čt','08:00:00.000000','11:50:00.000000',NULL,'Kolegia děkana'),(206,49,'vyhovující','Čt','13:00:00.000000','18:50:00.000000','low',''),(207,50,'vyhovující','Čt','13:00:00.000000','18:50:00.000000','low',''),(208,51,'vyhovující','Čt','10:00:00.000000','11:50:00.000000','low','pripadne jiny den v tuto dobu'),(209,52,'vyhovující','Po','08:00:00.000000','14:50:00.000000','low','výjimky viz \"Nemohu učit\"'),(210,52,'vyhovující','Út','08:00:00.000000','14:50:00.000000','low','výjimky viz \"Nemohu učit\"'),(211,52,'vyhovující','St','08:00:00.000000','14:50:00.000000','low','výjimky viz \"Nemohu učit\"'),(212,52,'vyhovující','Čt','08:00:00.000000','14:50:00.000000','low','výjimky viz \"Nemohu učit\"'),(213,52,'vyhovující','Pá','08:00:00.000000','14:50:00.000000','low','výjimky viz \"Nemohu učit\"'),(214,52,'nemožný','Po','07:00:00.000000','07:50:00.000000',NULL,'doprava syna do školy'),(215,52,'nemožný','Út','07:00:00.000000','07:50:00.000000',NULL,'doprava syna do školy'),(216,52,'nemožný','St','07:00:00.000000','07:50:00.000000',NULL,'doprava syna do školy'),(217,52,'nemožný','Čt','07:00:00.000000','07:50:00.000000',NULL,'doprava syna do školy'),(218,52,'nemožný','Pá','07:00:00.000000','07:50:00.000000',NULL,'doprava syna do školy'),(219,52,'nemožný','Po','07:00:00.000000','20:50:00.000000',NULL,'prosím o bezkoliznost s rozvrhem IMP'),(220,52,'nemožný','Út','07:00:00.000000','20:50:00.000000',NULL,'prosím o bezkoliznost s rozvrhem IMP'),(221,52,'nemožný','St','07:00:00.000000','20:50:00.000000',NULL,'prosím o bezkoliznost s rozvrhem IMP'),(222,52,'nemožný','Čt','07:00:00.000000','20:50:00.000000',NULL,'prosím o bezkoliznost s rozvrhem IMP'),(223,52,'nemožný','Pá','07:00:00.000000','20:50:00.000000',NULL,'prosím o bezkoliznost s rozvrhem IMP'),(224,52,'nemožný','Po','15:00:00.000000','15:50:00.000000',NULL,'doprava syna ze školy'),(225,52,'nemožný','Út','15:00:00.000000','15:50:00.000000',NULL,'doprava syna ze školy'),(226,52,'nemožný','St','15:00:00.000000','15:50:00.000000',NULL,'doprava syna ze školy'),(227,52,'nemožný','Čt','15:00:00.000000','15:50:00.000000',NULL,'doprava syna ze školy'),(228,52,'nemožný','Pá','15:00:00.000000','15:50:00.000000',NULL,'doprava syna ze školy'),(229,52,'nemožný','Pá','13:00:00.000000','14:50:00.000000',NULL,'seminář ÚPSY'),(230,53,'vyhovující','Po','07:00:00.000000','10:50:00.000000','low','Preferuji rána (klidně hned od 7 hodin)'),(231,53,'vyhovující','Út','07:00:00.000000','10:50:00.000000','low','Preferuji rána (klidně hned od 7 hodin)'),(232,53,'vyhovující','St','07:00:00.000000','10:50:00.000000','low','Preferuji rána (klidně hned od 7 hodin)'),(233,53,'vyhovující','Čt','07:00:00.000000','10:50:00.000000','low','Preferuji rána (klidně hned od 7 hodin)'),(234,53,'vyhovující','Pá','07:00:00.000000','10:50:00.000000','low','Preferuji rána (klidně hned od 7 hodin)'),(235,53,'vyhovující','Út','07:00:00.000000','10:50:00.000000','low',''),(236,53,'vyhovující','Út','12:00:00.000000','15:50:00.000000','low',''),(237,53,'nemožný','Út','16:00:00.000000','20:50:00.000000',NULL,''),(238,53,'nemožný','Čt','09:00:00.000000','12:50:00.000000',NULL,'Kolegium děkana'),(239,53,'nemožný','Čt','16:00:00.000000','20:50:00.000000',NULL,''),(240,54,'vyhovující','Po','10:00:00.000000','12:50:00.000000','low',''),(241,54,'vyhovující','Út','08:00:00.000000','14:50:00.000000','low','Nejlépe 10:00-11:50'),(242,54,'nemožný','Čt','07:00:00.000000','16:50:00.000000',NULL,'KD, semináře ÚITS, pracovní schůzky skupiny ISY'),(243,56,'vyhovující','Po','09:00:00.000000','19:50:00.000000','low',''),(244,56,'vyhovující','Út','09:00:00.000000','19:50:00.000000','low',''),(245,56,'vyhovující','St','09:00:00.000000','19:50:00.000000','low',''),(246,56,'vyhovující','Čt','09:00:00.000000','19:50:00.000000','low',''),(247,57,'vyhovující','St','10:00:00.000000','11:50:00.000000','low',''),(248,58,'vyhovující','St','14:00:00.000000','16:50:00.000000','low','Pokud možno ponechat mezeru po konání -- některé semináře bývají delší.'),(249,59,'nemožný','Po','07:00:00.000000','07:50:00.000000',NULL,'Vozím děti do školy'),(250,59,'nemožný','Út','07:00:00.000000','07:50:00.000000',NULL,'Vozím děti do školy'),(251,59,'nemožný','St','07:00:00.000000','07:50:00.000000',NULL,'Vozím děti do školy'),(252,59,'nemožný','Čt','07:00:00.000000','07:50:00.000000',NULL,'Vozím děti do školy'),(253,59,'nemožný','Pá','07:00:00.000000','07:50:00.000000',NULL,'Vozím děti do školy'),(254,59,'nemožný','Út','07:00:00.000000','11:50:00.000000',NULL,'meetingy'),(255,60,'vyhovující','Po','13:00:00.000000','18:50:00.000000','low','Byl bych pouze rád, aby přednáška TIN zůstala v pondělním odpoledním rozvrhu, případně i jiný den, ale odpoledne.'),(256,61,'nemožný','Pá','07:00:00.000000','20:50:00.000000',NULL,''),(257,62,'vyhovující','Po','10:00:00.000000','12:50:00.000000','low','Pokud by rozvrh pro IAL, IFJ a ZZN mohl zůstat stejný jako loni, bylo by to asi ideální.'),(258,63,'vyhovující','Po','10:00:00.000000','12:50:00.000000','low','jako vloni'),(259,63,'nemožný','Po','07:00:00.000000','09:50:00.000000',NULL,''),(260,63,'nemožný','Út','07:00:00.000000','09:50:00.000000',NULL,''),(261,63,'nemožný','St','07:00:00.000000','14:50:00.000000',NULL,'věd. rady'),(262,63,'nemožný','Čt','07:00:00.000000','12:50:00.000000',NULL,'věd. rady'),(263,64,'vyhovující','Po','08:00:00.000000','15:50:00.000000','medium',''),(264,64,'vyhovující','Út','08:00:00.000000','15:50:00.000000','medium',''),(265,64,'vyhovující','St','08:00:00.000000','15:50:00.000000','medium',''),(266,64,'vyhovující','Čt','08:00:00.000000','15:50:00.000000','medium',''),(267,64,'vyhovující','Pá','08:00:00.000000','15:50:00.000000','medium',''),(268,65,'vyhovující','Po','09:00:00.000000','16:50:00.000000','high',''),(269,65,'vyhovující','Út','09:00:00.000000','13:50:00.000000','medium',''),(270,66,'nemožný','Pá','07:00:00.000000','20:50:00.000000',NULL,''),(271,67,'vyhovující','Po','08:00:00.000000','16:50:00.000000','medium',''),(272,67,'vyhovující','Út','08:00:00.000000','16:50:00.000000','medium',''),(273,67,'vyhovující','St','08:00:00.000000','16:50:00.000000','medium',''),(274,67,'vyhovující','Čt','08:00:00.000000','16:50:00.000000','medium',''),(275,67,'vyhovující','Pá','08:00:00.000000','16:50:00.000000','medium',''),(276,67,'nemožný','Pá','07:00:00.000000','20:50:00.000000',NULL,''),(277,68,'nemožný','Út','13:00:00.000000','15:50:00.000000',NULL,'Senát'),(278,68,'nemožný','Čt','09:00:00.000000','11:50:00.000000',NULL,'kolegium děkana'),(279,68,'nemožný','Pá','12:00:00.000000','14:50:00.000000',NULL,'seminář UPSY, schůzky'),(280,69,'vyhovující','Út','10:00:00.000000','13:50:00.000000','medium','nebo pondělí, středa, čtvrtek, ne v době BIN předmětu'),(281,69,'nemožný','Pá','07:00:00.000000','17:50:00.000000',NULL,''),(282,70,'nemožný','Po','07:00:00.000000','09:50:00.000000',NULL,''),(283,70,'nemožný','Út','07:00:00.000000','09:50:00.000000',NULL,''),(284,70,'nemožný','St','07:00:00.000000','09:50:00.000000',NULL,''),(285,71,'vyhovující','Čt','13:00:00.000000','18:50:00.000000','high',''),(286,72,'vyhovující','Po','12:00:00.000000','15:50:00.000000','medium','V tomto okně, bylo to tak i letos'),(287,72,'nemožný','Po','07:00:00.000000','10:50:00.000000',NULL,'často mimo FIT'),(288,72,'nemožný','Po','16:00:00.000000','18:50:00.000000',NULL,'často mimo FIT'),(289,72,'nemožný','Út','07:00:00.000000','09:50:00.000000',NULL,'často mimo FIT'),(290,72,'nemožný','Út','13:00:00.000000','17:50:00.000000',NULL,'senát FIT'),(291,72,'nemožný','St','07:00:00.000000','10:50:00.000000',NULL,'často mimo FIT'),(292,72,'nemožný','Čt','08:00:00.000000','11:50:00.000000',NULL,'kolegium děkana'),(293,72,'nemožný','Pá','07:00:00.000000','09:50:00.000000',NULL,'často mimo FIT'),(294,73,'vyhovující','Út','09:00:00.000000','11:50:00.000000','medium',''),(295,75,'vyhovující','St','16:00:00.000000','17:50:00.000000','low',''),(296,75,'nemožný','Po','08:00:00.000000','10:50:00.000000',NULL,'Schůzky k projektům'),(297,76,'nemožný','Po','07:00:00.000000','08:50:00.000000',NULL,''),(298,76,'nemožný','Út','07:00:00.000000','08:50:00.000000',NULL,''),(299,76,'nemožný','St','07:00:00.000000','08:50:00.000000',NULL,''),(300,76,'nemožný','Čt','07:00:00.000000','08:50:00.000000',NULL,''),(301,76,'nemožný','Pá','07:00:00.000000','08:50:00.000000',NULL,''),(302,77,'nemožný','St','07:00:00.000000','14:50:00.000000',NULL,'J. Zendulka - věd. rady'),(303,77,'nemožný','Čt','07:00:00.000000','13:50:00.000000',NULL,'J. Zendulka - věd. rady'),(304,77,'nemožný','Pá','07:00:00.000000','10:50:00.000000',NULL,'J. Zendulka - angličtina'),(305,78,'nemožný','Út','07:00:00.000000','20:50:00.000000',NULL,'komise RVŠ (není nezbytně nutné)'),(306,78,'nemožný','Čt','07:00:00.000000','20:50:00.000000',NULL,'Sněm RVŠ, komise RVŠ, Seminář UITS'),(307,79,'nemožný','Po','07:00:00.000000','08:50:00.000000',NULL,''),(308,79,'nemožný','Út','07:00:00.000000','08:50:00.000000',NULL,''),(309,79,'nemožný','St','07:00:00.000000','08:50:00.000000',NULL,''),(310,79,'nemožný','Čt','07:00:00.000000','08:50:00.000000',NULL,''),(311,79,'nemožný','Pá','07:00:00.000000','08:50:00.000000',NULL,''),(312,80,'nemožný','Po','13:00:00.000000','14:50:00.000000',NULL,'speech meeting'),(313,81,'vyhovující','Po','08:00:00.000000','09:50:00.000000','high',''),(314,82,'vyhovující','Po','13:00:00.000000','14:50:00.000000','high',''),(315,83,'vyhovující','Po','08:00:00.000000','17:50:00.000000','medium',''),(316,83,'vyhovující','Út','08:00:00.000000','17:50:00.000000','medium',''),(317,83,'vyhovující','St','08:00:00.000000','17:50:00.000000','medium',''),(318,83,'vyhovující','Čt','08:00:00.000000','17:50:00.000000','medium',''),(319,83,'vyhovující','Pá','08:00:00.000000','17:50:00.000000','medium',''),(320,83,'nemožný','Pá','07:00:00.000000','20:50:00.000000',NULL,''),(321,84,'vyhovující','St','09:00:00.000000','11:50:00.000000','high','Ranní skupina'),(322,84,'vyhovující','St','14:00:00.000000','16:50:00.000000','high','Odpolední skupina'),(323,84,'nemožný','Čt','09:00:00.000000','11:50:00.000000',NULL,'Kolegium děkana'),(324,85,'vyhovující','Po','09:00:00.000000','16:50:00.000000','medium',''),(325,85,'vyhovující','Út','09:00:00.000000','16:50:00.000000','medium',''),(326,85,'vyhovující','St','09:00:00.000000','16:50:00.000000','medium',''),(327,85,'vyhovující','Čt','09:00:00.000000','16:50:00.000000','medium',''),(328,85,'vyhovující','Pá','09:00:00.000000','16:50:00.000000','medium',''),(329,85,'nemožný','Po','07:00:00.000000','08:50:00.000000',NULL,''),(330,85,'nemožný','Út','07:00:00.000000','08:50:00.000000',NULL,''),(331,85,'nemožný','St','07:00:00.000000','08:50:00.000000',NULL,''),(332,85,'nemožný','Čt','07:00:00.000000','08:50:00.000000',NULL,''),(333,85,'nemožný','Pá','07:00:00.000000','08:50:00.000000',NULL,''),(334,86,'vyhovující','Út','10:00:00.000000','12:50:00.000000','medium','První půlka'),(335,86,'vyhovující','St','11:00:00.000000','13:50:00.000000','medium','Druhá půlka'),(336,86,'nemožný','Po','07:00:00.000000','10:50:00.000000',NULL,'často mimo FIT'),(337,86,'nemožný','Po','16:00:00.000000','18:50:00.000000',NULL,'často mimo FIT'),(338,86,'nemožný','Út','07:00:00.000000','09:50:00.000000',NULL,'často mimo FIT'),(339,86,'nemožný','Út','13:00:00.000000','17:50:00.000000',NULL,'senát FIT'),(340,86,'nemožný','St','07:00:00.000000','10:50:00.000000',NULL,'často mimo FIT'),(341,86,'nemožný','Čt','08:00:00.000000','11:50:00.000000',NULL,'kolegium děkana'),(342,86,'nemožný','Pá','07:00:00.000000','09:50:00.000000',NULL,'často mimo FIT'),(343,87,'vyhovující','Čt','09:00:00.000000','10:50:00.000000','medium',''),(344,88,'vyhovující','Po','09:00:00.000000','18:50:00.000000','high','Přednáška v jakýkoliv jiný den mi posouvá cvičení o týden (Velikonoční pondělí nebude problém)'),(345,88,'nemožný','Čt','10:00:00.000000','16:50:00.000000',NULL,'Jednání STRaDe'),(346,89,'vyhovující','Út','11:00:00.000000','12:50:00.000000','medium',''),(347,89,'nemožný','Po','07:00:00.000000','20:50:00.000000',NULL,''),(348,89,'nemožný','Pá','07:00:00.000000','20:50:00.000000',NULL,''),(349,90,'vyhovující','Po','09:00:00.000000','14:50:00.000000','medium','nepravidelný požadavek, babysitting'),(350,90,'vyhovující','Út','09:00:00.000000','14:50:00.000000','medium','nepravidelný požadavek, babysitting'),(351,90,'vyhovující','St','09:00:00.000000','14:50:00.000000','medium','nepravidelný požadavek, babysitting'),(352,90,'vyhovující','Čt','09:00:00.000000','14:50:00.000000','medium','nepravidelný požadavek, babysitting'),(353,90,'vyhovující','Pá','09:00:00.000000','14:50:00.000000','medium','nepravidelný požadavek, babysitting'),(354,91,'vyhovující','Po','09:00:00.000000','17:50:00.000000','low','platí pro všechny dny v týdnu vyjma překážek uvedených níže'),(355,91,'nemožný','Út','12:00:00.000000','14:50:00.000000',NULL,'AS FIT'),(356,91,'nemožný','Čt','07:00:00.000000','12:50:00.000000',NULL,'KD'),(357,92,'vyhovující','Út','08:00:00.000000','09:50:00.000000','low',''),(358,93,'vyhovující','Út','09:00:00.000000','17:50:00.000000','medium',''),(359,93,'vyhovující','St','09:00:00.000000','17:50:00.000000','medium',''),(360,93,'vyhovující','Čt','09:00:00.000000','17:50:00.000000','medium',''),(361,93,'nemožný','Út','07:00:00.000000','09:50:00.000000',NULL,'graph meeting'),(362,94,'vyhovující','Po','09:00:00.000000','12:50:00.000000','medium','Nejlépe stejně, jako vždy'),(363,94,'nemožný','Čt','08:00:00.000000','16:50:00.000000',NULL,'KD, schůzky výzkumné skupiny'),(364,95,'vyhovující','Po','08:00:00.000000','18:50:00.000000','medium',''),(365,95,'vyhovující','Út','08:00:00.000000','18:50:00.000000','medium',''),(366,96,'vyhovující','Po','09:00:00.000000','17:50:00.000000','low','1 MIT, 2MIT'),(367,96,'vyhovující','Út','09:00:00.000000','17:50:00.000000','low','1 MIT, 2MIT'),(368,96,'vyhovující','St','09:00:00.000000','17:50:00.000000','low','1 MIT, 2MIT'),(369,96,'vyhovující','Čt','09:00:00.000000','17:50:00.000000','low','1 MIT, 2MIT'),(370,96,'vyhovující','Pá','09:00:00.000000','17:50:00.000000','low','1 MIT, 2MIT'),(371,98,'nemožný','Po','17:00:00.000000','20:50:00.000000',NULL,''),(372,98,'nemožný','Út','07:00:00.000000','11:50:00.000000',NULL,'Kolegia rektora/schze Graph@FIT'),(373,98,'nemožný','Út','17:00:00.000000','20:50:00.000000',NULL,''),(374,98,'nemožný','St','09:00:00.000000','12:50:00.000000',NULL,'Vědecké rady FIT'),(375,98,'nemožný','Čt','08:00:00.000000','11:50:00.000000',NULL,'Kolegia děkana'),(376,99,'vyhovující','Po','13:00:00.000000','16:50:00.000000','medium','Ideálně od 14:00, hodina cvičení pak do 18:00'),(377,99,'vyhovující','Út','13:00:00.000000','16:50:00.000000','medium','Ideálně od 14:00, hodina cvičení pak do 18:00'),(378,99,'vyhovující','St','13:00:00.000000','16:50:00.000000','medium','Ideálně od 14:00, hodina cvičení pak do 18:00'),(379,99,'vyhovující','Čt','13:00:00.000000','16:50:00.000000','medium','Ideálně od 14:00, hodina cvičení pak do 18:00'),(380,99,'vyhovující','Pá','13:00:00.000000','16:50:00.000000','medium','Ideálně od 14:00, hodina cvičení pak do 18:00'),(381,99,'nemožný','Po','07:00:00.000000','11:50:00.000000',NULL,'zdravotní důvody'),(382,99,'nemožný','Út','07:00:00.000000','11:50:00.000000',NULL,'zdravotní důvody'),(383,99,'nemožný','St','07:00:00.000000','11:50:00.000000',NULL,'zdravotní důvody'),(384,99,'nemožný','Čt','07:00:00.000000','11:50:00.000000',NULL,'zdravotní důvody'),(385,99,'nemožný','Pá','07:00:00.000000','11:50:00.000000',NULL,'zdravotní důvody'),(386,100,'vyhovující','Po','10:00:00.000000','12:50:00.000000','medium',''),(387,100,'nemožný','Po','17:00:00.000000','20:50:00.000000',NULL,'pravidelná překážka'),(388,100,'nemožný','Út','07:00:00.000000','12:50:00.000000',NULL,'občas kolegia rektora'),(389,100,'nemožný','Út','17:00:00.000000','20:50:00.000000',NULL,'pravidelná překážka'),(390,100,'nemožný','St','07:00:00.000000','09:50:00.000000',NULL,'pravidelná překážka'),(391,100,'nemožný','St','07:00:00.000000','20:50:00.000000',NULL,'nepravidelně VR mimo FIT'),(392,100,'nemožný','St','17:00:00.000000','20:50:00.000000',NULL,'pravidelná překážka'),(393,100,'nemožný','Čt','07:00:00.000000','13:50:00.000000',NULL,'kolegium děkana'),(394,100,'nemožný','Čt','17:00:00.000000','20:50:00.000000',NULL,'pravidelná překážka'),(395,100,'nemožný','Pá','07:00:00.000000','09:50:00.000000',NULL,'pravidelná překážka'),(396,100,'nemožný','Pá','14:00:00.000000','20:50:00.000000',NULL,'pravidelná překážka'),(397,101,'vyhovující','Út','09:00:00.000000','10:50:00.000000','high',''),(398,102,'vyhovující','Út','11:00:00.000000','12:50:00.000000','high',''),(399,102,'vyhovující','Út','17:00:00.000000','18:50:00.000000','high',''),(400,103,'vyhovující','Út','09:00:00.000000','10:50:00.000000','high',''),(401,104,'vyhovující','Út','11:00:00.000000','12:50:00.000000','high',''),(402,104,'vyhovující','Út','17:00:00.000000','18:50:00.000000','high',''),(403,105,'vyhovující','Út','09:00:00.000000','10:50:00.000000','high',''),(404,106,'vyhovující','Út','11:00:00.000000','12:50:00.000000','high',''),(405,106,'vyhovující','Út','17:00:00.000000','18:50:00.000000','high',''),(406,107,'vyhovující','St','08:00:00.000000','10:50:00.000000','medium',''),(407,107,'nemožný','Út','13:00:00.000000','15:50:00.000000',NULL,''),(408,107,'nemožný','Čt','08:00:00.000000','14:50:00.000000',NULL,''),(409,108,'vyhovující','Čt','13:00:00.000000','18:50:00.000000','high',''),(410,109,'vyhovující','Čt','13:00:00.000000','18:50:00.000000','high',''),(411,110,'vyhovující','Po','09:00:00.000000','19:50:00.000000','medium','Prosim Po - Ct.'),(412,110,'vyhovující','Út','09:00:00.000000','19:50:00.000000','medium','Prosim Po - Ct.'),(413,110,'vyhovující','St','09:00:00.000000','19:50:00.000000','medium','Prosim Po - Ct.'),(414,110,'vyhovující','Čt','09:00:00.000000','19:50:00.000000','medium','Prosim Po - Ct.'),(415,110,'vyhovující','Pá','09:00:00.000000','19:50:00.000000','medium','Prosim Po - Ct.'),(416,111,'vyhovující','Čt','08:00:00.000000','09:50:00.000000','medium','Jako minulý rok'),(417,112,'vyhovující','Út','10:00:00.000000','15:50:00.000000','medium',''),(418,112,'vyhovující','St','10:00:00.000000','15:50:00.000000','medium',''),(419,112,'vyhovující','Čt','10:00:00.000000','15:50:00.000000','medium',''),(420,113,'vyhovující','Út','13:00:00.000000','15:50:00.000000','medium',''),(421,113,'nemožný','Po','17:00:00.000000','20:50:00.000000',NULL,'pravidelná překážka'),(422,113,'nemožný','Út','07:00:00.000000','12:50:00.000000',NULL,'občas kolegia rektora'),(423,113,'nemožný','Út','17:00:00.000000','20:50:00.000000',NULL,'pravidelná překážka'),(424,113,'nemožný','St','07:00:00.000000','09:50:00.000000',NULL,'pravidelná překážka'),(425,113,'nemožný','St','07:00:00.000000','20:50:00.000000',NULL,'nepravidelně VR mimo FIT'),(426,113,'nemožný','St','17:00:00.000000','20:50:00.000000',NULL,'pravidelná překážka'),(427,113,'nemožný','Čt','07:00:00.000000','13:50:00.000000',NULL,'kolegium děkana'),(428,113,'nemožný','Čt','17:00:00.000000','20:50:00.000000',NULL,'pravidelná překážka'),(429,113,'nemožný','Pá','07:00:00.000000','09:50:00.000000',NULL,'pravidelná překážka'),(430,113,'nemožný','Pá','14:00:00.000000','20:50:00.000000',NULL,'pravidelná překážka'),(431,114,'nemožný','Po','17:00:00.000000','20:50:00.000000',NULL,''),(432,114,'nemožný','Út','07:00:00.000000','11:50:00.000000',NULL,'Kolegia rektora/schze Graph@FIT'),(433,114,'nemožný','Út','17:00:00.000000','20:50:00.000000',NULL,''),(434,114,'nemožný','St','09:00:00.000000','12:50:00.000000',NULL,'Vědecké rady FIT'),(435,114,'nemožný','Čt','08:00:00.000000','11:50:00.000000',NULL,'Kolegia děkana'),(436,115,'nemožný','Po','13:00:00.000000','14:50:00.000000',NULL,'speech meeting'),(437,115,'nemožný','Út','13:00:00.000000','14:50:00.000000',NULL,'Senát'),(438,115,'nemožný','Čt','08:00:00.000000','11:50:00.000000',NULL,'Kolegium děkana');
/*!40000 ALTER TABLE `terminyPozadavkuNaRozvrh` ENABLE KEYS */;
UNLOCK TABLES;

--
-- Table structure for table `terminyPozadavkuNaZkousky`
--

DROP TABLE IF EXISTS `terminyPozadavkuNaZkousky`;
/*!40101 SET @saved_cs_client     = @@character_set_client */;
/*!40101 SET character_set_client = utf8 */;
CREATE TABLE `terminyPozadavkuNaZkousky` (
  `id` int(11) NOT NULL,
  `id_pozadavkuNaZkousky` int(11) DEFAULT NULL,
  `typ` enum('vyhovující','nemožný') DEFAULT NULL,
  `termin` enum('všechny','předtermín','1. termín','2. termín','3. termín','4. termín','5. termín') DEFAULT NULL,
  `datum_od` date DEFAULT NULL,
  `datum_do` date DEFAULT NULL,
  `den` varchar(100) DEFAULT NULL,
  `cas_od` time(6) DEFAULT NULL,
  `cas_do` time(6) DEFAULT NULL,
  `hod.` int(11) DEFAULT NULL,
  `pocet_kol` int(11) DEFAULT NULL,
  `pref_mistnosti` varchar(100) DEFAULT NULL,
  `poznamka` text,
  PRIMARY KEY (`id`),
  UNIQUE KEY `id_UNIQUE` (`id`),
  KEY `fk_terminyPozadavkuNaZkousky_pozadavkyNaZkousky1_idx` (`id_pozadavkuNaZkousky`),
  CONSTRAINT `fk_terminyPozadavkuNaZkousky_pozadavkyNaZkousky1` FOREIGN KEY (`id_pozadavkuNaZkousky`) REFERENCES `pozadavkyNaZkousky` (`id`) ON DELETE NO ACTION ON UPDATE NO ACTION
) ENGINE=InnoDB DEFAULT CHARSET=utf8;
/*!40101 SET character_set_client = @saved_cs_client */;

--
-- Dumping data for table `terminyPozadavkuNaZkousky`
--

LOCK TABLES `terminyPozadavkuNaZkousky` WRITE;
/*!40000 ALTER TABLE `terminyPozadavkuNaZkousky` DISABLE KEYS */;
INSERT INTO `terminyPozadavkuNaZkousky` VALUES (1,2,'vyhovující','všechny','2016-01-11','2016-02-05','-','08:00:00.000000','16:50:00.000000',2,1,'E112, D0206','1. týden v lednu ještě obhajoby projktů'),(2,2,'nemožný',NULL,'2016-01-11','2016-01-31','úterý','08:00:00.000000','11:50:00.000000',NULL,NULL,NULL,'Kolegia rektora než bude nový děkan'),(3,2,'nemožný',NULL,'2016-01-11','2016-01-31','čtvrtek','09:00:00.000000','12:50:00.000000',NULL,NULL,NULL,'Kolegia děkana než bude nový děkan'),(4,2,'nemožný',NULL,'2016-01-04','2016-01-08','-','07:00:00.000000','20:50:00.000000',NULL,NULL,NULL,'1. týden v lednu ještě obhajoby projktů'),(5,5,'nemožný',NULL,'2016-01-04','2016-02-05','pátek','07:00:00.000000','20:50:00.000000',NULL,NULL,NULL,''),(6,6,'nemožný',NULL,'2016-01-18','2015-01-22','-','07:00:00.000000','20:50:00.000000',NULL,NULL,NULL,''),(7,7,'vyhovující','všechny','2016-01-04','2016-02-05','středa','07:00:00.000000','20:50:00.000000',2,1,'A113','test'),(8,7,'nemožný',NULL,'2016-01-04','2016-02-05','čtvrtek','07:00:00.000000','12:50:00.000000',NULL,NULL,NULL,'kolegium'),(9,8,'nemožný',NULL,'2016-01-04','2016-02-05','úterý','13:00:00.000000','15:50:00.000000',NULL,NULL,NULL,'AS FIT'),(10,8,'nemožný',NULL,'2016-01-04','2016-02-05','-','07:00:00.000000','20:50:00.000000',NULL,NULL,NULL,''),(11,9,'vyhovující','1. termín','2016-01-04','2016-02-05','-','07:00:00.000000','20:50:00.000000',3,1,'',''),(12,9,'vyhovující','2. termín','2016-01-04','2016-02-05','-','07:00:00.000000','20:50:00.000000',3,1,'',''),(13,9,'vyhovující','3. termín','2016-01-04','2016-02-05','-','07:00:00.000000','20:50:00.000000',2,1,'',''),(14,9,'nemožný',NULL,'2016-01-25','2016-01-27','-','07:00:00.000000','20:50:00.000000',NULL,NULL,NULL,'Gaudeamus Praha'),(15,10,'nemožný',NULL,'2016-01-25','2016-01-27','-','07:00:00.000000','20:50:00.000000',NULL,NULL,NULL,'Gaudeamus Praha'),(16,11,'vyhovující','1. termín','2016-01-05','2016-01-05','-','10:00:00.000000','12:50:00.000000',2,1,'D105, D0206, E112','10:45 - 12:45, BIA na FIT, BIB na FEKT'),(17,11,'vyhovující','2. termín','2016-01-22','2016-01-22','-','13:00:00.000000','15:50:00.000000',2,1,'D105, D0206, D0207','13:15 - 15:15, BIA na FIT, BIB na FEKT'),(18,11,'vyhovující','3. termín','2016-02-02','2016-02-02','-','11:00:00.000000','13:50:00.000000',2,1,'D105, D0207','11:15 - 13:15, BIA na FIT, BIB na FEKT'),(19,12,'vyhovující','předtermín','2015-12-18','2015-12-18','pátek','14:00:00.000000','16:50:00.000000',3,1,'',''),(20,12,'vyhovující','1. termín','2016-01-08','2016-01-08','pátek','07:00:00.000000','20:50:00.000000',3,1,'',''),(21,12,'vyhovující','2. termín','2016-01-29','2016-01-29','pátek','07:00:00.000000','20:50:00.000000',3,1,'',''),(22,12,'vyhovující','3. termín','2016-02-04','2016-02-05','pátek','07:00:00.000000','20:50:00.000000',3,1,'',''),(23,12,'nemožný',NULL,'2016-01-11','2016-01-15','-','07:00:00.000000','20:50:00.000000',NULL,NULL,NULL,''),(24,13,'vyhovující','1. termín','2016-01-04','2016-02-05','-','07:00:00.000000','20:50:00.000000',3,1,'',''),(25,13,'vyhovující','2. termín','2016-01-04','2016-02-05','-','07:00:00.000000','20:50:00.000000',2,1,'',''),(26,13,'vyhovující','3. termín','2016-01-04','2016-02-05','-','07:00:00.000000','20:50:00.000000',2,1,'',''),(27,16,'vyhovující','všechny','2016-01-13','2016-02-05','-','10:00:00.000000','15:50:00.000000',2,1,'D105,D206,D207,E112,E104,E105,A112','mezi 1. a 2 termínem aspoň 10 dní pauza, mezi 2. a 3. termínem minimálně týden pauza'),(28,17,'vyhovující','všechny','2016-01-04','2016-01-15','-','09:00:00.000000','18:50:00.000000',2,2,'D105','T1'),(29,18,'vyhovující','1. termín','2016-01-05','2016-01-05','-','13:00:00.000000','14:50:00.000000',2,1,'D105, D0206, E112','BIA na FIT, BIB na FEKT'),(30,18,'vyhovující','2. termín','2016-01-22','2016-01-22','-','11:00:00.000000','12:50:00.000000',2,1,'D105, D0206, D0207','BIA na FIT, BIB na FEKT'),(31,18,'vyhovující','3. termín','2016-02-01','2016-02-01','-','13:00:00.000000','15:50:00.000000',2,1,'','13.15 -15.15, FEKT T10 Aula, T8 010, T12 SF1.141, SF 2.162 pro všechny'),(32,19,'nemožný',NULL,'2016-01-04','2016-02-05','čtvrtek','08:00:00.000000','13:50:00.000000',NULL,NULL,NULL,'kolegium děkana'),(33,20,'vyhovující','1. termín','2016-01-04','2016-02-05','-','07:00:00.000000','20:50:00.000000',2,1,'D105','Davam prednost tomu, aby to bylo na zacatku zkouskoveho'),(34,20,'vyhovující','2. termín','2016-01-04','2016-02-05','-','07:00:00.000000','20:50:00.000000',2,1,'D105',''),(35,20,'vyhovující','3. termín','2016-01-04','2016-02-05','-','07:00:00.000000','20:50:00.000000',2,1,'','min. 100 míst'),(36,21,'vyhovující','všechny','2016-01-05','2016-02-02','-','07:00:00.000000','20:50:00.000000',2,1,'prvni termin nutno vsude, na druhy chci D105 a radeji i D0206, na treti staci neco maleho','pro 1 termin prosim 3-hodinovy slot, na dalsi staci 2-hodinove'),(37,21,'nemožný',NULL,'2016-01-04','2016-01-04','-','07:00:00.000000','12:50:00.000000',NULL,NULL,NULL,'na FITu bude zima a nepojede tiskarna ...'),(38,21,'nemožný',NULL,'2016-02-03','2016-02-05','-','07:00:00.000000','20:50:00.000000',NULL,NULL,NULL,'EU project meeting v Lucembursku'),(39,22,'vyhovující','1. termín','2016-01-11','2016-01-15','-','09:00:00.000000','17:50:00.000000',2,2,'','Požadavek není striktní. Opravujeme sami dva, proto potřebujeme dost času mezi 1. a 2. termínem. První týden zkouškového bychom zase rádi využili na přípravu zadání zkoušky (4 varianty).'),(40,22,'vyhovující','2. termín','2016-01-25','2016-01-29','-','09:00:00.000000','17:50:00.000000',2,1,'',''),(41,22,'vyhovující','3. termín','2016-02-01','2016-02-05','-','09:00:00.000000','17:50:00.000000',2,1,'',''),(42,22,'nemožný',NULL,'2016-01-18','2016-01-20','-','07:00:00.000000','20:50:00.000000',NULL,NULL,NULL,'Konference'),(43,22,'nemožný',NULL,'2016-01-04','2016-02-05','čtvrtek','07:00:00.000000','20:50:00.000000',NULL,NULL,NULL,'KD + soukromé aktivity'),(44,23,'vyhovující','1. termín','2016-01-07','2016-01-14','-','09:00:00.000000','19:50:00.000000',3,1,'všechny dostupné','Obvykle více než 100 studentů nezíská zápočet, takže 514 židlí postačí. Kdyby jich přišlo o trochu více než 514, poradíme si.'),(45,23,'vyhovující','2. termín','2016-01-22','2016-01-26','-','09:00:00.000000','19:50:00.000000',3,1,'E112, E104',''),(46,23,'vyhovující','3. termín','2016-01-29','2016-02-02','-','09:00:00.000000','19:50:00.000000',3,1,'E112',''),(47,23,'nemožný',NULL,'2016-01-04','2016-02-05','-','07:00:00.000000','20:50:00.000000',NULL,NULL,NULL,''),(48,24,'vyhovující','1. termín','2016-01-11','2016-01-11','pondělí','14:00:00.000000','16:50:00.000000',3,1,'',''),(49,24,'vyhovující','2. termín','2016-01-26','2016-01-26','úterý','09:00:00.000000','11:50:00.000000',3,1,'',''),(50,24,'vyhovující','3. termín','2016-02-01','2016-02-01','pondělí','14:00:00.000000','16:50:00.000000',3,1,'',''),(51,25,'nemožný',NULL,'2016-01-04','2016-01-08','-','07:00:00.000000','20:50:00.000000',NULL,NULL,NULL,''),(52,26,'vyhovující','všechny','2016-01-04','2016-02-05','úterý','14:00:00.000000','16:50:00.000000',2,1,'A112/A113',''),(53,26,'vyhovující','všechny','2016-01-04','2016-02-05','-','09:00:00.000000','13:50:00.000000',2,1,'A112/A113',''),(54,26,'vyhovující','všechny','2016-01-04','2016-02-05','pondělí','14:00:00.000000','16:50:00.000000',2,1,'A112/A113',''),(55,26,'nemožný',NULL,'2016-01-04','2016-02-05','-','07:00:00.000000','20:50:00.000000',NULL,NULL,NULL,'!!! konání zkoušek z IMP, IEL !!!'),(56,26,'nemožný',NULL,'2016-01-04','2016-02-05','-','07:00:00.000000','08:50:00.000000',NULL,NULL,NULL,'doprava syna do školy'),(57,26,'nemožný',NULL,'2016-01-04','2016-02-05','-','15:00:00.000000','16:50:00.000000',NULL,NULL,NULL,'doprava syna ze školy'),(58,27,'vyhovující','všechny','2016-01-04','2016-02-05','-','08:00:00.000000','15:50:00.000000',3,3,'D0206 nebo D0207','3 termíny po 3 hod.'),(59,27,'nemožný',NULL,'2016-01-04','2016-02-05','-','08:00:00.000000','12:50:00.000000',NULL,NULL,NULL,'Čtvrtky - kolegia děkana'),(60,28,'nemožný',NULL,'2016-01-04','2016-02-05','pátek','07:00:00.000000','20:50:00.000000',NULL,NULL,NULL,''),(61,29,'vyhovující','1. termín','2016-01-05','2016-01-05','úterý','15:00:00.000000','17:50:00.000000',3,1,'',''),(62,29,'vyhovující','2. termín','2016-01-21','2016-01-21','pátek','14:00:00.000000','16:50:00.000000',3,1,'',''),(63,29,'vyhovující','3. termín','2016-02-03','2016-02-03','středa','14:00:00.000000','16:50:00.000000',3,1,'',''),(64,30,'vyhovující','všechny','2016-01-11','2016-02-05','-','08:00:00.000000','16:50:00.000000',2,1,'D105','Pokud možno řádný v jedné místnosti, 1. týden v lednu ještě obhajoby projktů'),(65,30,'nemožný',NULL,'2016-01-04','2016-01-08','-','07:00:00.000000','20:50:00.000000',NULL,NULL,NULL,'1. týden v lednu ještě obhajoby projktů'),(66,30,'nemožný',NULL,'2016-01-11','2016-01-31','úterý','08:00:00.000000','11:50:00.000000',NULL,NULL,NULL,'Kolegia rektora než bude nový děkan'),(67,30,'nemožný',NULL,'2016-01-11','2016-01-31','čtvrtek','09:00:00.000000','12:50:00.000000',NULL,NULL,NULL,'Kolegia děkana než bude nový děkan'),(68,32,'vyhovující','všechny','2016-05-09','2016-06-10','-','09:00:00.000000','10:50:00.000000',2,1,'',''),(69,33,'nemožný',NULL,'2016-05-09','2016-06-10','-','07:00:00.000000','20:50:00.000000',NULL,NULL,NULL,'Řádný termín 17.5, 1.opravný 24.5, 2.opravný 31.5., mezi 10 a 14 hodinou'),(70,34,'vyhovující','1. termín','2016-05-09','2016-06-10','-','11:00:00.000000','20:50:00.000000',3,1,'Ideálně jen 2 místnosti, např. D105 a D0206','nutně na každý termín vyhradit pro zkoušku 3 hodiny (píší od usazení se do konce časového slotu, jedná se o náročnou zkoušku jak pro ně, tak pro mě)'),(71,34,'vyhovující','2. termín','2016-05-09','2016-06-10','-','11:00:00.000000','20:50:00.000000',3,1,'Ideálně jen jedna místnost','nutně na každý termín vyhradit pro zkoušku 3 hodiny (píší od usazení se do konce časového slotu, jedná se o náročnou zkoušku jak pro ně, tak pro mě)'),(72,34,'vyhovující','3. termín','2016-05-09','2016-06-10','-','08:00:00.000000','10:50:00.000000',3,1,'Ideálně jen jedna místnost','nutně 3 hodiny, jako u ostatních, plus začátek od 8:00, jelikož může být kombinovaná zkouška, tak aby se dalo dozkoušet odpoledne'),(73,35,'vyhovující','1. termín','2016-05-17','2016-05-17','úterý','07:00:00.000000','20:50:00.000000',2,1,'D207','+- den'),(74,35,'vyhovující','2. termín','2016-05-26','2016-05-26','čtvrtek','07:00:00.000000','20:50:00.000000',2,1,'D207','+- den'),(75,35,'vyhovující','3. termín','2016-06-07','2016-06-07','úterý','07:00:00.000000','20:50:00.000000',2,1,'D207','+- den'),(76,36,'nemožný',NULL,'2016-05-09','2016-06-10','-','07:00:00.000000','09:50:00.000000',NULL,NULL,NULL,''),(77,38,'vyhovující','všechny','2016-05-09','2016-06-10','-','10:00:00.000000','15:50:00.000000',2,1,'',''),(78,38,'nemožný',NULL,'2016-05-09','2016-06-10','-','07:00:00.000000','09:50:00.000000',NULL,NULL,NULL,'Dojíždím'),(79,39,'vyhovující','všechny','2016-05-09','2016-06-10','-','07:00:00.000000','20:50:00.000000',3,1,'','Čas na písemku s rozdáním a posbíráním bude asi 2 hod. Bude-li možné vyhradit více v případě, kdy by navazovala další zkouška, bylo by to lepší.'),(80,39,'nemožný',NULL,'2016-05-09','2016-05-13','-','07:00:00.000000','20:50:00.000000',NULL,NULL,NULL,'V 1. týdnu zkouškového období ještě budou probíhat obhajoby projektů'),(81,40,'vyhovující','1. termín','2016-05-19','2016-05-19','úterý','11:00:00.000000','12:50:00.000000',2,1,'Technická 8',''),(82,40,'vyhovující','1. termín','2016-05-19','2016-05-19','čtvrtek','13:00:00.000000','14:50:00.000000',2,1,'Technická 8',''),(83,40,'vyhovující','2. termín','2016-06-01','2016-06-01','středa','11:00:00.000000','12:50:00.000000',2,1,'Technická 8',''),(84,40,'vyhovující','2. termín','2016-06-01','2016-06-01','středa','13:00:00.000000','14:50:00.000000',2,1,'Technická 8',''),(85,40,'vyhovující','3. termín','2016-06-08','2016-06-08','středa','11:00:00.000000','12:50:00.000000',2,1,'Technická 8',''),(86,40,'vyhovující','3. termín','2016-06-08','2016-06-08','středa','13:00:00.000000','14:50:00.000000',2,1,'Technická 8',''),(87,41,'nemožný',NULL,'2016-05-12','2016-05-13','-','07:00:00.000000','20:50:00.000000',NULL,NULL,NULL,'planovany vyjezd UITS'),(88,42,'nemožný',NULL,'2016-05-09','2016-06-10','-','07:00:00.000000','09:50:00.000000',NULL,NULL,NULL,''),(89,42,'nemožný',NULL,'2016-05-09','2016-06-10','úterý','12:00:00.000000','14:50:00.000000',NULL,NULL,NULL,''),(90,42,'nemožný',NULL,'2016-05-09','2016-06-10','čtvrtek','12:00:00.000000','14:50:00.000000',NULL,NULL,NULL,''),(91,42,'nemožný',NULL,'2016-05-09','2016-06-10','středa','13:00:00.000000','14:50:00.000000',NULL,NULL,NULL,''),(92,43,'vyhovující','1. termín','2016-05-09','2016-05-09','-','07:00:00.000000','20:50:00.000000',3,1,'',''),(93,43,'vyhovující','2. termín','2016-05-23','2016-05-23','-','07:00:00.000000','20:50:00.000000',3,1,'',''),(94,43,'vyhovující','3. termín','2016-06-06','2016-06-06','-','07:00:00.000000','20:50:00.000000',3,1,'',''),(95,44,'nemožný',NULL,'2016-05-09','2016-06-10','úterý','13:00:00.000000','14:50:00.000000',NULL,NULL,NULL,'AS FIT'),(96,45,'vyhovující','1. termín','2016-05-11','2016-05-12','středa','09:00:00.000000','19:50:00.000000',2,2,'D*, E*, G','Dvě kola po dvou hodinách, mezi tím raději hodina pauza. Preferuji středu 11.5., nebo čtvrtek dopoledne.'),(97,45,'vyhovující','2. termín','2016-05-24','2016-05-25','-','09:00:00.000000','19:50:00.000000',2,1,'D*, E*, G',''),(98,45,'vyhovující','3. termín','2016-06-09','2016-06-10','-','09:00:00.000000','19:50:00.000000',2,1,'D*, E*, G',''),(99,45,'nemožný',NULL,'2016-05-12','2016-05-13','-','07:00:00.000000','20:50:00.000000',NULL,NULL,NULL,'Výjezdní zasedání ÚITS, 12.5. by případně šlo zkoušet v dopoledních hodinách.'),(100,45,'nemožný',NULL,'2016-05-30','2016-06-02','-','07:00:00.000000','20:50:00.000000',NULL,NULL,NULL,'Služební cesta Tchaj-wan'),(101,46,'vyhovující','1. termín','2016-05-09','2016-06-10','-','11:00:00.000000','20:50:00.000000',3,1,'E112, E104, E105, D105,D0207, D0206, G202, A112, A113, C228','3 hodiny (píší 120 minut čistého času, ale nechystání a vyklizení je náročné, 110 minut daných 2 hodinami je málo, nestíháme)'),(102,46,'vyhovující','2. termín','2016-05-09','2016-06-10','-','11:00:00.000000','20:50:00.000000',3,1,'Pozor, loni bylo na 2. termín nezvykle mnoho lidí, na 1. termín se vykašlali','3 hodiny (píší 120 minut čistého času, ale nechystání a vyklizení je náročné, 110 minut daných 2 hodinami je málo, nestíháme)'),(103,46,'vyhovující','3. termín','2016-05-09','2016-06-10','-','11:00:00.000000','20:50:00.000000',3,1,'','3 hodiny (píší 120 minut čistého času, ale nechystání a vyklizení je náročné, 110 minut daných 2 hodinami je málo, nestíháme)'),(104,47,'vyhovující','1. termín','2016-05-09','2016-05-09','-','08:00:00.000000','11:50:00.000000',2,1,'',''),(105,47,'nemožný',NULL,'2016-05-09','2016-06-09','-','12:00:00.000000','20:50:00.000000',NULL,NULL,NULL,''),(106,47,'nemožný',NULL,'2016-05-10','2016-05-13','-','07:00:00.000000','20:50:00.000000',NULL,NULL,NULL,''),(107,48,'vyhovující','všechny','2016-05-12','2016-05-13','-','07:00:00.000000','20:50:00.000000',3,1,'',''),(108,51,'nemožný',NULL,'2016-05-19','2016-05-20','-','07:00:00.000000','20:50:00.000000',NULL,NULL,NULL,'V případě nouze bych mohl, ale mám plánovánu cestu'),(109,53,'vyhovující','všechny','2016-05-09','2016-06-10','-','07:00:00.000000','18:50:00.000000',3,1,'D105 + D0206','Mezi RT a 1. OT potřebujeme minimálně 10 dnů na opravu písemek a konzultace/reklamace'),(110,54,'vyhovující','1. termín','2016-05-16','2016-05-19','-','09:00:00.000000','19:50:00.000000',3,1,'E112','Nelze 20.5.2016'),(111,55,'vyhovující','všechny','2016-05-12','2016-05-12','čtvrtek','15:00:00.000000','15:50:00.000000',2,1,'D105',''),(112,56,'vyhovující','všechny','2016-05-26','2016-05-26','čtvrtek','15:00:00.000000','16:50:00.000000',2,1,'D105','předpokládaná účast 85'),(113,57,'vyhovující','všechny','2016-06-02','2016-06-02','čtvrtek','10:00:00.000000','15:50:00.000000',2,1,'D105','předpokládaná účast 40'),(114,58,'nemožný',NULL,'2016-05-27','2016-05-27','-','07:00:00.000000','20:50:00.000000',NULL,NULL,NULL,'SDZ FI MU'),(115,58,'nemožný',NULL,'2016-05-24','2016-05-26','-','07:00:00.000000','13:50:00.000000',NULL,NULL,NULL,'SDZ FI MU'),(116,58,'nemožný',NULL,'2016-05-12','2016-05-13','-','07:00:00.000000','20:50:00.000000',NULL,NULL,NULL,'Výjezdní zasedání'),(117,59,'nemožný',NULL,'2016-05-09','2016-06-10','-','07:00:00.000000','20:50:00.000000',NULL,NULL,NULL,''),(118,61,'nemožný',NULL,'2016-05-09','2016-06-10','čtvrtek','07:00:00.000000','12:50:00.000000',NULL,NULL,NULL,'kolegium'),(119,61,'nemožný',NULL,'2016-05-09','2016-06-10','úterý','13:00:00.000000','14:50:00.000000',NULL,NULL,NULL,'senat'),(120,63,'nemožný',NULL,'2016-05-12','2016-05-13','-','07:00:00.000000','20:50:00.000000',NULL,NULL,NULL,'planovany vyjezd UITS'),(121,64,'vyhovující','předtermín','2016-05-06','2016-05-06','-','07:00:00.000000','20:50:00.000000',2,1,'','Naplánuji si sám'),(122,64,'vyhovující','1. termín','2016-05-16','2016-05-20','-','07:00:00.000000','20:50:00.000000',2,1,'',''),(123,64,'vyhovující','2. termín','2016-05-23','2016-05-27','-','07:00:00.000000','20:50:00.000000',2,1,'',''),(124,64,'vyhovující','3. termín','2016-05-30','2016-06-03','-','07:00:00.000000','20:50:00.000000',2,1,'',''),(125,64,'nemožný',NULL,'2016-05-09','2016-06-10','úterý','07:00:00.000000','20:50:00.000000',NULL,NULL,NULL,''),(126,65,'nemožný',NULL,'2016-05-30','2016-06-01','-','07:00:00.000000','20:50:00.000000',NULL,NULL,NULL,'asi meeting Madrid');
/*!40000 ALTER TABLE `terminyPozadavkuNaZkousky` ENABLE KEYS */;
UNLOCK TABLES;

--
-- Table structure for table `ucitele`
--

DROP TABLE IF EXISTS `ucitele`;
/*!40101 SET @saved_cs_client     = @@character_set_client */;
/*!40101 SET character_set_client = utf8 */;
CREATE TABLE `ucitele` (
  `id` int(11) NOT NULL,
  `jmeno` varchar(200) DEFAULT NULL,
  `email` varchar(100) DEFAULT NULL,
  PRIMARY KEY (`id`),
  UNIQUE KEY `id_UNIQUE` (`id`)
) ENGINE=InnoDB DEFAULT CHARSET=utf8;
/*!40101 SET character_set_client = @saved_cs_client */;

--
-- Dumping data for table `ucitele`
--

LOCK TABLES `ucitele` WRITE;
/*!40000 ALTER TABLE `ucitele` DISABLE KEYS */;
INSERT INTO `ucitele` VALUES (1,'Šlapal Josef, prof. RNDr., CSc.',NULL),(2,'Hrdina Jaroslav, doc. Mgr., Ph.D.',NULL),(3,'Češka Milan, prof. RNDr., CSc.',NULL),(4,'Češka Milan, RNDr., Ph.D.',NULL),(5,'Holík Lukáš, Mgr., Ph.D.',NULL),(6,'Lengál Ondřej, Ing., Ph.D.',NULL),(7,'Rogalewicz Adam, doc. Mgr., Ph.D.',NULL),(8,'Fučík Otto, doc. Dr. Ing.',NULL),(9,'Kekely Lukáš, Ing., Ph.D.',NULL),(10,'Kořenek Jan, Ing., Ph.D.',NULL),(11,'Martínek Tomáš, Ing., Ph.D.',NULL),(12,'Vojnar Tomáš, prof. Ing., Ph.D.',NULL),(13,'Kolář Dušan, doc. Dr. Ing.',NULL),(14,'Hyrš Martin, Ing.',NULL),(15,'Kidoň Marek, Ing.',NULL),(16,'Matula Peter, Ing.',NULL),(17,'Drábek Vladimír, doc. Ing., CSc.',NULL),(18,'Šimek Václav, Ing.',NULL),(19,'Matoušek Petr, Ing., Ph.D., M.A.',NULL),(20,'Ryšavý Ondřej, doc. Ing., Ph.D.',NULL),(21,'Švéda Miroslav, prof. Ing., CSc.',NULL),(22,'Veselý Vladimír, Ing., Ph.D.',NULL),(23,'Grégr Matěj, Ing., Ph.D.',NULL),(24,'Pluskal Jan, Ing.',NULL),(25,'Polčák Libor, Ing., Ph.D.',NULL),(26,'Hanáček Petr, doc. Dr. Ing.',NULL),(27,'Zbořil František, doc. Ing., Ph.D.',NULL),(28,'Samek Jan, Ing., Ph.D.',NULL),(29,'Snášelová Petra, Ing.',NULL),(30,'Žák Marek, Ing.',NULL),(31,'Bidlo Michal, Ing., Ph.D.',NULL),(32,'Černocký Jan, doc. Dr. Ing.',NULL),(33,'Janoušek Vladimír, doc. Ing., Ph.D.',NULL),(34,'Sekanina Lukáš, prof. Ing., Ph.D.',NULL),(35,'Hruška Tomáš, prof. Ing., CSc.',NULL),(36,'Drahanský Martin, prof. Ing., Dipl.-Ing., Ph.D.',NULL),(37,'Dvořák Michal, Ing.',NULL),(38,'Goldmann Tomáš, Ing.',NULL),(39,'Heidari Mona',NULL),(40,'Kanich Ondřej, Ing.',NULL),(41,'Kupková Karolína, Ing.',NULL),(42,'Maruniak Lukáš, Ing.',NULL),(43,'Semerád Lukáš, Ing.',NULL),(44,'Eysselt Miloš, Ing., CSc.',NULL),(45,'Antal Lukáš, Ing.',NULL),(46,'Aron Lukáš, Ing.',NULL),(47,'Hellebrandt Lukáš, Ing.',NULL),(48,'Hujňák Ondřej, Ing.',NULL),(49,'Jurnečka Peter, Ing.',NULL),(50,'Koranda Karel, Ing.',NULL),(51,'Nagy Jan, Ing.',NULL),(52,'Ovšonka Daniel, Ing.',NULL),(53,'Schäfer Jiří, Ing.',NULL),(54,'Smetka Tomáš, Ing.',NULL),(55,'Švéda Petr, Mgr.',NULL),(56,'Zadina Martin, Ing.',NULL),(57,'Čejka Rudolf, Ing.',NULL),(58,'Malinka Kamil, Mgr., Ph.D.',NULL),(59,'Barabas Maroš, Ing., Ph.D.',NULL),(60,'Breitenbacher Dominik, Ing.',NULL),(61,'Kačic Matej, Ing.',NULL),(62,'Košík Michal, Ing.',NULL),(63,'Malčík Dominik, Ing.',NULL),(64,'Dvořák Václav, prof. Ing., DrSc.',NULL),(65,'Jaroš Jiří, doc. Ing., Ph.D.',NULL),(66,'Budiský Jakub, Ing.',NULL),(67,'Vaverka Filip, Ing.',NULL),(68,'Růžička Richard, doc. Ing., Ph.D., MBA',NULL),(69,'Klapetek Milan, Mgr.',NULL),(70,'Kalášek Dušan, PhDr. Mgr.',NULL),(71,'Henzl Martin, Ing. Mgr.',NULL),(72,'Homoliak Ivan, Ing., Ph.D.',NULL),(73,'Ščuglík František, Ing., Ph.D.',NULL),(74,'Kmeť Martin, Ing.',NULL),(75,'Rychlý Marek, RNDr., Ph.D.',NULL),(76,'Zendulka Jaroslav, doc. Ing., CSc.',NULL),(77,'Bartík Vladimír, Ing., Ph.D.',NULL),(78,'Burgetová Ivana, Ing., Ph.D.',NULL),(79,'Květoňová Šárka, Ing., Ph.D.',NULL),(80,'Křivka Zbyněk, Ing., Ph.D.',NULL),(81,'Soukup Ondřej, Ing.',NULL),(82,'Meduna Alexander, prof. RNDr., CSc.',NULL),(83,'Herout Adam, prof. Ing., Ph.D.',NULL),(84,'Kula Michal, Ing.',NULL),(85,'Milet Tomáš, Ing.',NULL),(86,'Tóth Michal, Ing.',NULL),(87,'Lampa Petr, Ing.',NULL),(88,'Kašpárek Tomáš, Ing.',NULL),(89,'Matýšek Michal, Ing.',NULL),(90,'Sochor Jakub, Ing.',NULL),(91,'Chudý Peter, doc. Ing., Ph.D. MBA',NULL),(92,'Dittrich Petr, Ing.',NULL),(93,'Prustoměrský Milan, Ing.',NULL),(94,'Vítek Martin, Ing., Ph.D.',NULL),(95,'Matoušek Jiří, Ing.',NULL),(96,'Dvořák Milan, Ing.',NULL),(97,'Kajan Michal, Ing.',NULL),(98,'Matoušek Denis, Ing.',NULL),(99,'Zachariášová Marcela, Ing., Ph.D.',NULL),(100,'Beran Vítězslav, Ing., Ph.D.',NULL),(101,'Čadík Martin, doc. Ing., Ph.D.',NULL),(102,'Zemčík Pavel, prof. Dr. Ing.',NULL),(103,'Havel Jiří, Ing., Ph.D.',NULL),(104,'Pavelková Alena, Ing.',NULL),(105,'Hradiš Michal, Ing., Ph.D.',NULL),(106,'Španěl Michal, Ing., Ph.D.',NULL),(107,'Bartl Vojtěch, Ing.',NULL),(108,'Behúň Kamil, Ing.',NULL),(109,'Juránek Roman, Ing., Ph.D.',NULL),(110,'Špaňhel Jakub, Ing.',NULL),(111,'Zajíc Jiří, Ing.',NULL),(112,'Orság Filip, Ing., Ph.D.',NULL),(113,'Rozman Jaroslav, Ing., Ph.D.',NULL),(114,'Kapinus Michal, Ing.',NULL),(115,'Strnadel Josef, Ing., Ph.D.',NULL),(116,'Zbořil František V., doc. Ing., CSc.',NULL),(117,'Chaloupka Jan, Ing.',NULL),(118,'Pluháčková Hana, Mgr. Bc.',NULL),(119,'Mlích Jozef, Ing.',NULL),(120,'Szentandrási István, Ing.',NULL),(121,'Hrubý Martin, Ing., Ph.D.',NULL),(122,'Staudek Tomáš, Mgr., Ph.D.',NULL),(123,'Kučera Jiří, Ing.',NULL),(124,'Smrž Pavel, doc. RNDr., Ph.D.',NULL),(125,'Burget Radek, Ing., Ph.D.',NULL),(126,'Hynek Jiří, Ing.',NULL),(127,'Peringer Petr, Dr. Ing.',NULL),(128,'Viktorin Jan, Ing.',NULL),(129,'Smutný Milan, PhDr., Ph.D.',NULL),(130,'Fiala Jiří, Ing.',NULL),(131,'Čudová Marta, Ing.',NULL),(132,'Nikl Vojtěch, Ing.',NULL),(133,'Hon Jiří, Ing.',NULL),(134,'Musil Miloš, Ing.',NULL),(135,'Puterová Janka, Ing.',NULL),(136,'Hrbáček Radek, Ing.',NULL),(137,'Vašíček Zdeněk, doc. Ing., Ph.D.',NULL),(138,'Wiglasz Michal, Ing.',NULL),(139,'Marek Marcel, Ing.',NULL),(140,'Dobai Roland, Ing., Ph.D.',NULL),(141,'Kotásek Zdeněk, doc. Ing., CSc.',NULL),(142,'Sedlák Petr, doc. Ing., Ph.D.',NULL),(143,'Brüstlová Jitka, Ing., CSc.',NULL),(144,'Šilhavá Jana, Ing.',NULL),(145,'Dytrych Jaroslav, Ing., Ph.D.',NULL),(146,'Otrusina Lubomír, Ing.',NULL),(147,'Škoda Petr, RNDr.',NULL),(148,'Chalupský Vladimír, doc. Ing., CSc., MBA',NULL),(149,'Chlebovský Vít, Ing., Ph.D.',NULL),(150,'Novák Petr, Ing., Ph.D.',NULL),(151,'Heralecký Tomáš, Ing. et Ing., Ph.D.',NULL),(152,'Meluzín Tomáš, doc. Ing., Ph.D.',NULL),(153,'Boušková Štěpánka, Ing. Mgr.',NULL),(154,'Kreslíková Jitka, doc. RNDr., CSc.',NULL),(155,'Trchalík Roman, Mgr., Ph.D.',NULL),(156,'Bařina David, Ing., Ph.D.',NULL),(157,'Klepárník Petr, Ing.',NULL),(158,'Klíma Ondřej, Ing.',NULL),(159,'Kobrtek Jozef, Ing.',NULL),(160,'Nosko Svetozár, Ing.',NULL),(161,'Jan Jiří, prof. Ing., CSc.',NULL),(162,'Popela Pavel, RNDr., Ph.D.',NULL),(163,'Zich Robert, doc. Ing., Ph.D.',NULL),(164,'Polok Lukáš, Ing.',NULL),(165,'Kunovský Jiří, doc. Ing., CSc.',NULL),(166,'Šátek Václav, Ing., Ph.D.',NULL),(167,'Veigend Petr, Ing.',NULL),(168,'Beneš Karel, Ing.',NULL),(169,'Egorova Ekaterina, Ing.',NULL),(170,'Skácel Miroslav, Ing.',NULL),(171,'Bartoš Vojtěch, doc. Ing., Ph.D.',NULL),(172,'Režňáková Mária, prof. Ing., CSc.',NULL),(173,'Strnadová Michala, Ing.',NULL),(174,'Veselý Josef, Ing., CSc.',NULL),(175,'Putnová Anna, doc. RNDr., Ph.D., MBA',NULL),(176,'Mezník Ivan, prof. RNDr., CSc.',NULL),(177,'Kučerová Vladimíra, Ing., Ph.D.',NULL),(178,'Rais Karel, prof. Ing., CSc. , MBA',NULL),(179,'Štěpánková Vladěna, Mgr.',NULL),(180,'Kocmanová Alena, doc. Ing., Ph.D.',NULL),(181,'Luňáček Jiří, Ing., Ph.D., MBA',NULL),(182,'Jurová Marie, prof. Ing., CSc.',NULL),(183,'Milichovský František, Ing., Ph.D.',NULL),(184,'Doškař Jiří, prof. RNDr., CSc.',NULL),(185,'Jiřík Radovan, Ing., Ph.D.',NULL),(186,'Provazník Ivo, prof. Ing., Ph.D.',NULL),(187,'Hliněná Dana, doc. RNDr., Ph.D.',NULL),(188,'Kovár Martin, doc. RNDr., Ph.D.',NULL),(189,'Demchenko Hanna, Mgr.',NULL),(190,'Rebenda Josef, Mgr., Ph.D.',NULL),(191,'Staněk David, Mgr.',NULL),(192,'Linhart Miroslav, doc. Ing., CSc.',NULL),(193,'Nečasová Gabriela, Ing.',NULL),(194,'Nevoral Jan, Ing.',NULL),(195,'Riša Michal, Ing.',NULL),(196,'Kočí Radek, Ing., Ph.D.',NULL),(197,'Křena Bohuslav, Ing., Ph.D.',NULL),(198,'Fiedor Tomáš, Ing.',NULL),(199,'Šoková Veronika, Ing.',NULL),(200,'Turoňová Lenka, Ing.',NULL),(201,'Smrčka Aleš, Ing., Ph.D.',NULL),(202,'Janků Petr, Ing.',NULL),(203,'Krčmář Radim, Ing.',NULL),(204,'Lojda Jakub, Ing.',NULL),(205,'Očenášek Pavel, Ing., Ph.D.',NULL),(206,'Pánek Richard, Ing.',NULL),(207,'Skácel Jiří, Ing.',NULL),(208,'Žáčková Markéta, Mgr., Ph.D.',NULL),(209,'Sedlák Jan, prof. PhDr., CSc.',NULL),(210,'Přehnil Petr, JUDr., Ph.D.',NULL),(211,'Ondračka Pavel, PhDr.',NULL),(212,'Bartlová Milada, doc. RNDr., Ph.D.',NULL),(213,'Sadovský Petr, Ing., Ph.D.',NULL),(214,'Martiško Jakub, Ing.',NULL),(215,'Fusek Michal, Ing., Ph.D.',NULL),(216,'Krupková Vlasta, RNDr., CSc.',NULL),(217,'Cvrčková Eliška, Bc.',NULL),(218,'Mikésková Anežka, DiS.',NULL),(219,'Kešner Filip, Ing.',NULL),(220,'Novák Michal, RNDr., Ph.D.',NULL),(221,'Šafařík Jan, Mgr.',NULL),(222,'Šedrlová Magdalena, Mgr.',NULL),(223,'Baumgartnerová Alena, PaedDr.',NULL),(224,'Sedláček Pavel, Mgr.',NULL),(225,'Walek Agata, Mgr.',NULL),(226,'Mrázek Vojtěch, Ing.',NULL),(227,'Grmela Lubomír, prof. Ing., CSc.',NULL),(228,'Koktavý Pavel, prof. Ing., CSc. Ph.D.',NULL),(229,'Hruška Martin, Ing.',NULL),(230,'Bastl Vojtěch, Bc.',NULL),(231,'Lysek Tomáš, Ing.',NULL),(232,'Minárik Matej, Ing.',NULL),(233,'Sumbalová Lenka, Ing.',NULL),(234,'Grochol David, Ing.',NULL),(235,'Privalov Vladimir',NULL),(236,'Honzík Jan M., prof. Ing., CSc.',NULL),(237,'Hranický Radek, Ing.',NULL),(238,'Kocman Radim, Ing.',NULL),(239,'Fuchs Petr, RNDr., Ph.D.',NULL),(240,'Baskar Murali K.',NULL),(241,'Grézl František, Ing., Ph.D.',NULL),(242,'Novotný Ondřej, Ing.',NULL),(243,'Ondel Lucas, Mgr.',NULL),(244,'Silnova Anna',NULL),(245,'Žmolíková Kateřina, Ing.',NULL),(246,'Grác Marek',NULL),(247,'Borecká Marcela, PhDr.',NULL),(248,'Jílek Martin, Ing.',NULL),(249,'Zinecker Marek, Doc. Ing., Ph.D.',NULL),(250,'Fiedor Jan, Ing., Ph.D.',NULL),(251,'Estélyiová Kristína, Ing.',NULL),(252,'Franková Barbora, Ing.',NULL),(253,'Brejcha Jan, Ing.',NULL),(254,'Široký Adam, Ing.',NULL),(255,'Veľas Martin, Ing.',NULL),(256,'Uhlíř Václav, Ing. et Ing.',NULL),(257,'Skokanová Jana, Mgr.',NULL),(258,'Brychta Karel, doc. Ing. Mgr., Ph.D.',NULL),(259,'Jelčová Denisa, Ing. et Ing.',NULL),(260,'Kozina Stanislav, Mgr.',NULL),(261,'Holášek Petr, Ing.',NULL),(262,'Burget Lukáš, doc. Ing., Ph.D.',NULL),(263,'Ráb Jaroslav, Ing.',NULL),(264,'Crha Adam, Ing.',NULL),(265,'Drastich Aleš, Doc. Ing., CSc.',NULL),(266,'Mézl Martin, Ing.',NULL),(267,'Škapa Stanislav, doc. Ing. et Ing., Ph.D.',NULL),(268,'Janda Marcel, Ing., Ph.D.',NULL),(269,'Fedorová Anna, doc. Ing., CSc.',NULL),(270,'Gláserová Jana, Ing., Dr.',NULL),(271,'Zemánková Lenka, Ing., Ph.D.',NULL),(272,'Abrahámová Denisa, Ing.',NULL),(273,'Pěta Jan, Ing.',NULL),(274,'Kaňovská Lucie, Ing., Ph.D.',NULL),(275,'Mráček Pavel, Ing., Ph.D.',NULL),(276,'Fröml Vojtěch, Ing.',NULL),(277,'Němečková Zita, Ing.',NULL),(278,'Prochocká Kristína, Ing.',NULL),(279,'Rudnitckaia Julia, Mgr.',NULL),(280,'Holkovič Martin, Ing.',NULL),(281,'Lichtner Ondrej, Ing.',NULL),(282,'Jašek Roman, Ing.',NULL),(283,'Bobula Vladimír, Ing.',NULL),(284,'Materna Zdeněk, Ing.',NULL),(285,'Musil Petr, Ing.',NULL),(286,'Čekan Ondřej, Ing.',NULL),(287,'Krčma Martin, Ing.',NULL),(288,'Podivínský Jakub, Ing.',NULL),(289,'Kurečka Radomír, Ing.',NULL),(290,'Pokorný Jiří, Ing.',NULL);
/*!40000 ALTER TABLE `ucitele` ENABLE KEYS */;
UNLOCK TABLES;

--
-- Table structure for table `verzeRozvrhu`
--

DROP TABLE IF EXISTS `verzeRozvrhu`;
/*!40101 SET @saved_cs_client     = @@character_set_client */;
/*!40101 SET character_set_client = utf8 */;
CREATE TABLE `verzeRozvrhu` (
  `id` int(11) NOT NULL,
  `id_semestru` int(11) DEFAULT NULL,
  `nazev_verze` varchar(200) DEFAULT NULL,
  `cislo_verze` int(11) DEFAULT NULL,
  `je_aktivni_flag` tinyint(4) DEFAULT NULL,
  PRIMARY KEY (`id`),
  UNIQUE KEY `id_UNIQUE` (`id`),
  KEY `fk_verzeRozvrhu_semestry1_idx` (`id_semestru`),
  CONSTRAINT `fk_verzeRozvrhu_semestry1` FOREIGN KEY (`id_semestru`) REFERENCES `semestry` (`id`) ON DELETE NO ACTION ON UPDATE NO ACTION
) ENGINE=InnoDB DEFAULT CHARSET=utf8;
/*!40101 SET character_set_client = @saved_cs_client */;

--
-- Dumping data for table `verzeRozvrhu`
--

LOCK TABLES `verzeRozvrhu` WRITE;
/*!40000 ALTER TABLE `verzeRozvrhu` DISABLE KEYS */;
INSERT INTO `verzeRozvrhu` VALUES (1,3,'Testovací verze',1,1),(2,3,'Testovací verze #2',1,0);
/*!40000 ALTER TABLE `verzeRozvrhu` ENABLE KEYS */;
UNLOCK TABLES;

--
-- Table structure for table `verzeZkousek`
--

DROP TABLE IF EXISTS `verzeZkousek`;
/*!40101 SET @saved_cs_client     = @@character_set_client */;
/*!40101 SET character_set_client = utf8 */;
CREATE TABLE `verzeZkousek` (
  `id` int(11) NOT NULL,
  `id_semestru` int(11) DEFAULT NULL,
  `nazev_verze` varchar(200) DEFAULT NULL,
  `cislo_verze` int(11) DEFAULT NULL,
  `je_aktivni_flag` tinyint(4) DEFAULT NULL,
  PRIMARY KEY (`id`),
  UNIQUE KEY `id_UNIQUE` (`id`),
  KEY `fk_verzeZkousek_semestry1_idx` (`id_semestru`),
  CONSTRAINT `fk_verzeZkousek_semestry1` FOREIGN KEY (`id_semestru`) REFERENCES `semestry` (`id`) ON DELETE NO ACTION ON UPDATE NO ACTION
) ENGINE=InnoDB DEFAULT CHARSET=utf8;
/*!40101 SET character_set_client = @saved_cs_client */;

--
-- Dumping data for table `verzeZkousek`
--

LOCK TABLES `verzeZkousek` WRITE;
/*!40000 ALTER TABLE `verzeZkousek` DISABLE KEYS */;
/*!40000 ALTER TABLE `verzeZkousek` ENABLE KEYS */;
UNLOCK TABLES;

--
-- Table structure for table `zapsaniStudenti`
--

DROP TABLE IF EXISTS `zapsaniStudenti`;
/*!40101 SET @saved_cs_client     = @@character_set_client */;
/*!40101 SET character_set_client = utf8 */;
CREATE TABLE `zapsaniStudenti` (
  `id` int(11) NOT NULL,
  `id_oboru` int(11) DEFAULT NULL,
  `id_predmetu` int(11) DEFAULT NULL,
  `pocet_zapsanych_studentu` int(11) DEFAULT NULL,
  PRIMARY KEY (`id`),
  UNIQUE KEY `id_UNIQUE` (`id`),
  KEY `fk_obory_has_predmety_predmety2_idx` (`id_predmetu`),
  KEY `fk_obory_has_predmety_obory2_idx` (`id_oboru`),
  CONSTRAINT `fk_obory_has_predmety_obory2` FOREIGN KEY (`id_oboru`) REFERENCES `obory` (`id`) ON DELETE NO ACTION ON UPDATE NO ACTION,
  CONSTRAINT `fk_obory_has_predmety_predmety2` FOREIGN KEY (`id_predmetu`) REFERENCES `predmety` (`id`) ON DELETE NO ACTION ON UPDATE NO ACTION
) ENGINE=InnoDB DEFAULT CHARSET=utf8;
/*!40101 SET character_set_client = @saved_cs_client */;

--
-- Dumping data for table `zapsaniStudenti`
--

LOCK TABLES `zapsaniStudenti` WRITE;
/*!40000 ALTER TABLE `zapsaniStudenti` DISABLE KEYS */;
/*!40000 ALTER TABLE `zapsaniStudenti` ENABLE KEYS */;
UNLOCK TABLES;

--
-- Table structure for table `zkousce_prislusi`
--

DROP TABLE IF EXISTS `zkousce_prislusi`;
/*!40101 SET @saved_cs_client     = @@character_set_client */;
/*!40101 SET character_set_client = utf8 */;
CREATE TABLE `zkousce_prislusi` (
  `id` int(11) NOT NULL,
  `mistnosti_id` int(11) DEFAULT NULL,
  `casyZkousek_id` int(11) DEFAULT NULL,
  PRIMARY KEY (`id`),
  UNIQUE KEY `id_UNIQUE` (`id`),
  KEY `fk_mistnosti_has_casyZkousek_casyZkousek1_idx` (`casyZkousek_id`),
  KEY `fk_mistnosti_has_casyZkousek_mistnosti1_idx` (`mistnosti_id`),
  CONSTRAINT `fk_mistnosti_has_casyZkousek_casyZkousek1` FOREIGN KEY (`casyZkousek_id`) REFERENCES `casyZkousek` (`id`) ON DELETE NO ACTION ON UPDATE NO ACTION,
  CONSTRAINT `fk_mistnosti_has_casyZkousek_mistnosti1` FOREIGN KEY (`mistnosti_id`) REFERENCES `mistnosti` (`id`) ON DELETE NO ACTION ON UPDATE NO ACTION
) ENGINE=InnoDB DEFAULT CHARSET=utf8;
/*!40101 SET character_set_client = @saved_cs_client */;

--
-- Dumping data for table `zkousce_prislusi`
--

LOCK TABLES `zkousce_prislusi` WRITE;
/*!40000 ALTER TABLE `zkousce_prislusi` DISABLE KEYS */;
/*!40000 ALTER TABLE `zkousce_prislusi` ENABLE KEYS */;
UNLOCK TABLES;
/*!40103 SET TIME_ZONE=@OLD_TIME_ZONE */;

/*!40101 SET SQL_MODE=@OLD_SQL_MODE */;
/*!40014 SET FOREIGN_KEY_CHECKS=@OLD_FOREIGN_KEY_CHECKS */;
/*!40014 SET UNIQUE_CHECKS=@OLD_UNIQUE_CHECKS */;
/*!40101 SET CHARACTER_SET_CLIENT=@OLD_CHARACTER_SET_CLIENT */;
/*!40101 SET CHARACTER_SET_RESULTS=@OLD_CHARACTER_SET_RESULTS */;
/*!40101 SET COLLATION_CONNECTION=@OLD_COLLATION_CONNECTION */;
/*!40111 SET SQL_NOTES=@OLD_SQL_NOTES */;

-- Dump completed on 2018-01-02 12:51:45

-- -----------------------------------------------------
-- Naplnění místností
-- -----------------------------------------------------

-- INSERT INTO `mistnosti` (`id`,`nazev`,`kapacita`,`kapacita_ob1`,`kapacita_ob2`,`fakulta`) VALUES (1,'A112',64,32,21,'FIT');
-- INSERT INTO `mistnosti` (`id`,`nazev`,`kapacita`,`kapacita_ob1`,`kapacita_ob2`,`fakulta`) VALUES (2,'A113',64,32,21,'FIT');
-- INSERT INTO `mistnosti` (`id`,`nazev`,`kapacita`,`kapacita_ob1`,`kapacita_ob2`,`fakulta`) VALUES (3,'A211',8,4,2,'FIT');
-- INSERT INTO `mistnosti` (`id`,`nazev`,`kapacita`,`kapacita_ob1`,`kapacita_ob2`,`fakulta`) VALUES (4,'A218',20,10,6,'FIT');
-- INSERT INTO `mistnosti` (`id`,`nazev`,`kapacita`,`kapacita_ob1`,`kapacita_ob2`,`fakulta`) VALUES (5,'A127.1',6,3,2,'FIT');
-- INSERT INTO `mistnosti` (`id`,`nazev`,`kapacita`,`kapacita_ob1`,`kapacita_ob2`,`fakulta`) VALUES (6,'A128',8,4,2,'FIT');
-- INSERT INTO `mistnosti` (`id`,`nazev`,`kapacita`,`kapacita_ob1`,`kapacita_ob2`,`fakulta`) VALUES (7,'C209',30,15,10,'FIT');
-- INSERT INTO `mistnosti` (`id`,`nazev`,`kapacita`,`kapacita_ob1`,`kapacita_ob2`,`fakulta`) VALUES (8,'C211',7,3,2,'FIT');
-- INSERT INTO `mistnosti` (`id`,`nazev`,`kapacita`,`kapacita_ob1`,`kapacita_ob2`,`fakulta`) VALUES (9,'C228',24,12,8,'FIT');
-- INSERT INTO `mistnosti` (`id`,`nazev`,`kapacita`,`kapacita_ob1`,`kapacita_ob2`,`fakulta`) VALUES (10,'C236',15,7,5,'FIT');
-- INSERT INTO `mistnosti` (`id`,`nazev`,`kapacita`,`kapacita_ob1`,`kapacita_ob2`,`fakulta`) VALUES (11,'C304',20,10,6,'FIT');
-- INSERT INTO `mistnosti` (`id`,`nazev`,`kapacita`,`kapacita_ob1`,`kapacita_ob2`,`fakulta`) VALUES (12,'D0206',154,77,51,'FIT');
-- INSERT INTO `mistnosti` (`id`,`nazev`,`kapacita`,`kapacita_ob1`,`kapacita_ob2`,`fakulta`) VALUES (13,'D0207',90,45,30,'FIT');
-- INSERT INTO `mistnosti` (`id`,`nazev`,`kapacita`,`kapacita_ob1`,`kapacita_ob2`,`fakulta`) VALUES (14,'D105',300,150,100,'FIT');
-- INSERT INTO `mistnosti` (`id`,`nazev`,`kapacita`,`kapacita_ob1`,`kapacita_ob2`,`fakulta`) VALUES (15,'E104',72,36,24,'FIT');
-- INSERT INTO `mistnosti` (`id`,`nazev`,`kapacita`,`kapacita_ob1`,`kapacita_ob2`,`fakulta`) VALUES (16,'E105',72,36,24,'FIT');
-- INSERT INTO `mistnosti` (`id`,`nazev`,`kapacita`,`kapacita_ob1`,`kapacita_ob2`,`fakulta`) VALUES (17,'E112',156,78,52,'FIT');
-- INSERT INTO `mistnosti` (`id`,`nazev`,`kapacita`,`kapacita_ob1`,`kapacita_ob2`,`fakulta`) VALUES (18,'G108',50,25,16,'FIT');
-- INSERT INTO `mistnosti` (`id`,`nazev`,`kapacita`,`kapacita_ob1`,`kapacita_ob2`,`fakulta`) VALUES (19,'G202',80,40,26,'FIT');
-- INSERT INTO `mistnosti` (`id`,`nazev`,`kapacita`,`kapacita_ob1`,`kapacita_ob2`,`fakulta`) VALUES (20,'L116',24,12,8,'FIT');
-- INSERT INTO `mistnosti` (`id`,`nazev`,`kapacita`,`kapacita_ob1`,`kapacita_ob2`,`fakulta`) VALUES (21,'L118',8,4,2,'FIT');
-- INSERT INTO `mistnosti` (`id`,`nazev`,`kapacita`,`kapacita_ob1`,`kapacita_ob2`,`fakulta`) VALUES (22,'L220',16,8,5,'FIT');
-- INSERT INTO `mistnosti` (`id`,`nazev`,`kapacita`,`kapacita_ob1`,`kapacita_ob2`,`fakulta`) VALUES (23,'L304',12,6,4,'FIT');
-- INSERT INTO `mistnosti` (`id`,`nazev`,`kapacita`,`kapacita_ob1`,`kapacita_ob2`,`fakulta`) VALUES (24,'L305',20,10,6,'FIT');
-- INSERT INTO `mistnosti` (`id`,`nazev`,`kapacita`,`kapacita_ob1`,`kapacita_ob2`,`fakulta`) VALUES (25,'L306',20,10,6,'FIT');
-- INSERT INTO `mistnosti` (`id`,`nazev`,`kapacita`,`kapacita_ob1`,`kapacita_ob2`,`fakulta`) VALUES (26,'L311',20,10,6,'FIT');
-- INSERT INTO `mistnosti` (`id`,`nazev`,`kapacita`,`kapacita_ob1`,`kapacita_ob2`,`fakulta`) VALUES (27,'L314',20,10,6,'FIT');
-- INSERT INTO `mistnosti` (`id`,`nazev`,`kapacita`,`kapacita_ob1`,`kapacita_ob2`,`fakulta`) VALUES (28,'L321',16,8,5,'FIT');
-- INSERT INTO `mistnosti` (`id`,`nazev`,`kapacita`,`kapacita_ob1`,`kapacita_ob2`,`fakulta`) VALUES (29,'M103',20,10,6,'FIT');
-- INSERT INTO `mistnosti` (`id`,`nazev`,`kapacita`,`kapacita_ob1`,`kapacita_ob2`,`fakulta`) VALUES (30,'N103',20,10,6,'FIT');
-- INSERT INTO `mistnosti` (`id`,`nazev`,`kapacita`,`kapacita_ob1`,`kapacita_ob2`,`fakulta`) VALUES (31,'N104',20,10,6,'FIT');
-- INSERT INTO `mistnosti` (`id`,`nazev`,`kapacita`,`kapacita_ob1`,`kapacita_ob2`,`fakulta`) VALUES (32,'N105',20,10,6,'FIT');
-- INSERT INTO `mistnosti` (`id`,`nazev`,`kapacita`,`kapacita_ob1`,`kapacita_ob2`,`fakulta`) VALUES (33,'N203',20,10,6,'FIT');
-- INSERT INTO `mistnosti` (`id`,`nazev`,`kapacita`,`kapacita_ob1`,`kapacita_ob2`,`fakulta`) VALUES (34,'N204',20,10,6,'FIT');
-- INSERT INTO `mistnosti` (`id`,`nazev`,`kapacita`,`kapacita_ob1`,`kapacita_ob2`,`fakulta`) VALUES (35,'N205',20,10,6,'FIT');
-- INSERT INTO `mistnosti` (`id`,`nazev`,`kapacita`,`kapacita_ob1`,`kapacita_ob2`,`fakulta`) VALUES (36,'O105',20,10,6,'FIT');
-- INSERT INTO `mistnosti` (`id`,`nazev`,`kapacita`,`kapacita_ob1`,`kapacita_ob2`,`fakulta`) VALUES (37,'O203',20,10,6,'FIT');
-- INSERT INTO `mistnosti` (`id`,`nazev`,`kapacita`,`kapacita_ob1`,`kapacita_ob2`,`fakulta`) VALUES (38,'O204',20,10,6,'FIT');
-- INSERT INTO `mistnosti` (`id`,`nazev`,`kapacita`,`kapacita_ob1`,`kapacita_ob2`,`fakulta`) VALUES (39,'O205',20,10,6,'FIT');
-- INSERT INTO `mistnosti` (`id`,`nazev`,`kapacita`,`kapacita_ob1`,`kapacita_ob2`,`fakulta`) VALUES (40,'P108',70,35,23,'FIT');
-- INSERT INTO `mistnosti` (`id`,`nazev`,`kapacita`,`kapacita_ob1`,`kapacita_ob2`,`fakulta`) VALUES (41,'Q322',10,5,3,'FIT');
-- INSERT INTO `mistnosti` (`id`,`nazev`,`kapacita`,`kapacita_ob1`,`kapacita_ob2`,`fakulta`) VALUES (42,'R211',50,25,16,'FIT');
-- INSERT INTO `mistnosti` (`id`,`nazev`,`kapacita`,`kapacita_ob1`,`kapacita_ob2`,`fakulta`) VALUES (43,'S206',20,10,6,'FIT');
-- INSERT INTO `mistnosti` (`id`,`nazev`,`kapacita`,`kapacita_ob1`,`kapacita_ob2`,`fakulta`) VALUES (44,'S207',10,5,3,'FIT');
-- INSERT INTO `mistnosti` (`id`,`nazev`,`kapacita`,`kapacita_ob1`,`kapacita_ob2`,`fakulta`) VALUES (45,'S214',20,10,6,'FIT');

INSERT INTO `mistnosti` (`id`,`nazev`,`kapacita`,`kapacita_ob1`,`kapacita_ob2`,`fakulta`) VALUES (1,'D105',300,150,100,'FIT');
INSERT INTO `mistnosti` (`id`,`nazev`,`kapacita`,`kapacita_ob1`,`kapacita_ob2`,`fakulta`) VALUES (2,'D0206',154,77,51,'FIT');
INSERT INTO `mistnosti` (`id`,`nazev`,`kapacita`,`kapacita_ob1`,`kapacita_ob2`,`fakulta`) VALUES (3,'D0207',90,45,30,'FIT');
INSERT INTO `mistnosti` (`id`,`nazev`,`kapacita`,`kapacita_ob1`,`kapacita_ob2`,`fakulta`) VALUES (4,'E112',156,78,52,'FIT');
INSERT INTO `mistnosti` (`id`,`nazev`,`kapacita`,`kapacita_ob1`,`kapacita_ob2`,`fakulta`) VALUES (5,'E104',72,36,24,'FIT');
INSERT INTO `mistnosti` (`id`,`nazev`,`kapacita`,`kapacita_ob1`,`kapacita_ob2`,`fakulta`) VALUES (6,'E105',72,36,24,'FIT');
INSERT INTO `mistnosti` (`id`,`nazev`,`kapacita`,`kapacita_ob1`,`kapacita_ob2`,`fakulta`) VALUES (7,'G202',80,40,26,'FIT');
INSERT INTO `mistnosti` (`id`,`nazev`,`kapacita`,`kapacita_ob1`,`kapacita_ob2`,`fakulta`) VALUES (8,'A112',64,32,21,'FIT');
INSERT INTO `mistnosti` (`id`,`nazev`,`kapacita`,`kapacita_ob1`,`kapacita_ob2`,`fakulta`) VALUES (9,'A113',64,32,21,'FIT');
INSERT INTO `mistnosti` (`id`,`nazev`,`kapacita`,`kapacita_ob1`,`kapacita_ob2`,`fakulta`) VALUES (10,'O204',20,10,6,'FIT');
INSERT INTO `mistnosti` (`id`,`nazev`,`kapacita`,`kapacita_ob1`,`kapacita_ob2`,`fakulta`) VALUES (11,'T10/1.36',300,150,100,'FEKT');

DELETE FROM nedostupnost where id > 0;
/*
-- Query: SELECT * FROM planovanirozvrhu.nedostupnost
LIMIT 0, 1000

-- Date: 2018-01-01 21:47
*/
INSERT INTO `nedostupnost` (`id`,`id_mistnosti`,`duvod`,`datum`,`cas_od`,`cas_do`) VALUES (1,1,'Den otevřených dveří','2017-12-18','9:00','14:00');
INSERT INTO `nedostupnost` (`id`,`id_mistnosti`,`duvod`,`datum`,`cas_od`,`cas_do`) VALUES (2,3,'Den otevřených dveří','2017-12-18','9:00','14:00');
INSERT INTO `nedostupnost` (`id`,`id_mistnosti`,`duvod`,`datum`,`cas_od`,`cas_do`) VALUES (3,1,'Státní svátek','2017-09-28','0:00','24:00');
INSERT INTO `nedostupnost` (`id`,`id_mistnosti`,`duvod`,`datum`,`cas_od`,`cas_do`) VALUES (4,3,'Státní svátek','2017-09-28','0:00','24:00');
INSERT INTO `nedostupnost` (`id`,`id_mistnosti`,`duvod`,`datum`,`cas_od`,`cas_do`) VALUES (5,4,'Státní svátek','2017-09-28','0:00','24:00');
INSERT INTO `nedostupnost` (`id`,`id_mistnosti`,`duvod`,`datum`,`cas_od`,`cas_do`) VALUES (6,5,'Státní svátek','2017-09-28','0:00','24:00');
INSERT INTO `nedostupnost` (`id`,`id_mistnosti`,`duvod`,`datum`,`cas_od`,`cas_do`) VALUES (7,6,'Státní svátek','2017-09-28','0:00','24:00');
INSERT INTO `nedostupnost` (`id`,`id_mistnosti`,`duvod`,`datum`,`cas_od`,`cas_do`) VALUES (8,7,'Státní svátek','2017-09-28','0:00','24:00');
INSERT INTO `nedostupnost` (`id`,`id_mistnosti`,`duvod`,`datum`,`cas_od`,`cas_do`) VALUES (9,8,'Státní svátek','2017-09-28','0:00','24:00');
INSERT INTO `nedostupnost` (`id`,`id_mistnosti`,`duvod`,`datum`,`cas_od`,`cas_do`) VALUES (10,9,'Státní svátek','2017-09-28','0:00','24:00');
INSERT INTO `nedostupnost` (`id`,`id_mistnosti`,`duvod`,`datum`,`cas_od`,`cas_do`) VALUES (11,10,'Státní svátek','2017-09-28','0:00','24:00');
INSERT INTO `nedostupnost` (`id`,`id_mistnosti`,`duvod`,`datum`,`cas_od`,`cas_do`) VALUES (12,11,'Státní svátek','2017-09-28','0:00','24:00');
INSERT INTO `nedostupnost` (`id`,`id_mistnosti`,`duvod`,`datum`,`cas_od`,`cas_do`) VALUES (13,1,'Státní svátek','2017-11-17','0:00','24:00');
INSERT INTO `nedostupnost` (`id`,`id_mistnosti`,`duvod`,`datum`,`cas_od`,`cas_do`) VALUES (14,2,'Státní svátek','2017-11-17','0:00','24:00');
INSERT INTO `nedostupnost` (`id`,`id_mistnosti`,`duvod`,`datum`,`cas_od`,`cas_do`) VALUES (15,3,'Státní svátek','2017-11-17','0:00','24:00');
INSERT INTO `nedostupnost` (`id`,`id_mistnosti`,`duvod`,`datum`,`cas_od`,`cas_do`) VALUES (16,4,'Státní svátek','2017-11-17','0:00','24:00');
INSERT INTO `nedostupnost` (`id`,`id_mistnosti`,`duvod`,`datum`,`cas_od`,`cas_do`) VALUES (17,5,'Státní svátek','2017-11-17','0:00','24:00');
INSERT INTO `nedostupnost` (`id`,`id_mistnosti`,`duvod`,`datum`,`cas_od`,`cas_do`) VALUES (18,6,'Státní svátek','2017-11-17','0:00','24:00');
INSERT INTO `nedostupnost` (`id`,`id_mistnosti`,`duvod`,`datum`,`cas_od`,`cas_do`) VALUES (19,7,'Státní svátek','2017-11-17','0:00','24:00');
INSERT INTO `nedostupnost` (`id`,`id_mistnosti`,`duvod`,`datum`,`cas_od`,`cas_do`) VALUES (20,8,'Státní svátek','2017-11-17','0:00','24:00');
INSERT INTO `nedostupnost` (`id`,`id_mistnosti`,`duvod`,`datum`,`cas_od`,`cas_do`) VALUES (21,9,'Státní svátek','2017-11-17','0:00','24:00');
INSERT INTO `nedostupnost` (`id`,`id_mistnosti`,`duvod`,`datum`,`cas_od`,`cas_do`) VALUES (22,10,'Státní svátek','2017-11-17','0:00','24:00');
INSERT INTO `nedostupnost` (`id`,`id_mistnosti`,`duvod`,`datum`,`cas_od`,`cas_do`) VALUES (23,11,'Státní svátek','2017-11-17','0:00','24:00');