-- MySQL Script generated by MySQL Workbench
-- Wed Dec 20 23:43:51 2017
-- Model: New Model    Version: 1.0
-- MySQL Workbench Forward Engineering

SET @OLD_UNIQUE_CHECKS=@@UNIQUE_CHECKS, UNIQUE_CHECKS=0;
SET @OLD_FOREIGN_KEY_CHECKS=@@FOREIGN_KEY_CHECKS, FOREIGN_KEY_CHECKS=0;
SET @OLD_SQL_MODE=@@SQL_MODE, SQL_MODE='TRADITIONAL,ALLOW_INVALID_DATES';

drop table IF EXISTS planovaniRozvrhu.prednasejicipredmetu;
drop table IF EXISTS planovaniRozvrhu.lonskeTerminy;
drop table IF EXISTS planovaniRozvrhu.terminyPozadavkuNaZkousky;
drop table IF EXISTS planovaniRozvrhu.pozadavkyNaZkousky;
drop table IF EXISTS planovaniRozvrhu.terminyPozadavkuNaRozvrh;
drop table IF EXISTS planovaniRozvrhu.pozadavkyNaRozvrh;
drop table IF EXISTS planovaniRozvrhu.kolize;
drop table IF EXISTS planovaniRozvrhu.zapsaniStudenti;
drop table IF EXISTS planovaniRozvrhu.povinnostVOboru;
drop table IF EXISTS planovaniRozvrhu.majiRegistrovane;
drop table IF EXISTS planovaniRozvrhu.studenti;
drop table IF EXISTS planovaniRozvrhu.obory;
drop table IF EXISTS planovaniRozvrhu.nedostupnost;
drop table IF EXISTS planovaniRozvrhu.zkousce_prislusi;
drop table IF EXISTS planovaniRozvrhu.casyZkousek;
drop table IF EXISTS planovaniRozvrhu.verzeZkousek;
drop table IF EXISTS planovaniRozvrhu.predmetuPrislusi;
drop table IF EXISTS planovaniRozvrhu.mistnosti;
drop table IF EXISTS planovaniRozvrhu.casyPredmetu;
drop table IF EXISTS planovaniRozvrhu.verzeRozvrhu;
drop table IF EXISTS planovaniRozvrhu.semestry;
drop table IF EXISTS planovaniRozvrhu.predmety;
drop table IF EXISTS planovaniRozvrhu.ucitele;
-- -----------------------------------------------------
-- Schema planovaniRozvrhu
-- -----------------------------------------------------

-- -----------------------------------------------------
-- Schema planovaniRozvrhu
-- -----------------------------------------------------
CREATE SCHEMA IF NOT EXISTS `planovaniRozvrhu` DEFAULT CHARACTER SET utf8 ;
USE `planovaniRozvrhu` ;

-- -----------------------------------------------------
-- Table `planovaniRozvrhu`.`ucitele`
-- -----------------------------------------------------
CREATE TABLE IF NOT EXISTS `planovaniRozvrhu`.`ucitele` (
  `id` INT NOT NULL,
  `jmeno` VARCHAR(200) NULL,
  `email` VARCHAR(100) NULL,
  PRIMARY KEY (`id`),
  UNIQUE INDEX `id_UNIQUE` (`id` ASC))
ENGINE = InnoDB;


-- -----------------------------------------------------
-- Table `planovaniRozvrhu`.`predmety`
-- -----------------------------------------------------
CREATE TABLE IF NOT EXISTS `planovaniRozvrhu`.`predmety` (
  `id` INT NOT NULL,
  `id_garanta` INT NULL,
  `predmet_id` VARCHAR(100) NULL,
  `nazev` VARCHAR(200) NULL,
  `zkratka` VARCHAR(10) NULL,
  `fakulta` ENUM('FIT', 'FEKT', 'FSI', 'FP', 'FA', 'FCH', 'FAST', 'FAVU', 'USI') NULL,
  `kapacita` INT NULL,
  `pocet_zapsanych_studentu` INT NULL,
  `planovat_zkousky_flag` TINYINT NULL,
  PRIMARY KEY (`id`),
  UNIQUE INDEX `id_UNIQUE` (`id` ASC),
  INDEX `fk_predmety_ucitele1_idx` (`id_garanta` ASC),
  CONSTRAINT `fk_predmety_ucitele1`
    FOREIGN KEY (`id_garanta`)
    REFERENCES `planovaniRozvrhu`.`ucitele` (`id`)
    ON DELETE NO ACTION
    ON UPDATE NO ACTION)
ENGINE = InnoDB;


-- -----------------------------------------------------
-- Table `planovaniRozvrhu`.`semestry`
-- -----------------------------------------------------
CREATE TABLE IF NOT EXISTS `planovaniRozvrhu`.`semestry` (
  `id` INT NOT NULL,
  `obdobi` ENUM('ZS', 'LS') NULL,
  `rok` INT NULL,
  `akademicky_rok` VARCHAR(45) NULL,
  `zkouskove_od` DATE NULL,
  `zkouskove_do` DATE NULL,
  PRIMARY KEY (`id`),
  UNIQUE INDEX `id_UNIQUE` (`id` ASC))
ENGINE = InnoDB;


-- -----------------------------------------------------
-- Table `planovaniRozvrhu`.`verzeRozvrhu`
-- -----------------------------------------------------
CREATE TABLE IF NOT EXISTS `planovaniRozvrhu`.`verzeRozvrhu` (
  `id` INT NOT NULL,
  `id_semestru` INT NULL,
  `nazev_verze` VARCHAR(200) NULL,
  `cislo_verze` INT NULL,
  `je_aktivni_flag` TINYINT NULL,
  PRIMARY KEY (`id`),
  UNIQUE INDEX `id_UNIQUE` (`id` ASC),
  INDEX `fk_verzeRozvrhu_semestry1_idx` (`id_semestru` ASC),
  CONSTRAINT `fk_verzeRozvrhu_semestry1`
    FOREIGN KEY (`id_semestru`)
    REFERENCES `planovaniRozvrhu`.`semestry` (`id`)
    ON DELETE NO ACTION
    ON UPDATE NO ACTION)
ENGINE = InnoDB;


-- -----------------------------------------------------
-- Table `planovaniRozvrhu`.`casyPredmetu`
-- -----------------------------------------------------
CREATE TABLE IF NOT EXISTS `planovaniRozvrhu`.`casyPredmetu` (
  `id` INT NOT NULL,
  `id_verze` INT NULL,
  `id_predmetu` INT NULL,
  `verze` INT NULL,
  `den` ENUM('Po', 'Út', 'St', 'Čt', 'Pá') NULL,
  `cas_od` TIME(6) NULL,
  `cas_do` TIME(6) NULL,
  `typ` ENUM('p', 'n', 'c', 'l', 'z', 'o') NULL,
  `skupina` ENUM('a', 'b') NULL,
  INDEX `fk_verzeRozvrhu_has_predmety_predmety1_idx` (`id_predmetu` ASC),
  INDEX `fk_verzeRozvrhu_has_predmety_verzeRozvrhu1_idx` (`id_verze` ASC),
  PRIMARY KEY (`id`),
  UNIQUE INDEX `id_UNIQUE` (`id` ASC),
  CONSTRAINT `fk_verzeRozvrhu_has_predmety_verzeRozvrhu1`
    FOREIGN KEY (`id_verze`)
    REFERENCES `planovaniRozvrhu`.`verzeRozvrhu` (`id`)
    ON DELETE NO ACTION
    ON UPDATE NO ACTION,
  CONSTRAINT `fk_verzeRozvrhu_has_predmety_predmety1`
    FOREIGN KEY (`id_predmetu`)
    REFERENCES `planovaniRozvrhu`.`predmety` (`id`)
    ON DELETE NO ACTION
    ON UPDATE NO ACTION)
ENGINE = InnoDB;


-- -----------------------------------------------------
-- Table `planovaniRozvrhu`.`mistnosti`
-- -----------------------------------------------------
CREATE TABLE IF NOT EXISTS `planovaniRozvrhu`.`mistnosti` (
  `id` INT NOT NULL,
  `nazev` VARCHAR(45) NULL,
  `kapacita` INT NULL,
  `kapacita_ob1` INT NULL,
  `kapacita_ob2` INT NULL,
  `fakulta` ENUM('FIT', 'FEKT', 'FSI', 'FP', 'FA', 'FCH', 'FAST', 'FAVU', 'USI') NULL,
  PRIMARY KEY (`id`),
  UNIQUE INDEX `id_UNIQUE` (`id` ASC))
ENGINE = InnoDB;


-- -----------------------------------------------------
-- Table `planovaniRozvrhu`.`predmetuPrislusi`
-- -----------------------------------------------------
CREATE TABLE IF NOT EXISTS `planovaniRozvrhu`.`predmetuPrislusi` (
  `id` INT NOT NULL,
  `id_casu_predmetu` INT NULL,
  `id_mistnosti` INT NULL,
  INDEX `fk_casyPredmetu_has_mistnosti_mistnosti1_idx` (`id_mistnosti` ASC),
  INDEX `fk_casyPredmetu_has_mistnosti_casyPredmetu1_idx` (`id_casu_predmetu` ASC),
  PRIMARY KEY (`id`),
  UNIQUE INDEX `id_UNIQUE` (`id` ASC),
  CONSTRAINT `fk_casyPredmetu_has_mistnosti_casyPredmetu1`
    FOREIGN KEY (`id_casu_predmetu`)
    REFERENCES `planovaniRozvrhu`.`casyPredmetu` (`id`)
    ON DELETE NO ACTION
    ON UPDATE NO ACTION,
  CONSTRAINT `fk_casyPredmetu_has_mistnosti_mistnosti1`
    FOREIGN KEY (`id_mistnosti`)
    REFERENCES `planovaniRozvrhu`.`mistnosti` (`id`)
    ON DELETE NO ACTION
    ON UPDATE NO ACTION)
ENGINE = InnoDB;


-- -----------------------------------------------------
-- Table `planovaniRozvrhu`.`verzeZkousek`
-- -----------------------------------------------------
CREATE TABLE IF NOT EXISTS `planovaniRozvrhu`.`verzeZkousek` (
  `id` INT NOT NULL,
  `id_semestru` INT NULL,
  `nazev_verze` VARCHAR(200) NULL,
  `cislo_verze` INT NULL,
  `je_aktivni_flag` TINYINT NULL,
  PRIMARY KEY (`id`),
  UNIQUE INDEX `id_UNIQUE` (`id` ASC),
  INDEX `fk_verzeZkousek_semestry1_idx` (`id_semestru` ASC),
  CONSTRAINT `fk_verzeZkousek_semestry1`
    FOREIGN KEY (`id_semestru`)
    REFERENCES `planovaniRozvrhu`.`semestry` (`id`)
    ON DELETE NO ACTION
    ON UPDATE NO ACTION)
ENGINE = InnoDB;


-- -----------------------------------------------------
-- Table `planovaniRozvrhu`.`casyZkousek`
-- -----------------------------------------------------
CREATE TABLE IF NOT EXISTS `planovaniRozvrhu`.`casyZkousek` (
  `id` INT NOT NULL,
  `id_verze` INT NULL,
  `id_predmetu` INT NULL,
  `verze` INT NULL,
  `datum` DATE NULL,
  `cas_od` TIME(6) NULL,
  `cas_do` TIME(6) NULL,
  `termin` ENUM('radny', '1opravny', '2opravny') NULL,
  `pevny_cas_flag` TINYINT NULL,
  INDEX `fk_predmety_has_verzeZkousek_verzeZkousek1_idx` (`id_verze` ASC),
  INDEX `fk_predmety_has_verzeZkousek_predmety1_idx` (`id_predmetu` ASC),
  PRIMARY KEY (`id`),
  UNIQUE INDEX `id_UNIQUE` (`id` ASC),
  CONSTRAINT `fk_predmety_has_verzeZkousek_predmety1`
    FOREIGN KEY (`id_predmetu`)
    REFERENCES `planovaniRozvrhu`.`predmety` (`id`)
    ON DELETE NO ACTION
    ON UPDATE NO ACTION,
  CONSTRAINT `fk_predmety_has_verzeZkousek_verzeZkousek1`
    FOREIGN KEY (`id_verze`)
    REFERENCES `planovaniRozvrhu`.`verzeZkousek` (`id`)
    ON DELETE NO ACTION
    ON UPDATE NO ACTION)
ENGINE = InnoDB;


-- -----------------------------------------------------
-- Table `planovaniRozvrhu`.`zkousce_prislusi`
-- -----------------------------------------------------
CREATE TABLE IF NOT EXISTS `planovaniRozvrhu`.`zkousce_prislusi` (
  `id` INT NOT NULL,
  `mistnosti_id` INT NULL,
  `casyZkousek_id` INT NULL,
  INDEX `fk_mistnosti_has_casyZkousek_casyZkousek1_idx` (`casyZkousek_id` ASC),
  INDEX `fk_mistnosti_has_casyZkousek_mistnosti1_idx` (`mistnosti_id` ASC),
  PRIMARY KEY (`id`),
  UNIQUE INDEX `id_UNIQUE` (`id` ASC),
  CONSTRAINT `fk_mistnosti_has_casyZkousek_mistnosti1`
    FOREIGN KEY (`mistnosti_id`)
    REFERENCES `planovaniRozvrhu`.`mistnosti` (`id`)
    ON DELETE NO ACTION
    ON UPDATE NO ACTION,
  CONSTRAINT `fk_mistnosti_has_casyZkousek_casyZkousek1`
    FOREIGN KEY (`casyZkousek_id`)
    REFERENCES `planovaniRozvrhu`.`casyZkousek` (`id`)
    ON DELETE NO ACTION
    ON UPDATE NO ACTION)
ENGINE = InnoDB;


-- -----------------------------------------------------
-- Table `planovaniRozvrhu`.`nedostupnost`
-- -----------------------------------------------------
CREATE TABLE IF NOT EXISTS `planovaniRozvrhu`.`nedostupnost` (
  `id` INT NOT NULL,
  `id_mistnosti` INT NULL,
  `duvod` VARCHAR(200) NULL,
  `datum` DATE NULL,
  `cas_od` TIME(6) NULL,
  `cas_do` TIME(6) NULL,
  UNIQUE INDEX `id_UNIQUE` (`id` ASC),
  PRIMARY KEY (`id`),
  INDEX `fk_nedostupnost_mistnosti1_idx` (`id_mistnosti` ASC),
  CONSTRAINT `fk_nedostupnost_mistnosti1`
    FOREIGN KEY (`id_mistnosti`)
    REFERENCES `planovaniRozvrhu`.`mistnosti` (`id`)
    ON DELETE NO ACTION
    ON UPDATE NO ACTION)
ENGINE = InnoDB;


-- -----------------------------------------------------
-- Table `planovaniRozvrhu`.`obory`
-- -----------------------------------------------------
CREATE TABLE IF NOT EXISTS `planovaniRozvrhu`.`obory` (
  `id` INT NOT NULL,
  `id_semestru` INT NULL,
  `nazev` VARCHAR(200) NULL,
  `zkratka` VARCHAR(10) NULL,
  UNIQUE INDEX `id_UNIQUE` (`id` ASC),
  PRIMARY KEY (`id`),
  INDEX `fk_obory_semestry1_idx` (`id_semestru` ASC),
  CONSTRAINT `fk_obory_semestry1`
    FOREIGN KEY (`id_semestru`)
    REFERENCES `planovaniRozvrhu`.`semestry` (`id`)
    ON DELETE NO ACTION
    ON UPDATE NO ACTION)
ENGINE = InnoDB;


-- -----------------------------------------------------
-- Table `planovaniRozvrhu`.`studenti`
-- -----------------------------------------------------
CREATE TABLE IF NOT EXISTS `planovaniRozvrhu`.`studenti` (
  `id` INT NOT NULL,
  `id_oboru` INT NULL,
  `student_id` INT NULL,
  `login` VARCHAR(45) NULL,
  `jmeno` VARCHAR(45) NULL,
  `prijmeni` VARCHAR(45) NULL,
  `email` VARCHAR(45) NULL,
  UNIQUE INDEX `id_UNIQUE` (`id` ASC),
  PRIMARY KEY (`id`),
  INDEX `fk_studenti_obory1_idx` (`id_oboru` ASC),
  CONSTRAINT `fk_studenti_obory1`
    FOREIGN KEY (`id_oboru`)
    REFERENCES `planovaniRozvrhu`.`obory` (`id`)
    ON DELETE NO ACTION
    ON UPDATE NO ACTION)
ENGINE = InnoDB;


-- -----------------------------------------------------
-- Table `planovaniRozvrhu`.`majiRegistrovane`
-- -----------------------------------------------------
CREATE TABLE IF NOT EXISTS `planovaniRozvrhu`.`majiRegistrovane` (
  `id` INT NOT NULL,
  `id_studenta` INT NULL,
  `id_predmetu` INT NULL,
  INDEX `fk_studenti_has_predmety_predmety1_idx` (`id_predmetu` ASC),
  INDEX `fk_studenti_has_predmety_studenti1_idx` (`id_studenta` ASC),
  PRIMARY KEY (`id`),
  UNIQUE INDEX `id_UNIQUE` (`id` ASC),
  CONSTRAINT `fk_studenti_has_predmety_studenti1`
    FOREIGN KEY (`id_studenta`)
    REFERENCES `planovaniRozvrhu`.`studenti` (`id`)
    ON DELETE NO ACTION
    ON UPDATE NO ACTION,
  CONSTRAINT `fk_studenti_has_predmety_predmety1`
    FOREIGN KEY (`id_predmetu`)
    REFERENCES `planovaniRozvrhu`.`predmety` (`id`)
    ON DELETE NO ACTION
    ON UPDATE NO ACTION)
ENGINE = InnoDB;


-- -----------------------------------------------------
-- Table `planovaniRozvrhu`.`povinnostVOboru`
-- -----------------------------------------------------
CREATE TABLE IF NOT EXISTS `planovaniRozvrhu`.`povinnostVOboru` (
  `id` INT NOT NULL,
  `id_oboru` INT NULL,
  `id_predmetu` INT NULL,
  `typ_povinnosti` ENUM('P', 'PV', 'V') NULL,
  INDEX `fk_obory_has_predmety_predmety1_idx` (`id_predmetu` ASC),
  INDEX `fk_obory_has_predmety_obory1_idx` (`id_oboru` ASC),
  PRIMARY KEY (`id`),
  UNIQUE INDEX `id_UNIQUE` (`id` ASC),
  CONSTRAINT `fk_obory_has_predmety_obory1`
    FOREIGN KEY (`id_oboru`)
    REFERENCES `planovaniRozvrhu`.`obory` (`id`)
    ON DELETE NO ACTION
    ON UPDATE NO ACTION,
  CONSTRAINT `fk_obory_has_predmety_predmety1`
    FOREIGN KEY (`id_predmetu`)
    REFERENCES `planovaniRozvrhu`.`predmety` (`id`)
    ON DELETE NO ACTION
    ON UPDATE NO ACTION)
ENGINE = InnoDB;


-- -----------------------------------------------------
-- Table `planovaniRozvrhu`.`zapsaniStudenti`
-- -----------------------------------------------------
CREATE TABLE IF NOT EXISTS `planovaniRozvrhu`.`zapsaniStudenti` (
  `id` INT NOT NULL,
  `id_oboru` INT NULL,
  `id_predmetu` INT NULL,
  `pocet_zapsanych_studentu` INT NULL,
  INDEX `fk_obory_has_predmety_predmety2_idx` (`id_predmetu` ASC),
  INDEX `fk_obory_has_predmety_obory2_idx` (`id_oboru` ASC),
  PRIMARY KEY (`id`),
  UNIQUE INDEX `id_UNIQUE` (`id` ASC),
  CONSTRAINT `fk_obory_has_predmety_obory2`
    FOREIGN KEY (`id_oboru`)
    REFERENCES `planovaniRozvrhu`.`obory` (`id`)
    ON DELETE NO ACTION
    ON UPDATE NO ACTION,
  CONSTRAINT `fk_obory_has_predmety_predmety2`
    FOREIGN KEY (`id_predmetu`)
    REFERENCES `planovaniRozvrhu`.`predmety` (`id`)
    ON DELETE NO ACTION
    ON UPDATE NO ACTION)
ENGINE = InnoDB;


-- -----------------------------------------------------
-- Table `planovaniRozvrhu`.`kolize`
-- -----------------------------------------------------
CREATE TABLE IF NOT EXISTS `planovaniRozvrhu`.`kolize` (
  `id` INT NOT NULL,
  `id_predmetu` INT NULL,
  `id_predmetu_v_kolizi` INT NULL,
  `pocet_studentu_v_kolizi` INT NULL,
  PRIMARY KEY (`id`),
  UNIQUE INDEX `id_UNIQUE` (`id` ASC),
  INDEX `fk_kolize_predmety1_idx` (`id_predmetu` ASC),
  INDEX `fk_kolize_predmety2_idx` (`id_predmetu_v_kolizi` ASC),
  CONSTRAINT `fk_kolize_predmety1`
    FOREIGN KEY (`id_predmetu`)
    REFERENCES `planovaniRozvrhu`.`predmety` (`id`)
    ON DELETE NO ACTION
    ON UPDATE NO ACTION,
  CONSTRAINT `fk_kolize_predmety2`
    FOREIGN KEY (`id_predmetu_v_kolizi`)
    REFERENCES `planovaniRozvrhu`.`predmety` (`id`)
    ON DELETE NO ACTION
    ON UPDATE NO ACTION)
ENGINE = InnoDB;


-- -----------------------------------------------------
-- Table `planovaniRozvrhu`.`pozadavkyNaRozvrh`
-- -----------------------------------------------------
CREATE TABLE IF NOT EXISTS `planovaniRozvrhu`.`pozadavkyNaRozvrh` (
  `id` INT NOT NULL,
  `id_predmetu` INT NULL,
  `id_vyucujiciho` INT NULL,
  `typ` VARCHAR(100) NULL,
  `skupin` VARCHAR(100) NULL,
  `kapacita` INT NULL,
  `hodin` INT NULL,
  `tyden` VARCHAR(100) NULL,
  `mistnosti` VARCHAR(100) NULL,
  `poznamka` TEXT(1000) NULL,
  PRIMARY KEY (`id`),
  UNIQUE INDEX `id_UNIQUE` (`id` ASC),
  INDEX `fk_pozadavkyNaRozvrh_predmety1_idx` (`id_predmetu` ASC),
  INDEX `fk_pozadavkyNaRozvrh_ucitele1_idx` (`id_vyucujiciho` ASC),
  CONSTRAINT `fk_pozadavkyNaRozvrh_predmety1`
    FOREIGN KEY (`id_predmetu`)
    REFERENCES `planovaniRozvrhu`.`predmety` (`id`)
    ON DELETE NO ACTION
    ON UPDATE NO ACTION,
  CONSTRAINT `fk_pozadavkyNaRozvrh_ucitele1`
    FOREIGN KEY (`id_vyucujiciho`)
    REFERENCES `planovaniRozvrhu`.`ucitele` (`id`)
    ON DELETE NO ACTION
    ON UPDATE NO ACTION)
ENGINE = InnoDB;


-- -----------------------------------------------------
-- Table `planovaniRozvrhu`.`terminyPozadavkuNaRozvrh`
-- -----------------------------------------------------
CREATE TABLE IF NOT EXISTS `planovaniRozvrhu`.`terminyPozadavkuNaRozvrh` (
  `id` INT NOT NULL,
  `id_PozadavkuNaRozvrh` INT NULL,
  `typ_terminu` ENUM('vyhovující', 'nemožný') NULL,
  `den` ENUM('Po', 'Út', 'St', 'Čt', 'Pá') NULL,
--  `den` VARCHAR(100) NULL,
  `od` TIME(6) NULL,
  `do` TIME(6) NULL,
  `prio` ENUM('low', 'medium', 'high') NULL,
  `poznamka` TEXT(1000) NULL,
  PRIMARY KEY (`id`),
  UNIQUE INDEX `id_UNIQUE` (`id` ASC),
  INDEX `fk_terminyPozadavkuNaRozvrh_pozadavkyNaRozvrh1_idx` (`id_PozadavkuNaRozvrh` ASC),
  CONSTRAINT `fk_terminyPozadavkuNaRozvrh_pozadavkyNaRozvrh1`
    FOREIGN KEY (`id_PozadavkuNaRozvrh`)
    REFERENCES `planovaniRozvrhu`.`pozadavkyNaRozvrh` (`id`)
    ON DELETE NO ACTION
    ON UPDATE NO ACTION)
ENGINE = InnoDB;


-- -----------------------------------------------------
-- Table `planovaniRozvrhu`.`pozadavkyNaZkousky`
-- -----------------------------------------------------
CREATE TABLE IF NOT EXISTS `planovaniRozvrhu`.`pozadavkyNaZkousky` (
  `id` INT NOT NULL,
  `id_predmetu` INT NULL,
  `id_zkousejiciho` INT NULL,
  `rozsaz` ENUM('vedle sebe', 'ob1', 'ob2') NULL,
  `poznamka` TEXT(1000) NULL,
  PRIMARY KEY (`id`),
  UNIQUE INDEX `id_UNIQUE` (`id` ASC),
  INDEX `fk_pozadavkyNaZkousky_predmety1_idx` (`id_predmetu` ASC),
  INDEX `fk_pozadavkyNaZkousky_ucitele1_idx` (`id_zkousejiciho` ASC),
  CONSTRAINT `fk_pozadavkyNaZkousky_predmety1`
    FOREIGN KEY (`id_predmetu`)
    REFERENCES `planovaniRozvrhu`.`predmety` (`id`)
    ON DELETE NO ACTION
    ON UPDATE NO ACTION,
  CONSTRAINT `fk_pozadavkyNaZkousky_ucitele1`
    FOREIGN KEY (`id_zkousejiciho`)
    REFERENCES `planovaniRozvrhu`.`ucitele` (`id`)
    ON DELETE NO ACTION
    ON UPDATE NO ACTION)
ENGINE = InnoDB;


-- -----------------------------------------------------
-- Table `planovaniRozvrhu`.`terminyPozadavkuNaZkousky`
-- -----------------------------------------------------
CREATE TABLE IF NOT EXISTS `planovaniRozvrhu`.`terminyPozadavkuNaZkousky` (
  `id` INT NOT NULL,
  `id_pozadavkuNaZkousky` INT NULL,
  `typ` ENUM('vyhovující', 'nemožný') NULL,
  `termin` ENUM('všechny', 'předtermín', '1. termín', '2. termín', '3. termín', '4. termín', '5. termín') NULL,
  `datum_od` DATE NULL,
  `datum_do` DATE NULL,
  `den` VARCHAR(100) NULL,
  `cas_od` TIME(6) NULL,
  `cas_do` TIME(6) NULL,
  `hod.` INT NULL,
  `pocet_kol` INT NULL,
  `pref_mistnosti` VARCHAR(100) NULL,
  `poznamka` TEXT(1000) NULL,
  UNIQUE INDEX `id_UNIQUE` (`id` ASC),
  PRIMARY KEY (`id`),
  INDEX `fk_terminyPozadavkuNaZkousky_pozadavkyNaZkousky1_idx` (`id_pozadavkuNaZkousky` ASC),
  CONSTRAINT `fk_terminyPozadavkuNaZkousky_pozadavkyNaZkousky1`
    FOREIGN KEY (`id_pozadavkuNaZkousky`)
    REFERENCES `planovaniRozvrhu`.`pozadavkyNaZkousky` (`id`)
    ON DELETE NO ACTION
    ON UPDATE NO ACTION)
ENGINE = InnoDB;


-- -----------------------------------------------------
-- Table `planovaniRozvrhu`.`lonskeTerminy`
-- -----------------------------------------------------
CREATE TABLE IF NOT EXISTS `planovaniRozvrhu`.`lonskeTerminy` (
  `id` INT NOT NULL,
  `id_predmetu` INT NULL,
  `id_garanta` INT NULL,
  `zak` ENUM('Zazk', 'Zk', 'Klz', 'Za') NULL,
  `stud` INT NULL,
  `#1` INT NULL,
  `#2` INT NULL,
  `#3` INT NULL,
  `#4` INT NULL,
  `#5` INT NULL,
  `#6` INT NULL,
  PRIMARY KEY (`id`),
  UNIQUE INDEX `id_UNIQUE` (`id` ASC),
  INDEX `fk_vypsaneTerminy_predmety1_idx` (`id_predmetu` ASC),
  INDEX `fk_lonskeTerminy_ucitele1_idx` (`id_garanta` ASC),
  CONSTRAINT `fk_vypsaneTerminy_predmety1`
    FOREIGN KEY (`id_predmetu`)
    REFERENCES `planovaniRozvrhu`.`predmety` (`id`)
    ON DELETE NO ACTION
    ON UPDATE NO ACTION,
  CONSTRAINT `fk_lonskeTerminy_ucitele1`
    FOREIGN KEY (`id_garanta`)
    REFERENCES `planovaniRozvrhu`.`ucitele` (`id`)
    ON DELETE NO ACTION
    ON UPDATE NO ACTION)
ENGINE = InnoDB;



-- -----------------------------------------------------
-- Table `planovaniRozvrhu`.`prednasejiciPredmetu`
-- -----------------------------------------------------
CREATE TABLE IF NOT EXISTS `planovaniRozvrhu`.`prednasejiciPredmetu` (
  `id` INT NOT NULL,
  `id_predmetu` INT NULL,
  `id_ucitele` INT NULL,
  INDEX `fk_predmety_has_ucitele_ucitele1_idx` (`id_ucitele` ASC),
  INDEX `fk_predmety_has_ucitele_predmety1_idx` (`id_predmetu` ASC),
  PRIMARY KEY (`id`),
  UNIQUE INDEX `id_UNIQUE` (`id` ASC),
  CONSTRAINT `fk_predmety_has_ucitele_predmety1`
    FOREIGN KEY (`id_predmetu`)
    REFERENCES `planovaniRozvrhu`.`predmety` (`id`)
    ON DELETE NO ACTION
    ON UPDATE NO ACTION,
  CONSTRAINT `fk_predmety_has_ucitele_ucitele1`
    FOREIGN KEY (`id_ucitele`)
    REFERENCES `planovaniRozvrhu`.`ucitele` (`id`)
    ON DELETE NO ACTION
    ON UPDATE NO ACTION)
ENGINE = InnoDB;


SET SQL_MODE=@OLD_SQL_MODE;
SET FOREIGN_KEY_CHECKS=@OLD_FOREIGN_KEY_CHECKS;
SET UNIQUE_CHECKS=@OLD_UNIQUE_CHECKS;

-- -----------------------------------------------------
-- Naplnění místností
-- -----------------------------------------------------

-- INSERT INTO `mistnosti` (`id`,`nazev`,`kapacita`,`kapacita_ob1`,`kapacita_ob2`,`fakulta`) VALUES (1,'A112',64,32,21,'FIT');
-- INSERT INTO `mistnosti` (`id`,`nazev`,`kapacita`,`kapacita_ob1`,`kapacita_ob2`,`fakulta`) VALUES (2,'A113',64,32,21,'FIT');
-- INSERT INTO `mistnosti` (`id`,`nazev`,`kapacita`,`kapacita_ob1`,`kapacita_ob2`,`fakulta`) VALUES (3,'A211',8,4,2,'FIT');
-- INSERT INTO `mistnosti` (`id`,`nazev`,`kapacita`,`kapacita_ob1`,`kapacita_ob2`,`fakulta`) VALUES (4,'A218',20,10,6,'FIT');
-- INSERT INTO `mistnosti` (`id`,`nazev`,`kapacita`,`kapacita_ob1`,`kapacita_ob2`,`fakulta`) VALUES (5,'A127.1',6,3,2,'FIT');
-- INSERT INTO `mistnosti` (`id`,`nazev`,`kapacita`,`kapacita_ob1`,`kapacita_ob2`,`fakulta`) VALUES (6,'A128',8,4,2,'FIT');
-- INSERT INTO `mistnosti` (`id`,`nazev`,`kapacita`,`kapacita_ob1`,`kapacita_ob2`,`fakulta`) VALUES (7,'C209',30,15,10,'FIT');
-- INSERT INTO `mistnosti` (`id`,`nazev`,`kapacita`,`kapacita_ob1`,`kapacita_ob2`,`fakulta`) VALUES (8,'C211',7,3,2,'FIT');
-- INSERT INTO `mistnosti` (`id`,`nazev`,`kapacita`,`kapacita_ob1`,`kapacita_ob2`,`fakulta`) VALUES (9,'C228',24,12,8,'FIT');
-- INSERT INTO `mistnosti` (`id`,`nazev`,`kapacita`,`kapacita_ob1`,`kapacita_ob2`,`fakulta`) VALUES (10,'C236',15,7,5,'FIT');
-- INSERT INTO `mistnosti` (`id`,`nazev`,`kapacita`,`kapacita_ob1`,`kapacita_ob2`,`fakulta`) VALUES (11,'C304',20,10,6,'FIT');
-- INSERT INTO `mistnosti` (`id`,`nazev`,`kapacita`,`kapacita_ob1`,`kapacita_ob2`,`fakulta`) VALUES (12,'D0206',154,77,51,'FIT');
-- INSERT INTO `mistnosti` (`id`,`nazev`,`kapacita`,`kapacita_ob1`,`kapacita_ob2`,`fakulta`) VALUES (13,'D0207',90,45,30,'FIT');
-- INSERT INTO `mistnosti` (`id`,`nazev`,`kapacita`,`kapacita_ob1`,`kapacita_ob2`,`fakulta`) VALUES (14,'D105',300,150,100,'FIT');
-- INSERT INTO `mistnosti` (`id`,`nazev`,`kapacita`,`kapacita_ob1`,`kapacita_ob2`,`fakulta`) VALUES (15,'E104',72,36,24,'FIT');
-- INSERT INTO `mistnosti` (`id`,`nazev`,`kapacita`,`kapacita_ob1`,`kapacita_ob2`,`fakulta`) VALUES (16,'E105',72,36,24,'FIT');
-- INSERT INTO `mistnosti` (`id`,`nazev`,`kapacita`,`kapacita_ob1`,`kapacita_ob2`,`fakulta`) VALUES (17,'E112',156,78,52,'FIT');
-- INSERT INTO `mistnosti` (`id`,`nazev`,`kapacita`,`kapacita_ob1`,`kapacita_ob2`,`fakulta`) VALUES (18,'G108',50,25,16,'FIT');
-- INSERT INTO `mistnosti` (`id`,`nazev`,`kapacita`,`kapacita_ob1`,`kapacita_ob2`,`fakulta`) VALUES (19,'G202',80,40,26,'FIT');
-- INSERT INTO `mistnosti` (`id`,`nazev`,`kapacita`,`kapacita_ob1`,`kapacita_ob2`,`fakulta`) VALUES (20,'L116',24,12,8,'FIT');
-- INSERT INTO `mistnosti` (`id`,`nazev`,`kapacita`,`kapacita_ob1`,`kapacita_ob2`,`fakulta`) VALUES (21,'L118',8,4,2,'FIT');
-- INSERT INTO `mistnosti` (`id`,`nazev`,`kapacita`,`kapacita_ob1`,`kapacita_ob2`,`fakulta`) VALUES (22,'L220',16,8,5,'FIT');
-- INSERT INTO `mistnosti` (`id`,`nazev`,`kapacita`,`kapacita_ob1`,`kapacita_ob2`,`fakulta`) VALUES (23,'L304',12,6,4,'FIT');
-- INSERT INTO `mistnosti` (`id`,`nazev`,`kapacita`,`kapacita_ob1`,`kapacita_ob2`,`fakulta`) VALUES (24,'L305',20,10,6,'FIT');
-- INSERT INTO `mistnosti` (`id`,`nazev`,`kapacita`,`kapacita_ob1`,`kapacita_ob2`,`fakulta`) VALUES (25,'L306',20,10,6,'FIT');
-- INSERT INTO `mistnosti` (`id`,`nazev`,`kapacita`,`kapacita_ob1`,`kapacita_ob2`,`fakulta`) VALUES (26,'L311',20,10,6,'FIT');
-- INSERT INTO `mistnosti` (`id`,`nazev`,`kapacita`,`kapacita_ob1`,`kapacita_ob2`,`fakulta`) VALUES (27,'L314',20,10,6,'FIT');
-- INSERT INTO `mistnosti` (`id`,`nazev`,`kapacita`,`kapacita_ob1`,`kapacita_ob2`,`fakulta`) VALUES (28,'L321',16,8,5,'FIT');
-- INSERT INTO `mistnosti` (`id`,`nazev`,`kapacita`,`kapacita_ob1`,`kapacita_ob2`,`fakulta`) VALUES (29,'M103',20,10,6,'FIT');
-- INSERT INTO `mistnosti` (`id`,`nazev`,`kapacita`,`kapacita_ob1`,`kapacita_ob2`,`fakulta`) VALUES (30,'N103',20,10,6,'FIT');
-- INSERT INTO `mistnosti` (`id`,`nazev`,`kapacita`,`kapacita_ob1`,`kapacita_ob2`,`fakulta`) VALUES (31,'N104',20,10,6,'FIT');
-- INSERT INTO `mistnosti` (`id`,`nazev`,`kapacita`,`kapacita_ob1`,`kapacita_ob2`,`fakulta`) VALUES (32,'N105',20,10,6,'FIT');
-- INSERT INTO `mistnosti` (`id`,`nazev`,`kapacita`,`kapacita_ob1`,`kapacita_ob2`,`fakulta`) VALUES (33,'N203',20,10,6,'FIT');
-- INSERT INTO `mistnosti` (`id`,`nazev`,`kapacita`,`kapacita_ob1`,`kapacita_ob2`,`fakulta`) VALUES (34,'N204',20,10,6,'FIT');
-- INSERT INTO `mistnosti` (`id`,`nazev`,`kapacita`,`kapacita_ob1`,`kapacita_ob2`,`fakulta`) VALUES (35,'N205',20,10,6,'FIT');
-- INSERT INTO `mistnosti` (`id`,`nazev`,`kapacita`,`kapacita_ob1`,`kapacita_ob2`,`fakulta`) VALUES (36,'O105',20,10,6,'FIT');
-- INSERT INTO `mistnosti` (`id`,`nazev`,`kapacita`,`kapacita_ob1`,`kapacita_ob2`,`fakulta`) VALUES (37,'O203',20,10,6,'FIT');
-- INSERT INTO `mistnosti` (`id`,`nazev`,`kapacita`,`kapacita_ob1`,`kapacita_ob2`,`fakulta`) VALUES (38,'O204',20,10,6,'FIT');
-- INSERT INTO `mistnosti` (`id`,`nazev`,`kapacita`,`kapacita_ob1`,`kapacita_ob2`,`fakulta`) VALUES (39,'O205',20,10,6,'FIT');
-- INSERT INTO `mistnosti` (`id`,`nazev`,`kapacita`,`kapacita_ob1`,`kapacita_ob2`,`fakulta`) VALUES (40,'P108',70,35,23,'FIT');
-- INSERT INTO `mistnosti` (`id`,`nazev`,`kapacita`,`kapacita_ob1`,`kapacita_ob2`,`fakulta`) VALUES (41,'Q322',10,5,3,'FIT');
-- INSERT INTO `mistnosti` (`id`,`nazev`,`kapacita`,`kapacita_ob1`,`kapacita_ob2`,`fakulta`) VALUES (42,'R211',50,25,16,'FIT');
-- INSERT INTO `mistnosti` (`id`,`nazev`,`kapacita`,`kapacita_ob1`,`kapacita_ob2`,`fakulta`) VALUES (43,'S206',20,10,6,'FIT');
-- INSERT INTO `mistnosti` (`id`,`nazev`,`kapacita`,`kapacita_ob1`,`kapacita_ob2`,`fakulta`) VALUES (44,'S207',10,5,3,'FIT');
-- INSERT INTO `mistnosti` (`id`,`nazev`,`kapacita`,`kapacita_ob1`,`kapacita_ob2`,`fakulta`) VALUES (45,'S214',20,10,6,'FIT');

INSERT INTO `mistnosti` (`id`,`nazev`,`kapacita`,`kapacita_ob1`,`kapacita_ob2`,`fakulta`) VALUES (1,'D105',300,150,100,'FIT');
INSERT INTO `mistnosti` (`id`,`nazev`,`kapacita`,`kapacita_ob1`,`kapacita_ob2`,`fakulta`) VALUES (2,'D0206',154,77,51,'FIT');
INSERT INTO `mistnosti` (`id`,`nazev`,`kapacita`,`kapacita_ob1`,`kapacita_ob2`,`fakulta`) VALUES (3,'D0207',90,45,30,'FIT');
INSERT INTO `mistnosti` (`id`,`nazev`,`kapacita`,`kapacita_ob1`,`kapacita_ob2`,`fakulta`) VALUES (4,'E112',156,78,52,'FIT');
INSERT INTO `mistnosti` (`id`,`nazev`,`kapacita`,`kapacita_ob1`,`kapacita_ob2`,`fakulta`) VALUES (5,'E104',72,36,24,'FIT');
INSERT INTO `mistnosti` (`id`,`nazev`,`kapacita`,`kapacita_ob1`,`kapacita_ob2`,`fakulta`) VALUES (6,'E105',72,36,24,'FIT');
INSERT INTO `mistnosti` (`id`,`nazev`,`kapacita`,`kapacita_ob1`,`kapacita_ob2`,`fakulta`) VALUES (7,'G202',80,40,26,'FIT');
INSERT INTO `mistnosti` (`id`,`nazev`,`kapacita`,`kapacita_ob1`,`kapacita_ob2`,`fakulta`) VALUES (8,'A112',64,32,21,'FIT');
INSERT INTO `mistnosti` (`id`,`nazev`,`kapacita`,`kapacita_ob1`,`kapacita_ob2`,`fakulta`) VALUES (9,'A113',64,32,21,'FIT');
INSERT INTO `mistnosti` (`id`,`nazev`,`kapacita`,`kapacita_ob1`,`kapacita_ob2`,`fakulta`) VALUES (10,'O204',20,10,6,'FIT');
INSERT INTO `mistnosti` (`id`,`nazev`,`kapacita`,`kapacita_ob1`,`kapacita_ob2`,`fakulta`) VALUES (11,'T10/1.36',300,150,100,'FEKT');

DELETE FROM nedostupnost where id > 0;
/*
-- Query: SELECT * FROM planovanirozvrhu.nedostupnost
LIMIT 0, 1000

-- Date: 2018-01-01 21:47
*/
INSERT INTO `nedostupnost` (`id`,`id_mistnosti`,`duvod`,`datum`,`cas_od`,`cas_do`) VALUES (1,1,'Den otevřených dveří','2017-12-18','9:00','14:00');
INSERT INTO `nedostupnost` (`id`,`id_mistnosti`,`duvod`,`datum`,`cas_od`,`cas_do`) VALUES (2,3,'Den otevřených dveří','2017-12-18','9:00','14:00');
INSERT INTO `nedostupnost` (`id`,`id_mistnosti`,`duvod`,`datum`,`cas_od`,`cas_do`) VALUES (3,1,'Státní svátek','2017-09-28','0:00','23:59');
INSERT INTO `nedostupnost` (`id`,`id_mistnosti`,`duvod`,`datum`,`cas_od`,`cas_do`) VALUES (4,3,'Státní svátek','2017-09-28','0:00','23:59');
INSERT INTO `nedostupnost` (`id`,`id_mistnosti`,`duvod`,`datum`,`cas_od`,`cas_do`) VALUES (5,4,'Státní svátek','2017-09-28','0:00','23:59');
INSERT INTO `nedostupnost` (`id`,`id_mistnosti`,`duvod`,`datum`,`cas_od`,`cas_do`) VALUES (6,5,'Státní svátek','2017-09-28','0:00','23:59');
INSERT INTO `nedostupnost` (`id`,`id_mistnosti`,`duvod`,`datum`,`cas_od`,`cas_do`) VALUES (7,6,'Státní svátek','2017-09-28','0:00','23:59');
INSERT INTO `nedostupnost` (`id`,`id_mistnosti`,`duvod`,`datum`,`cas_od`,`cas_do`) VALUES (8,7,'Státní svátek','2017-09-28','0:00','23:59');
INSERT INTO `nedostupnost` (`id`,`id_mistnosti`,`duvod`,`datum`,`cas_od`,`cas_do`) VALUES (9,8,'Státní svátek','2017-09-28','0:00','23:59');
INSERT INTO `nedostupnost` (`id`,`id_mistnosti`,`duvod`,`datum`,`cas_od`,`cas_do`) VALUES (10,9,'Státní svátek','2017-09-28','0:00','23:59');
INSERT INTO `nedostupnost` (`id`,`id_mistnosti`,`duvod`,`datum`,`cas_od`,`cas_do`) VALUES (11,10,'Státní svátek','2017-09-28','0:00','23:59');
INSERT INTO `nedostupnost` (`id`,`id_mistnosti`,`duvod`,`datum`,`cas_od`,`cas_do`) VALUES (12,11,'Státní svátek','2017-09-28','0:00','23:59');
INSERT INTO `nedostupnost` (`id`,`id_mistnosti`,`duvod`,`datum`,`cas_od`,`cas_do`) VALUES (13,1,'Státní svátek','2017-11-17','0:00','23:59');
INSERT INTO `nedostupnost` (`id`,`id_mistnosti`,`duvod`,`datum`,`cas_od`,`cas_do`) VALUES (14,2,'Státní svátek','2017-11-17','0:00','23:59');
INSERT INTO `nedostupnost` (`id`,`id_mistnosti`,`duvod`,`datum`,`cas_od`,`cas_do`) VALUES (15,3,'Státní svátek','2017-11-17','0:00','23:59');
INSERT INTO `nedostupnost` (`id`,`id_mistnosti`,`duvod`,`datum`,`cas_od`,`cas_do`) VALUES (16,4,'Státní svátek','2017-11-17','0:00','23:59');
INSERT INTO `nedostupnost` (`id`,`id_mistnosti`,`duvod`,`datum`,`cas_od`,`cas_do`) VALUES (17,5,'Státní svátek','2017-11-17','0:00','23:59');
INSERT INTO `nedostupnost` (`id`,`id_mistnosti`,`duvod`,`datum`,`cas_od`,`cas_do`) VALUES (18,6,'Státní svátek','2017-11-17','0:00','23:59');
INSERT INTO `nedostupnost` (`id`,`id_mistnosti`,`duvod`,`datum`,`cas_od`,`cas_do`) VALUES (19,7,'Státní svátek','2017-11-17','0:00','23:59');
INSERT INTO `nedostupnost` (`id`,`id_mistnosti`,`duvod`,`datum`,`cas_od`,`cas_do`) VALUES (20,8,'Státní svátek','2017-11-17','0:00','23:59');
INSERT INTO `nedostupnost` (`id`,`id_mistnosti`,`duvod`,`datum`,`cas_od`,`cas_do`) VALUES (21,9,'Státní svátek','2017-11-17','0:00','23:59');
INSERT INTO `nedostupnost` (`id`,`id_mistnosti`,`duvod`,`datum`,`cas_od`,`cas_do`) VALUES (22,10,'Státní svátek','2017-11-17','0:00','23:59');
INSERT INTO `nedostupnost` (`id`,`id_mistnosti`,`duvod`,`datum`,`cas_od`,`cas_do`) VALUES (23,11,'Státní svátek','2017-11-17','0:00','23:59');

/*
-- Query: SELECT * FROM planovaniRozvrhu.ucitele
LIMIT 0, 1000

-- Date: 2018-01-02 20:14
*/

DELETE FROM ucitele where id > 0;
INSERT INTO `ucitele` (`id`,`jmeno`,`email`) VALUES (1,'Šlapal Josef, prof. RNDr., CSc.',NULL);
INSERT INTO `ucitele` (`id`,`jmeno`,`email`) VALUES (2,'Hrdina Jaroslav, doc. Mgr., Ph.D.',NULL);
INSERT INTO `ucitele` (`id`,`jmeno`,`email`) VALUES (3,'Češka Milan, prof. RNDr., CSc.',NULL);
INSERT INTO `ucitele` (`id`,`jmeno`,`email`) VALUES (4,'Češka Milan, RNDr., Ph.D.',NULL);
INSERT INTO `ucitele` (`id`,`jmeno`,`email`) VALUES (5,'Holík Lukáš, Mgr., Ph.D.',NULL);
INSERT INTO `ucitele` (`id`,`jmeno`,`email`) VALUES (6,'Lengál Ondřej, Ing., Ph.D.',NULL);
INSERT INTO `ucitele` (`id`,`jmeno`,`email`) VALUES (7,'Rogalewicz Adam, doc. Mgr., Ph.D.',NULL);
INSERT INTO `ucitele` (`id`,`jmeno`,`email`) VALUES (8,'Fučík Otto, doc. Dr. Ing.',NULL);
INSERT INTO `ucitele` (`id`,`jmeno`,`email`) VALUES (9,'Kekely Lukáš, Ing., Ph.D.',NULL);
INSERT INTO `ucitele` (`id`,`jmeno`,`email`) VALUES (10,'Kořenek Jan, Ing., Ph.D.',NULL);
INSERT INTO `ucitele` (`id`,`jmeno`,`email`) VALUES (11,'Martínek Tomáš, Ing., Ph.D.',NULL);
INSERT INTO `ucitele` (`id`,`jmeno`,`email`) VALUES (12,'Vojnar Tomáš, prof. Ing., Ph.D.',NULL);
INSERT INTO `ucitele` (`id`,`jmeno`,`email`) VALUES (13,'Kolář Dušan, doc. Dr. Ing.',NULL);
INSERT INTO `ucitele` (`id`,`jmeno`,`email`) VALUES (14,'Hyrš Martin, Ing.',NULL);
INSERT INTO `ucitele` (`id`,`jmeno`,`email`) VALUES (15,'Kidoň Marek, Ing.',NULL);
INSERT INTO `ucitele` (`id`,`jmeno`,`email`) VALUES (16,'Matula Peter, Ing.',NULL);
INSERT INTO `ucitele` (`id`,`jmeno`,`email`) VALUES (17,'Drábek Vladimír, doc. Ing., CSc.',NULL);
INSERT INTO `ucitele` (`id`,`jmeno`,`email`) VALUES (18,'Šimek Václav, Ing.',NULL);
INSERT INTO `ucitele` (`id`,`jmeno`,`email`) VALUES (19,'Matoušek Petr, Ing., Ph.D., M.A.',NULL);
INSERT INTO `ucitele` (`id`,`jmeno`,`email`) VALUES (20,'Ryšavý Ondřej, doc. Ing., Ph.D.',NULL);
INSERT INTO `ucitele` (`id`,`jmeno`,`email`) VALUES (21,'Švéda Miroslav, prof. Ing., CSc.',NULL);
INSERT INTO `ucitele` (`id`,`jmeno`,`email`) VALUES (22,'Veselý Vladimír, Ing., Ph.D.',NULL);
INSERT INTO `ucitele` (`id`,`jmeno`,`email`) VALUES (23,'Grégr Matěj, Ing., Ph.D.',NULL);
INSERT INTO `ucitele` (`id`,`jmeno`,`email`) VALUES (24,'Pluskal Jan, Ing.',NULL);
INSERT INTO `ucitele` (`id`,`jmeno`,`email`) VALUES (25,'Polčák Libor, Ing., Ph.D.',NULL);
INSERT INTO `ucitele` (`id`,`jmeno`,`email`) VALUES (26,'Hanáček Petr, doc. Dr. Ing.',NULL);
INSERT INTO `ucitele` (`id`,`jmeno`,`email`) VALUES (27,'Zbořil František, doc. Ing., Ph.D.',NULL);
INSERT INTO `ucitele` (`id`,`jmeno`,`email`) VALUES (28,'Samek Jan, Ing., Ph.D.',NULL);
INSERT INTO `ucitele` (`id`,`jmeno`,`email`) VALUES (29,'Snášelová Petra, Ing.',NULL);
INSERT INTO `ucitele` (`id`,`jmeno`,`email`) VALUES (30,'Žák Marek, Ing.',NULL);
INSERT INTO `ucitele` (`id`,`jmeno`,`email`) VALUES (31,'Bidlo Michal, Ing., Ph.D.',NULL);
INSERT INTO `ucitele` (`id`,`jmeno`,`email`) VALUES (32,'Černocký Jan, doc. Dr. Ing.',NULL);
INSERT INTO `ucitele` (`id`,`jmeno`,`email`) VALUES (33,'Janoušek Vladimír, doc. Ing., Ph.D.',NULL);
INSERT INTO `ucitele` (`id`,`jmeno`,`email`) VALUES (34,'Sekanina Lukáš, prof. Ing., Ph.D.',NULL);
INSERT INTO `ucitele` (`id`,`jmeno`,`email`) VALUES (35,'Hruška Tomáš, prof. Ing., CSc.',NULL);
INSERT INTO `ucitele` (`id`,`jmeno`,`email`) VALUES (36,'Drahanský Martin, prof. Ing., Dipl.-Ing., Ph.D.',NULL);
INSERT INTO `ucitele` (`id`,`jmeno`,`email`) VALUES (37,'Dvořák Michal, Ing.',NULL);
INSERT INTO `ucitele` (`id`,`jmeno`,`email`) VALUES (38,'Goldmann Tomáš, Ing.',NULL);
INSERT INTO `ucitele` (`id`,`jmeno`,`email`) VALUES (39,'Heidari Mona',NULL);
INSERT INTO `ucitele` (`id`,`jmeno`,`email`) VALUES (40,'Kanich Ondřej, Ing.',NULL);
INSERT INTO `ucitele` (`id`,`jmeno`,`email`) VALUES (41,'Kupková Karolína, Ing.',NULL);
INSERT INTO `ucitele` (`id`,`jmeno`,`email`) VALUES (42,'Maruniak Lukáš, Ing.',NULL);
INSERT INTO `ucitele` (`id`,`jmeno`,`email`) VALUES (43,'Semerád Lukáš, Ing.',NULL);
INSERT INTO `ucitele` (`id`,`jmeno`,`email`) VALUES (44,'Eysselt Miloš, Ing., CSc.',NULL);
INSERT INTO `ucitele` (`id`,`jmeno`,`email`) VALUES (45,'Antal Lukáš, Ing.',NULL);
INSERT INTO `ucitele` (`id`,`jmeno`,`email`) VALUES (46,'Aron Lukáš, Ing.',NULL);
INSERT INTO `ucitele` (`id`,`jmeno`,`email`) VALUES (47,'Hellebrandt Lukáš, Ing.',NULL);
INSERT INTO `ucitele` (`id`,`jmeno`,`email`) VALUES (48,'Hujňák Ondřej, Ing.',NULL);
INSERT INTO `ucitele` (`id`,`jmeno`,`email`) VALUES (49,'Jurnečka Peter, Ing.',NULL);
INSERT INTO `ucitele` (`id`,`jmeno`,`email`) VALUES (50,'Koranda Karel, Ing.',NULL);
INSERT INTO `ucitele` (`id`,`jmeno`,`email`) VALUES (51,'Nagy Jan, Ing.',NULL);
INSERT INTO `ucitele` (`id`,`jmeno`,`email`) VALUES (52,'Ovšonka Daniel, Ing.',NULL);
INSERT INTO `ucitele` (`id`,`jmeno`,`email`) VALUES (53,'Schäfer Jiří, Ing.',NULL);
INSERT INTO `ucitele` (`id`,`jmeno`,`email`) VALUES (54,'Smetka Tomáš, Ing.',NULL);
INSERT INTO `ucitele` (`id`,`jmeno`,`email`) VALUES (55,'Švéda Petr, Mgr.',NULL);
INSERT INTO `ucitele` (`id`,`jmeno`,`email`) VALUES (56,'Zadina Martin, Ing.',NULL);
INSERT INTO `ucitele` (`id`,`jmeno`,`email`) VALUES (57,'Čejka Rudolf, Ing.',NULL);
INSERT INTO `ucitele` (`id`,`jmeno`,`email`) VALUES (58,'Malinka Kamil, Mgr., Ph.D.',NULL);
INSERT INTO `ucitele` (`id`,`jmeno`,`email`) VALUES (59,'Barabas Maroš, Ing., Ph.D.',NULL);
INSERT INTO `ucitele` (`id`,`jmeno`,`email`) VALUES (60,'Breitenbacher Dominik, Ing.',NULL);
INSERT INTO `ucitele` (`id`,`jmeno`,`email`) VALUES (61,'Kačic Matej, Ing.',NULL);
INSERT INTO `ucitele` (`id`,`jmeno`,`email`) VALUES (62,'Košík Michal, Ing.',NULL);
INSERT INTO `ucitele` (`id`,`jmeno`,`email`) VALUES (63,'Malčík Dominik, Ing.',NULL);
INSERT INTO `ucitele` (`id`,`jmeno`,`email`) VALUES (64,'Dvořák Václav, prof. Ing., DrSc.',NULL);
INSERT INTO `ucitele` (`id`,`jmeno`,`email`) VALUES (65,'Jaroš Jiří, doc. Ing., Ph.D.',NULL);
INSERT INTO `ucitele` (`id`,`jmeno`,`email`) VALUES (66,'Budiský Jakub, Ing.',NULL);
INSERT INTO `ucitele` (`id`,`jmeno`,`email`) VALUES (67,'Vaverka Filip, Ing.',NULL);
INSERT INTO `ucitele` (`id`,`jmeno`,`email`) VALUES (68,'Růžička Richard, doc. Ing., Ph.D., MBA',NULL);
INSERT INTO `ucitele` (`id`,`jmeno`,`email`) VALUES (69,'Klapetek Milan, Mgr.',NULL);
INSERT INTO `ucitele` (`id`,`jmeno`,`email`) VALUES (70,'Kalášek Dušan, PhDr. Mgr.',NULL);
INSERT INTO `ucitele` (`id`,`jmeno`,`email`) VALUES (71,'Henzl Martin, Ing. Mgr.',NULL);
INSERT INTO `ucitele` (`id`,`jmeno`,`email`) VALUES (72,'Homoliak Ivan, Ing., Ph.D.',NULL);
INSERT INTO `ucitele` (`id`,`jmeno`,`email`) VALUES (73,'Ščuglík František, Ing., Ph.D.',NULL);
INSERT INTO `ucitele` (`id`,`jmeno`,`email`) VALUES (74,'Kmeť Martin, Ing.',NULL);
INSERT INTO `ucitele` (`id`,`jmeno`,`email`) VALUES (75,'Rychlý Marek, RNDr., Ph.D.',NULL);
INSERT INTO `ucitele` (`id`,`jmeno`,`email`) VALUES (76,'Zendulka Jaroslav, doc. Ing., CSc.',NULL);
INSERT INTO `ucitele` (`id`,`jmeno`,`email`) VALUES (77,'Bartík Vladimír, Ing., Ph.D.',NULL);
INSERT INTO `ucitele` (`id`,`jmeno`,`email`) VALUES (78,'Burgetová Ivana, Ing., Ph.D.',NULL);
INSERT INTO `ucitele` (`id`,`jmeno`,`email`) VALUES (79,'Květoňová Šárka, Ing., Ph.D.',NULL);
INSERT INTO `ucitele` (`id`,`jmeno`,`email`) VALUES (80,'Křivka Zbyněk, Ing., Ph.D.',NULL);
INSERT INTO `ucitele` (`id`,`jmeno`,`email`) VALUES (81,'Soukup Ondřej, Ing.',NULL);
INSERT INTO `ucitele` (`id`,`jmeno`,`email`) VALUES (82,'Meduna Alexander, prof. RNDr., CSc.',NULL);
INSERT INTO `ucitele` (`id`,`jmeno`,`email`) VALUES (83,'Herout Adam, prof. Ing., Ph.D.',NULL);
INSERT INTO `ucitele` (`id`,`jmeno`,`email`) VALUES (84,'Kula Michal, Ing.',NULL);
INSERT INTO `ucitele` (`id`,`jmeno`,`email`) VALUES (85,'Milet Tomáš, Ing.',NULL);
INSERT INTO `ucitele` (`id`,`jmeno`,`email`) VALUES (86,'Tóth Michal, Ing.',NULL);
INSERT INTO `ucitele` (`id`,`jmeno`,`email`) VALUES (87,'Lampa Petr, Ing.',NULL);
INSERT INTO `ucitele` (`id`,`jmeno`,`email`) VALUES (88,'Kašpárek Tomáš, Ing.',NULL);
INSERT INTO `ucitele` (`id`,`jmeno`,`email`) VALUES (89,'Matýšek Michal, Ing.',NULL);
INSERT INTO `ucitele` (`id`,`jmeno`,`email`) VALUES (90,'Sochor Jakub, Ing.',NULL);
INSERT INTO `ucitele` (`id`,`jmeno`,`email`) VALUES (91,'Chudý Peter, doc. Ing., Ph.D. MBA',NULL);
INSERT INTO `ucitele` (`id`,`jmeno`,`email`) VALUES (92,'Dittrich Petr, Ing.',NULL);
INSERT INTO `ucitele` (`id`,`jmeno`,`email`) VALUES (93,'Prustoměrský Milan, Ing.',NULL);
INSERT INTO `ucitele` (`id`,`jmeno`,`email`) VALUES (94,'Vítek Martin, Ing., Ph.D.',NULL);
INSERT INTO `ucitele` (`id`,`jmeno`,`email`) VALUES (95,'Matoušek Jiří, Ing.',NULL);
INSERT INTO `ucitele` (`id`,`jmeno`,`email`) VALUES (96,'Dvořák Milan, Ing.',NULL);
INSERT INTO `ucitele` (`id`,`jmeno`,`email`) VALUES (97,'Kajan Michal, Ing.',NULL);
INSERT INTO `ucitele` (`id`,`jmeno`,`email`) VALUES (98,'Matoušek Denis, Ing.',NULL);
INSERT INTO `ucitele` (`id`,`jmeno`,`email`) VALUES (99,'Zachariášová Marcela, Ing., Ph.D.',NULL);
INSERT INTO `ucitele` (`id`,`jmeno`,`email`) VALUES (100,'Beran Vítězslav, Ing., Ph.D.',NULL);
INSERT INTO `ucitele` (`id`,`jmeno`,`email`) VALUES (101,'Čadík Martin, doc. Ing., Ph.D.',NULL);
INSERT INTO `ucitele` (`id`,`jmeno`,`email`) VALUES (102,'Zemčík Pavel, prof. Dr. Ing.',NULL);
INSERT INTO `ucitele` (`id`,`jmeno`,`email`) VALUES (103,'Havel Jiří, Ing., Ph.D.',NULL);
INSERT INTO `ucitele` (`id`,`jmeno`,`email`) VALUES (104,'Pavelková Alena, Ing.',NULL);
INSERT INTO `ucitele` (`id`,`jmeno`,`email`) VALUES (105,'Hradiš Michal, Ing., Ph.D.',NULL);
INSERT INTO `ucitele` (`id`,`jmeno`,`email`) VALUES (106,'Španěl Michal, Ing., Ph.D.',NULL);
INSERT INTO `ucitele` (`id`,`jmeno`,`email`) VALUES (107,'Bartl Vojtěch, Ing.',NULL);
INSERT INTO `ucitele` (`id`,`jmeno`,`email`) VALUES (108,'Behúň Kamil, Ing.',NULL);
INSERT INTO `ucitele` (`id`,`jmeno`,`email`) VALUES (109,'Juránek Roman, Ing., Ph.D.',NULL);
INSERT INTO `ucitele` (`id`,`jmeno`,`email`) VALUES (110,'Špaňhel Jakub, Ing.',NULL);
INSERT INTO `ucitele` (`id`,`jmeno`,`email`) VALUES (111,'Zajíc Jiří, Ing.',NULL);
INSERT INTO `ucitele` (`id`,`jmeno`,`email`) VALUES (112,'Orság Filip, Ing., Ph.D.',NULL);
INSERT INTO `ucitele` (`id`,`jmeno`,`email`) VALUES (113,'Rozman Jaroslav, Ing., Ph.D.',NULL);
INSERT INTO `ucitele` (`id`,`jmeno`,`email`) VALUES (114,'Kapinus Michal, Ing.',NULL);
INSERT INTO `ucitele` (`id`,`jmeno`,`email`) VALUES (115,'Strnadel Josef, Ing., Ph.D.',NULL);
INSERT INTO `ucitele` (`id`,`jmeno`,`email`) VALUES (116,'Zbořil František V., doc. Ing., CSc.',NULL);
INSERT INTO `ucitele` (`id`,`jmeno`,`email`) VALUES (117,'Chaloupka Jan, Ing.',NULL);
INSERT INTO `ucitele` (`id`,`jmeno`,`email`) VALUES (118,'Pluháčková Hana, Mgr. Bc.',NULL);
INSERT INTO `ucitele` (`id`,`jmeno`,`email`) VALUES (119,'Mlích Jozef, Ing.',NULL);
INSERT INTO `ucitele` (`id`,`jmeno`,`email`) VALUES (120,'Szentandrási István, Ing.',NULL);
INSERT INTO `ucitele` (`id`,`jmeno`,`email`) VALUES (121,'Hrubý Martin, Ing., Ph.D.',NULL);
INSERT INTO `ucitele` (`id`,`jmeno`,`email`) VALUES (122,'Staudek Tomáš, Mgr., Ph.D.',NULL);
INSERT INTO `ucitele` (`id`,`jmeno`,`email`) VALUES (123,'Kučera Jiří, Ing.',NULL);
INSERT INTO `ucitele` (`id`,`jmeno`,`email`) VALUES (124,'Smrž Pavel, doc. RNDr., Ph.D.',NULL);
INSERT INTO `ucitele` (`id`,`jmeno`,`email`) VALUES (125,'Burget Radek, Ing., Ph.D.',NULL);
INSERT INTO `ucitele` (`id`,`jmeno`,`email`) VALUES (126,'Hynek Jiří, Ing.',NULL);
INSERT INTO `ucitele` (`id`,`jmeno`,`email`) VALUES (127,'Peringer Petr, Dr. Ing.',NULL);
INSERT INTO `ucitele` (`id`,`jmeno`,`email`) VALUES (128,'Viktorin Jan, Ing.',NULL);
INSERT INTO `ucitele` (`id`,`jmeno`,`email`) VALUES (129,'Smutný Milan, PhDr., Ph.D.',NULL);
INSERT INTO `ucitele` (`id`,`jmeno`,`email`) VALUES (130,'Fiala Jiří, Ing.',NULL);
INSERT INTO `ucitele` (`id`,`jmeno`,`email`) VALUES (131,'Čudová Marta, Ing.',NULL);
INSERT INTO `ucitele` (`id`,`jmeno`,`email`) VALUES (132,'Nikl Vojtěch, Ing.',NULL);
INSERT INTO `ucitele` (`id`,`jmeno`,`email`) VALUES (133,'Hon Jiří, Ing.',NULL);
INSERT INTO `ucitele` (`id`,`jmeno`,`email`) VALUES (134,'Musil Miloš, Ing.',NULL);
INSERT INTO `ucitele` (`id`,`jmeno`,`email`) VALUES (135,'Puterová Janka, Ing.',NULL);
INSERT INTO `ucitele` (`id`,`jmeno`,`email`) VALUES (136,'Hrbáček Radek, Ing.',NULL);
INSERT INTO `ucitele` (`id`,`jmeno`,`email`) VALUES (137,'Vašíček Zdeněk, doc. Ing., Ph.D.',NULL);
INSERT INTO `ucitele` (`id`,`jmeno`,`email`) VALUES (138,'Wiglasz Michal, Ing.',NULL);
INSERT INTO `ucitele` (`id`,`jmeno`,`email`) VALUES (139,'Marek Marcel, Ing.',NULL);
INSERT INTO `ucitele` (`id`,`jmeno`,`email`) VALUES (140,'Dobai Roland, Ing., Ph.D.',NULL);
INSERT INTO `ucitele` (`id`,`jmeno`,`email`) VALUES (141,'Kotásek Zdeněk, doc. Ing., CSc.',NULL);
INSERT INTO `ucitele` (`id`,`jmeno`,`email`) VALUES (142,'Sedlák Petr, doc. Ing., Ph.D.',NULL);
INSERT INTO `ucitele` (`id`,`jmeno`,`email`) VALUES (143,'Brüstlová Jitka, Ing., CSc.',NULL);
INSERT INTO `ucitele` (`id`,`jmeno`,`email`) VALUES (144,'Šilhavá Jana, Ing.',NULL);
INSERT INTO `ucitele` (`id`,`jmeno`,`email`) VALUES (145,'Dytrych Jaroslav, Ing., Ph.D.',NULL);
INSERT INTO `ucitele` (`id`,`jmeno`,`email`) VALUES (146,'Otrusina Lubomír, Ing.',NULL);
INSERT INTO `ucitele` (`id`,`jmeno`,`email`) VALUES (147,'Škoda Petr, RNDr.',NULL);
INSERT INTO `ucitele` (`id`,`jmeno`,`email`) VALUES (148,'Chalupský Vladimír, doc. Ing., CSc., MBA',NULL);
INSERT INTO `ucitele` (`id`,`jmeno`,`email`) VALUES (149,'Chlebovský Vít, Ing., Ph.D.',NULL);
INSERT INTO `ucitele` (`id`,`jmeno`,`email`) VALUES (150,'Novák Petr, Ing., Ph.D.',NULL);
INSERT INTO `ucitele` (`id`,`jmeno`,`email`) VALUES (151,'Heralecký Tomáš, Ing. et Ing., Ph.D.',NULL);
INSERT INTO `ucitele` (`id`,`jmeno`,`email`) VALUES (152,'Meluzín Tomáš, doc. Ing., Ph.D.',NULL);
INSERT INTO `ucitele` (`id`,`jmeno`,`email`) VALUES (153,'Boušková Štěpánka, Ing. Mgr.',NULL);
INSERT INTO `ucitele` (`id`,`jmeno`,`email`) VALUES (154,'Kreslíková Jitka, doc. RNDr., CSc.',NULL);
INSERT INTO `ucitele` (`id`,`jmeno`,`email`) VALUES (155,'Trchalík Roman, Mgr., Ph.D.',NULL);
INSERT INTO `ucitele` (`id`,`jmeno`,`email`) VALUES (156,'Bařina David, Ing., Ph.D.',NULL);
INSERT INTO `ucitele` (`id`,`jmeno`,`email`) VALUES (157,'Klepárník Petr, Ing.',NULL);
INSERT INTO `ucitele` (`id`,`jmeno`,`email`) VALUES (158,'Klíma Ondřej, Ing.',NULL);
INSERT INTO `ucitele` (`id`,`jmeno`,`email`) VALUES (159,'Kobrtek Jozef, Ing.',NULL);
INSERT INTO `ucitele` (`id`,`jmeno`,`email`) VALUES (160,'Nosko Svetozár, Ing.',NULL);
INSERT INTO `ucitele` (`id`,`jmeno`,`email`) VALUES (161,'Jan Jiří, prof. Ing., CSc.',NULL);
INSERT INTO `ucitele` (`id`,`jmeno`,`email`) VALUES (162,'Popela Pavel, RNDr., Ph.D.',NULL);
INSERT INTO `ucitele` (`id`,`jmeno`,`email`) VALUES (163,'Zich Robert, doc. Ing., Ph.D.',NULL);
INSERT INTO `ucitele` (`id`,`jmeno`,`email`) VALUES (164,'Polok Lukáš, Ing.',NULL);
INSERT INTO `ucitele` (`id`,`jmeno`,`email`) VALUES (165,'Kunovský Jiří, doc. Ing., CSc.',NULL);
INSERT INTO `ucitele` (`id`,`jmeno`,`email`) VALUES (166,'Šátek Václav, Ing., Ph.D.',NULL);
INSERT INTO `ucitele` (`id`,`jmeno`,`email`) VALUES (167,'Veigend Petr, Ing.',NULL);
INSERT INTO `ucitele` (`id`,`jmeno`,`email`) VALUES (168,'Beneš Karel, Ing.',NULL);
INSERT INTO `ucitele` (`id`,`jmeno`,`email`) VALUES (169,'Egorova Ekaterina, Ing.',NULL);
INSERT INTO `ucitele` (`id`,`jmeno`,`email`) VALUES (170,'Skácel Miroslav, Ing.',NULL);
INSERT INTO `ucitele` (`id`,`jmeno`,`email`) VALUES (171,'Bartoš Vojtěch, doc. Ing., Ph.D.',NULL);
INSERT INTO `ucitele` (`id`,`jmeno`,`email`) VALUES (172,'Režňáková Mária, prof. Ing., CSc.',NULL);
INSERT INTO `ucitele` (`id`,`jmeno`,`email`) VALUES (173,'Strnadová Michala, Ing.',NULL);
INSERT INTO `ucitele` (`id`,`jmeno`,`email`) VALUES (174,'Veselý Josef, Ing., CSc.',NULL);
INSERT INTO `ucitele` (`id`,`jmeno`,`email`) VALUES (175,'Putnová Anna, doc. RNDr., Ph.D., MBA',NULL);
INSERT INTO `ucitele` (`id`,`jmeno`,`email`) VALUES (176,'Mezník Ivan, prof. RNDr., CSc.',NULL);
INSERT INTO `ucitele` (`id`,`jmeno`,`email`) VALUES (177,'Kučerová Vladimíra, Ing., Ph.D.',NULL);
INSERT INTO `ucitele` (`id`,`jmeno`,`email`) VALUES (178,'Rais Karel, prof. Ing., CSc. , MBA',NULL);
INSERT INTO `ucitele` (`id`,`jmeno`,`email`) VALUES (179,'Štěpánková Vladěna, Mgr.',NULL);
INSERT INTO `ucitele` (`id`,`jmeno`,`email`) VALUES (180,'Kocmanová Alena, doc. Ing., Ph.D.',NULL);
INSERT INTO `ucitele` (`id`,`jmeno`,`email`) VALUES (181,'Luňáček Jiří, Ing., Ph.D., MBA',NULL);
INSERT INTO `ucitele` (`id`,`jmeno`,`email`) VALUES (182,'Jurová Marie, prof. Ing., CSc.',NULL);
INSERT INTO `ucitele` (`id`,`jmeno`,`email`) VALUES (183,'Milichovský František, Ing., Ph.D.',NULL);
INSERT INTO `ucitele` (`id`,`jmeno`,`email`) VALUES (184,'Doškař Jiří, prof. RNDr., CSc.',NULL);
INSERT INTO `ucitele` (`id`,`jmeno`,`email`) VALUES (185,'Jiřík Radovan, Ing., Ph.D.',NULL);
INSERT INTO `ucitele` (`id`,`jmeno`,`email`) VALUES (186,'Provazník Ivo, prof. Ing., Ph.D.',NULL);
INSERT INTO `ucitele` (`id`,`jmeno`,`email`) VALUES (187,'Hliněná Dana, doc. RNDr., Ph.D.',NULL);
INSERT INTO `ucitele` (`id`,`jmeno`,`email`) VALUES (188,'Kovár Martin, doc. RNDr., Ph.D.',NULL);
INSERT INTO `ucitele` (`id`,`jmeno`,`email`) VALUES (189,'Demchenko Hanna, Mgr.',NULL);
INSERT INTO `ucitele` (`id`,`jmeno`,`email`) VALUES (190,'Rebenda Josef, Mgr., Ph.D.',NULL);
INSERT INTO `ucitele` (`id`,`jmeno`,`email`) VALUES (191,'Staněk David, Mgr.',NULL);
INSERT INTO `ucitele` (`id`,`jmeno`,`email`) VALUES (192,'Linhart Miroslav, doc. Ing., CSc.',NULL);
INSERT INTO `ucitele` (`id`,`jmeno`,`email`) VALUES (193,'Nečasová Gabriela, Ing.',NULL);
INSERT INTO `ucitele` (`id`,`jmeno`,`email`) VALUES (194,'Nevoral Jan, Ing.',NULL);
INSERT INTO `ucitele` (`id`,`jmeno`,`email`) VALUES (195,'Riša Michal, Ing.',NULL);
INSERT INTO `ucitele` (`id`,`jmeno`,`email`) VALUES (196,'Kočí Radek, Ing., Ph.D.',NULL);
INSERT INTO `ucitele` (`id`,`jmeno`,`email`) VALUES (197,'Křena Bohuslav, Ing., Ph.D.',NULL);
INSERT INTO `ucitele` (`id`,`jmeno`,`email`) VALUES (198,'Fiedor Tomáš, Ing.',NULL);
INSERT INTO `ucitele` (`id`,`jmeno`,`email`) VALUES (199,'Šoková Veronika, Ing.',NULL);
INSERT INTO `ucitele` (`id`,`jmeno`,`email`) VALUES (200,'Turoňová Lenka, Ing.',NULL);
INSERT INTO `ucitele` (`id`,`jmeno`,`email`) VALUES (201,'Smrčka Aleš, Ing., Ph.D.',NULL);
INSERT INTO `ucitele` (`id`,`jmeno`,`email`) VALUES (202,'Janků Petr, Ing.',NULL);
INSERT INTO `ucitele` (`id`,`jmeno`,`email`) VALUES (203,'Krčmář Radim, Ing.',NULL);
INSERT INTO `ucitele` (`id`,`jmeno`,`email`) VALUES (204,'Lojda Jakub, Ing.',NULL);
INSERT INTO `ucitele` (`id`,`jmeno`,`email`) VALUES (205,'Očenášek Pavel, Ing., Ph.D.',NULL);
INSERT INTO `ucitele` (`id`,`jmeno`,`email`) VALUES (206,'Pánek Richard, Ing.',NULL);
INSERT INTO `ucitele` (`id`,`jmeno`,`email`) VALUES (207,'Skácel Jiří, Ing.',NULL);
INSERT INTO `ucitele` (`id`,`jmeno`,`email`) VALUES (208,'Žáčková Markéta, Mgr., Ph.D.',NULL);
INSERT INTO `ucitele` (`id`,`jmeno`,`email`) VALUES (209,'Sedlák Jan, prof. PhDr., CSc.',NULL);
INSERT INTO `ucitele` (`id`,`jmeno`,`email`) VALUES (210,'Přehnil Petr, JUDr., Ph.D.',NULL);
INSERT INTO `ucitele` (`id`,`jmeno`,`email`) VALUES (211,'Ondračka Pavel, PhDr.',NULL);
INSERT INTO `ucitele` (`id`,`jmeno`,`email`) VALUES (212,'Bartlová Milada, doc. RNDr., Ph.D.',NULL);
INSERT INTO `ucitele` (`id`,`jmeno`,`email`) VALUES (213,'Sadovský Petr, Ing., Ph.D.',NULL);
INSERT INTO `ucitele` (`id`,`jmeno`,`email`) VALUES (214,'Martiško Jakub, Ing.',NULL);
INSERT INTO `ucitele` (`id`,`jmeno`,`email`) VALUES (215,'Fusek Michal, Ing., Ph.D.',NULL);
INSERT INTO `ucitele` (`id`,`jmeno`,`email`) VALUES (216,'Krupková Vlasta, RNDr., CSc.',NULL);
INSERT INTO `ucitele` (`id`,`jmeno`,`email`) VALUES (217,'Cvrčková Eliška, Bc.',NULL);
INSERT INTO `ucitele` (`id`,`jmeno`,`email`) VALUES (218,'Mikésková Anežka, DiS.',NULL);
INSERT INTO `ucitele` (`id`,`jmeno`,`email`) VALUES (219,'Kešner Filip, Ing.',NULL);
INSERT INTO `ucitele` (`id`,`jmeno`,`email`) VALUES (220,'Novák Michal, RNDr., Ph.D.',NULL);
INSERT INTO `ucitele` (`id`,`jmeno`,`email`) VALUES (221,'Šafařík Jan, Mgr.',NULL);
INSERT INTO `ucitele` (`id`,`jmeno`,`email`) VALUES (222,'Šedrlová Magdalena, Mgr.',NULL);
INSERT INTO `ucitele` (`id`,`jmeno`,`email`) VALUES (223,'Baumgartnerová Alena, PaedDr.',NULL);
INSERT INTO `ucitele` (`id`,`jmeno`,`email`) VALUES (224,'Sedláček Pavel, Mgr.',NULL);
INSERT INTO `ucitele` (`id`,`jmeno`,`email`) VALUES (225,'Walek Agata, Mgr.',NULL);
INSERT INTO `ucitele` (`id`,`jmeno`,`email`) VALUES (226,'Mrázek Vojtěch, Ing.',NULL);
INSERT INTO `ucitele` (`id`,`jmeno`,`email`) VALUES (227,'Grmela Lubomír, prof. Ing., CSc.',NULL);
INSERT INTO `ucitele` (`id`,`jmeno`,`email`) VALUES (228,'Koktavý Pavel, prof. Ing., CSc. Ph.D.',NULL);
INSERT INTO `ucitele` (`id`,`jmeno`,`email`) VALUES (229,'Hruška Martin, Ing.',NULL);
INSERT INTO `ucitele` (`id`,`jmeno`,`email`) VALUES (230,'Bastl Vojtěch, Bc.',NULL);
INSERT INTO `ucitele` (`id`,`jmeno`,`email`) VALUES (231,'Lysek Tomáš, Ing.',NULL);
INSERT INTO `ucitele` (`id`,`jmeno`,`email`) VALUES (232,'Minárik Matej, Ing.',NULL);
INSERT INTO `ucitele` (`id`,`jmeno`,`email`) VALUES (233,'Sumbalová Lenka, Ing.',NULL);
INSERT INTO `ucitele` (`id`,`jmeno`,`email`) VALUES (234,'Grochol David, Ing.',NULL);
INSERT INTO `ucitele` (`id`,`jmeno`,`email`) VALUES (235,'Privalov Vladimir',NULL);
INSERT INTO `ucitele` (`id`,`jmeno`,`email`) VALUES (236,'Honzík Jan M., prof. Ing., CSc.',NULL);
INSERT INTO `ucitele` (`id`,`jmeno`,`email`) VALUES (237,'Hranický Radek, Ing.',NULL);
INSERT INTO `ucitele` (`id`,`jmeno`,`email`) VALUES (238,'Kocman Radim, Ing.',NULL);
INSERT INTO `ucitele` (`id`,`jmeno`,`email`) VALUES (239,'Fuchs Petr, RNDr., Ph.D.',NULL);
INSERT INTO `ucitele` (`id`,`jmeno`,`email`) VALUES (240,'Baskar Murali K.',NULL);
INSERT INTO `ucitele` (`id`,`jmeno`,`email`) VALUES (241,'Grézl František, Ing., Ph.D.',NULL);
INSERT INTO `ucitele` (`id`,`jmeno`,`email`) VALUES (242,'Novotný Ondřej, Ing.',NULL);
INSERT INTO `ucitele` (`id`,`jmeno`,`email`) VALUES (243,'Ondel Lucas, Mgr.',NULL);
INSERT INTO `ucitele` (`id`,`jmeno`,`email`) VALUES (244,'Silnova Anna',NULL);
INSERT INTO `ucitele` (`id`,`jmeno`,`email`) VALUES (245,'Žmolíková Kateřina, Ing.',NULL);
INSERT INTO `ucitele` (`id`,`jmeno`,`email`) VALUES (246,'Grác Marek',NULL);
INSERT INTO `ucitele` (`id`,`jmeno`,`email`) VALUES (247,'Borecká Marcela, PhDr.',NULL);
INSERT INTO `ucitele` (`id`,`jmeno`,`email`) VALUES (248,'Jílek Martin, Ing.',NULL);
INSERT INTO `ucitele` (`id`,`jmeno`,`email`) VALUES (249,'Zinecker Marek, Doc. Ing., Ph.D.',NULL);
INSERT INTO `ucitele` (`id`,`jmeno`,`email`) VALUES (250,'Fiedor Jan, Ing., Ph.D.',NULL);
INSERT INTO `ucitele` (`id`,`jmeno`,`email`) VALUES (251,'Estélyiová Kristína, Ing.',NULL);
INSERT INTO `ucitele` (`id`,`jmeno`,`email`) VALUES (252,'Franková Barbora, Ing.',NULL);
INSERT INTO `ucitele` (`id`,`jmeno`,`email`) VALUES (253,'Brejcha Jan, Ing.',NULL);
INSERT INTO `ucitele` (`id`,`jmeno`,`email`) VALUES (254,'Široký Adam, Ing.',NULL);
INSERT INTO `ucitele` (`id`,`jmeno`,`email`) VALUES (255,'Veľas Martin, Ing.',NULL);
INSERT INTO `ucitele` (`id`,`jmeno`,`email`) VALUES (256,'Uhlíř Václav, Ing. et Ing.',NULL);
INSERT INTO `ucitele` (`id`,`jmeno`,`email`) VALUES (257,'Skokanová Jana, Mgr.',NULL);
INSERT INTO `ucitele` (`id`,`jmeno`,`email`) VALUES (258,'Brychta Karel, doc. Ing. Mgr., Ph.D.',NULL);
INSERT INTO `ucitele` (`id`,`jmeno`,`email`) VALUES (259,'Jelčová Denisa, Ing. et Ing.',NULL);
INSERT INTO `ucitele` (`id`,`jmeno`,`email`) VALUES (260,'Kozina Stanislav, Mgr.',NULL);
INSERT INTO `ucitele` (`id`,`jmeno`,`email`) VALUES (261,'Holášek Petr, Ing.',NULL);
INSERT INTO `ucitele` (`id`,`jmeno`,`email`) VALUES (262,'Burget Lukáš, doc. Ing., Ph.D.',NULL);
INSERT INTO `ucitele` (`id`,`jmeno`,`email`) VALUES (263,'Ráb Jaroslav, Ing.',NULL);
INSERT INTO `ucitele` (`id`,`jmeno`,`email`) VALUES (264,'Crha Adam, Ing.',NULL);
INSERT INTO `ucitele` (`id`,`jmeno`,`email`) VALUES (265,'Drastich Aleš, Doc. Ing., CSc.',NULL);
INSERT INTO `ucitele` (`id`,`jmeno`,`email`) VALUES (266,'Mézl Martin, Ing.',NULL);
INSERT INTO `ucitele` (`id`,`jmeno`,`email`) VALUES (267,'Škapa Stanislav, doc. Ing. et Ing., Ph.D.',NULL);
INSERT INTO `ucitele` (`id`,`jmeno`,`email`) VALUES (268,'Janda Marcel, Ing., Ph.D.',NULL);
INSERT INTO `ucitele` (`id`,`jmeno`,`email`) VALUES (269,'Fedorová Anna, doc. Ing., CSc.',NULL);
INSERT INTO `ucitele` (`id`,`jmeno`,`email`) VALUES (270,'Gláserová Jana, Ing., Dr.',NULL);
INSERT INTO `ucitele` (`id`,`jmeno`,`email`) VALUES (271,'Zemánková Lenka, Ing., Ph.D.',NULL);
INSERT INTO `ucitele` (`id`,`jmeno`,`email`) VALUES (272,'Abrahámová Denisa, Ing.',NULL);
INSERT INTO `ucitele` (`id`,`jmeno`,`email`) VALUES (273,'Pěta Jan, Ing.',NULL);
INSERT INTO `ucitele` (`id`,`jmeno`,`email`) VALUES (274,'Kaňovská Lucie, Ing., Ph.D.',NULL);
INSERT INTO `ucitele` (`id`,`jmeno`,`email`) VALUES (275,'Mráček Pavel, Ing., Ph.D.',NULL);
INSERT INTO `ucitele` (`id`,`jmeno`,`email`) VALUES (276,'Fröml Vojtěch, Ing.',NULL);
INSERT INTO `ucitele` (`id`,`jmeno`,`email`) VALUES (277,'Němečková Zita, Ing.',NULL);
INSERT INTO `ucitele` (`id`,`jmeno`,`email`) VALUES (278,'Prochocká Kristína, Ing.',NULL);
INSERT INTO `ucitele` (`id`,`jmeno`,`email`) VALUES (279,'Rudnitckaia Julia, Mgr.',NULL);
INSERT INTO `ucitele` (`id`,`jmeno`,`email`) VALUES (280,'Holkovič Martin, Ing.',NULL);
INSERT INTO `ucitele` (`id`,`jmeno`,`email`) VALUES (281,'Lichtner Ondrej, Ing.',NULL);
INSERT INTO `ucitele` (`id`,`jmeno`,`email`) VALUES (282,'Jašek Roman, Ing.',NULL);
INSERT INTO `ucitele` (`id`,`jmeno`,`email`) VALUES (283,'Bobula Vladimír, Ing.',NULL);
INSERT INTO `ucitele` (`id`,`jmeno`,`email`) VALUES (284,'Materna Zdeněk, Ing.',NULL);
INSERT INTO `ucitele` (`id`,`jmeno`,`email`) VALUES (285,'Musil Petr, Ing.',NULL);
INSERT INTO `ucitele` (`id`,`jmeno`,`email`) VALUES (286,'Čekan Ondřej, Ing.',NULL);
INSERT INTO `ucitele` (`id`,`jmeno`,`email`) VALUES (287,'Krčma Martin, Ing.',NULL);
INSERT INTO `ucitele` (`id`,`jmeno`,`email`) VALUES (288,'Podivínský Jakub, Ing.',NULL);
INSERT INTO `ucitele` (`id`,`jmeno`,`email`) VALUES (289,'Kurečka Radomír, Ing.',NULL);
INSERT INTO `ucitele` (`id`,`jmeno`,`email`) VALUES (290,'Pokorný Jiří, Ing.',NULL);

/*
-- Query: SELECT * FROM planovaniRozvrhu.predmety
LIMIT 0, 1000

-- Date: 2018-01-02 20:16
*/
DELETE FROM predmety where id > 0;
INSERT INTO `predmety` (`id`,`id_garanta`,`predmet_id`,`nazev`,`zkratka`,`fakulta`,`kapacita`,`pocet_zapsanych_studentu`,`planovat_zkousky_flag`) VALUES (1,1,'11539','Matematické struktury v informatice','MAT',NULL,500,304,NULL);
INSERT INTO `predmety` (`id`,`id_garanta`,`predmet_id`,`nazev`,`zkratka`,`fakulta`,`kapacita`,`pocet_zapsanych_studentu`,`planovat_zkousky_flag`) VALUES (2,3,'11660','Teoretická informatika','TIN',NULL,550,337,NULL);
INSERT INTO `predmety` (`id`,`id_garanta`,`predmet_id`,`nazev`,`zkratka`,`fakulta`,`kapacita`,`pocet_zapsanych_studentu`,`planovat_zkousky_flag`) VALUES (3,8,'11414','Hardware/Software Codesign','HSC',NULL,200,115,NULL);
INSERT INTO `predmety` (`id`,`id_garanta`,`predmet_id`,`nazev`,`zkratka`,`fakulta`,`kapacita`,`pocet_zapsanych_studentu`,`planovat_zkousky_flag`) VALUES (4,12,'11650','Seminář teoretické informatiky','STI',NULL,300,174,NULL);
INSERT INTO `predmety` (`id`,`id_garanta`,`predmet_id`,`nazev`,`zkratka`,`fakulta`,`kapacita`,`pocet_zapsanych_studentu`,`planovat_zkousky_flag`) VALUES (5,13,'11393','Funkcionální a logické programování','FLP',NULL,300,207,NULL);
INSERT INTO `predmety` (`id`,`id_garanta`,`predmet_id`,`nazev`,`zkratka`,`fakulta`,`kapacita`,`pocet_zapsanych_studentu`,`planovat_zkousky_flag`) VALUES (6,17,'11527','Kódování a komprese dat','KKO',NULL,150,120,NULL);
INSERT INTO `predmety` (`id`,`id_garanta`,`predmet_id`,`nazev`,`zkratka`,`fakulta`,`kapacita`,`pocet_zapsanych_studentu`,`planovat_zkousky_flag`) VALUES (7,20,'11584','Přenos dat, počítačové sítě a protokoly','PDS',NULL,300,223,NULL);
INSERT INTO `predmety` (`id`,`id_garanta`,`predmet_id`,`nazev`,`zkratka`,`fakulta`,`kapacita`,`pocet_zapsanych_studentu`,`planovat_zkousky_flag`) VALUES (8,26,'11609','Paralelní a distribuované algoritmy','PRL',NULL,300,245,NULL);
INSERT INTO `predmety` (`id`,`id_garanta`,`predmet_id`,`nazev`,`zkratka`,`fakulta`,`kapacita`,`pocet_zapsanych_studentu`,`planovat_zkousky_flag`) VALUES (9,35,'11778','Projektová praxe 1','PP1',NULL,30,7,NULL);
INSERT INTO `predmety` (`id`,`id_garanta`,`predmet_id`,`nazev`,`zkratka`,`fakulta`,`kapacita`,`pocet_zapsanych_studentu`,`planovat_zkousky_flag`) VALUES (10,36,'11347','Biometrické systémy','BIO',NULL,154,81,NULL);
INSERT INTO `predmety` (`id`,`id_garanta`,`predmet_id`,`nazev`,`zkratka`,`fakulta`,`kapacita`,`pocet_zapsanych_studentu`,`planovat_zkousky_flag`) VALUES (11,44,'11635','Semestrální projekt','SEP',NULL,NULL,NULL,NULL);
INSERT INTO `predmety` (`id`,`id_garanta`,`predmet_id`,`nazev`,`zkratka`,`fakulta`,`kapacita`,`pocet_zapsanych_studentu`,`planovat_zkousky_flag`) VALUES (12,44,'11369','Diplomová práce','DIP',NULL,NULL,NULL,NULL);
INSERT INTO `predmety` (`id`,`id_garanta`,`predmet_id`,`nazev`,`zkratka`,`fakulta`,`kapacita`,`pocet_zapsanych_studentu`,`planovat_zkousky_flag`) VALUES (13,26,'11534','Kryptografie','KRY',NULL,150,125,NULL);
INSERT INTO `predmety` (`id`,`id_garanta`,`predmet_id`,`nazev`,`zkratka`,`fakulta`,`kapacita`,`pocet_zapsanych_studentu`,`planovat_zkousky_flag`) VALUES (14,19,'11569','Návrh, správa a bezpečnost','NSB',NULL,64,35,NULL);
INSERT INTO `predmety` (`id`,`id_garanta`,`predmet_id`,`nazev`,`zkratka`,`fakulta`,`kapacita`,`pocet_zapsanych_studentu`,`planovat_zkousky_flag`) VALUES (15,26,'11348','Bezpečnost informačních systémů','BIS',NULL,150,150,NULL);
INSERT INTO `predmety` (`id`,`id_garanta`,`predmet_id`,`nazev`,`zkratka`,`fakulta`,`kapacita`,`pocet_zapsanych_studentu`,`planovat_zkousky_flag`) VALUES (16,12,'11385','Formální analýza a verifikace','FAV',NULL,64,29,NULL);
INSERT INTO `predmety` (`id`,`id_garanta`,`predmet_id`,`nazev`,`zkratka`,`fakulta`,`kapacita`,`pocet_zapsanych_studentu`,`planovat_zkousky_flag`) VALUES (17,36,'11633','Inteligentní senzory','SEN',NULL,80,60,NULL);
INSERT INTO `predmety` (`id`,`id_garanta`,`predmet_id`,`nazev`,`zkratka`,`fakulta`,`kapacita`,`pocet_zapsanych_studentu`,`planovat_zkousky_flag`) VALUES (18,64,'11320','Architektura procesorů','ACH',NULL,80,45,NULL);
INSERT INTO `predmety` (`id`,`id_garanta`,`predmet_id`,`nazev`,`zkratka`,`fakulta`,`kapacita`,`pocet_zapsanych_studentu`,`planovat_zkousky_flag`) VALUES (19,68,'11387','Angličtina: příprava na zkoušku FCE','FCE',NULL,50,50,NULL);
INSERT INTO `predmety` (`id`,`id_garanta`,`predmet_id`,`nazev`,`zkratka`,`fakulta`,`kapacita`,`pocet_zapsanych_studentu`,`planovat_zkousky_flag`) VALUES (20,69,'11389','Filozofie a kultura','FIK',NULL,40,40,NULL);
INSERT INTO `predmety` (`id`,`id_garanta`,`predmet_id`,`nazev`,`zkratka`,`fakulta`,`kapacita`,`pocet_zapsanych_studentu`,`planovat_zkousky_flag`) VALUES (21,69,'11392','Dějiny a filozofie techniky','FIT',NULL,50,50,NULL);
INSERT INTO `predmety` (`id`,`id_garanta`,`predmet_id`,`nazev`,`zkratka`,`fakulta`,`kapacita`,`pocet_zapsanych_studentu`,`planovat_zkousky_flag`) VALUES (22,68,'11407','Konflikty a asertivita','HKA',NULL,NULL,NULL,NULL);
INSERT INTO `predmety` (`id`,`id_garanta`,`predmet_id`,`nazev`,`zkratka`,`fakulta`,`kapacita`,`pocet_zapsanych_studentu`,`planovat_zkousky_flag`) VALUES (23,68,'11409','Komunikační dovednosti','HKO',NULL,NULL,NULL,NULL);
INSERT INTO `predmety` (`id`,`id_garanta`,`predmet_id`,`nazev`,`zkratka`,`fakulta`,`kapacita`,`pocet_zapsanych_studentu`,`planovat_zkousky_flag`) VALUES (24,68,'11411','Psychologie osobnosti','HPO',NULL,30,30,NULL);
INSERT INTO `predmety` (`id`,`id_garanta`,`predmet_id`,`nazev`,`zkratka`,`fakulta`,`kapacita`,`pocet_zapsanych_studentu`,`planovat_zkousky_flag`) VALUES (25,68,'11413','Prezentační dovednosti','HPR',NULL,NULL,NULL,NULL);
INSERT INTO `predmety` (`id`,`id_garanta`,`predmet_id`,`nazev`,`zkratka`,`fakulta`,`kapacita`,`pocet_zapsanych_studentu`,`planovat_zkousky_flag`) VALUES (26,68,'11416','Vedení a řízení lidí','HVR',NULL,NULL,NULL,NULL);
INSERT INTO `predmety` (`id`,`id_garanta`,`predmet_id`,`nazev`,`zkratka`,`fakulta`,`kapacita`,`pocet_zapsanych_studentu`,`planovat_zkousky_flag`) VALUES (27,69,'11611','Právní minimum','PRM',NULL,40,40,NULL);
INSERT INTO `predmety` (`id`,`id_garanta`,`predmet_id`,`nazev`,`zkratka`,`fakulta`,`kapacita`,`pocet_zapsanych_studentu`,`planovat_zkousky_flag`) VALUES (28,69,'11625','Rétorika','RET',NULL,40,37,NULL);
INSERT INTO `predmety` (`id`,`id_garanta`,`predmet_id`,`nazev`,`zkratka`,`fakulta`,`kapacita`,`pocet_zapsanych_studentu`,`planovat_zkousky_flag`) VALUES (29,26,'11352','Bezdrátové a mobilní sítě','BMS',NULL,154,125,NULL);
INSERT INTO `predmety` (`id`,`id_garanta`,`predmet_id`,`nazev`,`zkratka`,`fakulta`,`kapacita`,`pocet_zapsanych_studentu`,`planovat_zkousky_flag`) VALUES (30,20,'11596','Pokročilé komunikační systémy','PKS',NULL,90,23,NULL);
INSERT INTO `predmety` (`id`,`id_garanta`,`predmet_id`,`nazev`,`zkratka`,`fakulta`,`kapacita`,`pocet_zapsanych_studentu`,`planovat_zkousky_flag`) VALUES (31,76,'11321','Analýza a návrh informačních systémů','AIS',NULL,150,80,NULL);
INSERT INTO `predmety` (`id`,`id_garanta`,`predmet_id`,`nazev`,`zkratka`,`fakulta`,`kapacita`,`pocet_zapsanych_studentu`,`planovat_zkousky_flag`) VALUES (32,76,'11696','Získávání znalostí z databází','ZZN',NULL,154,68,NULL);
INSERT INTO `predmety` (`id`,`id_garanta`,`predmet_id`,`nazev`,`zkratka`,`fakulta`,`kapacita`,`pocet_zapsanych_studentu`,`planovat_zkousky_flag`) VALUES (33,19,'11360','Sítě s vícevrstevným přepínáním (SWITCH)','C2P',NULL,NULL,NULL,NULL);
INSERT INTO `predmety` (`id`,`id_garanta`,`predmet_id`,`nazev`,`zkratka`,`fakulta`,`kapacita`,`pocet_zapsanych_studentu`,`planovat_zkousky_flag`) VALUES (34,79,'11378','Ekonomie informačních produktů','EIP',NULL,64,25,NULL);
INSERT INTO `predmety` (`id`,`id_garanta`,`predmet_id`,`nazev`,`zkratka`,`fakulta`,`kapacita`,`pocet_zapsanych_studentu`,`planovat_zkousky_flag`) VALUES (35,82,'11399','Grafové algoritmy','GAL',NULL,80,44,NULL);
INSERT INTO `predmety` (`id`,`id_garanta`,`predmet_id`,`nazev`,`zkratka`,`fakulta`,`kapacita`,`pocet_zapsanych_studentu`,`planovat_zkousky_flag`) VALUES (36,17,'11403','Grafické a multimediální procesory','GMU',NULL,80,39,NULL);
INSERT INTO `predmety` (`id`,`id_garanta`,`predmet_id`,`nazev`,`zkratka`,`fakulta`,`kapacita`,`pocet_zapsanych_studentu`,`planovat_zkousky_flag`) VALUES (37,87,'11404','Grafická uživatelská rozhraní v X Window','GUX',NULL,64,30,NULL);
INSERT INTO `predmety` (`id`,`id_garanta`,`predmet_id`,`nazev`,`zkratka`,`fakulta`,`kapacita`,`pocet_zapsanych_studentu`,`planovat_zkousky_flag`) VALUES (38,83,'11405','Grafická a zvuková rozhraní a normy','GZN',NULL,80,51,NULL);
INSERT INTO `predmety` (`id`,`id_garanta`,`predmet_id`,`nazev`,`zkratka`,`fakulta`,`kapacita`,`pocet_zapsanych_studentu`,`planovat_zkousky_flag`) VALUES (39,91,'11533','Kreativní grafika','KRG',NULL,NULL,NULL,NULL);
INSERT INTO `predmety` (`id`,`id_garanta`,`predmet_id`,`nazev`,`zkratka`,`fakulta`,`kapacita`,`pocet_zapsanych_studentu`,`planovat_zkousky_flag`) VALUES (40,94,'11549','Modelování biologických systémů','MOB',NULL,NULL,NULL,NULL);
INSERT INTO `predmety` (`id`,`id_garanta`,`predmet_id`,`nazev`,`zkratka`,`fakulta`,`kapacita`,`pocet_zapsanych_studentu`,`planovat_zkousky_flag`) VALUES (41,8,'11579','Pokročilé číslicové systémy','PCS',NULL,64,30,NULL);
INSERT INTO `predmety` (`id`,`id_garanta`,`predmet_id`,`nazev`,`zkratka`,`fakulta`,`kapacita`,`pocet_zapsanych_studentu`,`planovat_zkousky_flag`) VALUES (42,13,'11580','Pokročilé databázové systémy','PDB',NULL,200,137,NULL);
INSERT INTO `predmety` (`id`,`id_garanta`,`predmet_id`,`nazev`,`zkratka`,`fakulta`,`kapacita`,`pocet_zapsanych_studentu`,`planovat_zkousky_flag`) VALUES (43,20,'11583','Prostředí distribuovaných aplikací','PDI',NULL,80,35,NULL);
INSERT INTO `predmety` (`id`,`id_garanta`,`predmet_id`,`nazev`,`zkratka`,`fakulta`,`kapacita`,`pocet_zapsanych_studentu`,`planovat_zkousky_flag`) VALUES (44,102,'11592','Pokročilá počítačová grafika','PGP',NULL,64,12,NULL);
INSERT INTO `predmety` (`id`,`id_garanta`,`predmet_id`,`nazev`,`zkratka`,`fakulta`,`kapacita`,`pocet_zapsanych_studentu`,`planovat_zkousky_flag`) VALUES (45,83,'11594','Počítačová grafika','PGR',NULL,154,70,NULL);
INSERT INTO `predmety` (`id`,`id_garanta`,`predmet_id`,`nazev`,`zkratka`,`fakulta`,`kapacita`,`pocet_zapsanych_studentu`,`planovat_zkousky_flag`) VALUES (46,102,'11605','Počítačové vidění','POV',NULL,80,41,NULL);
INSERT INTO `predmety` (`id`,`id_garanta`,`predmet_id`,`nazev`,`zkratka`,`fakulta`,`kapacita`,`pocet_zapsanych_studentu`,`planovat_zkousky_flag`) VALUES (47,112,'11628','Robotika','ROB',NULL,80,28,NULL);
INSERT INTO `predmety` (`id`,`id_garanta`,`predmet_id`,`nazev`,`zkratka`,`fakulta`,`kapacita`,`pocet_zapsanych_studentu`,`planovat_zkousky_flag`) VALUES (48,115,'11630','Real-time operační systémy','ROS',NULL,64,9,NULL);
INSERT INTO `predmety` (`id`,`id_garanta`,`predmet_id`,`nazev`,`zkratka`,`fakulta`,`kapacita`,`pocet_zapsanych_studentu`,`planovat_zkousky_flag`) VALUES (49,116,'11636','Soft Computing','SFC',NULL,150,65,NULL);
INSERT INTO `predmety` (`id`,`id_garanta`,`predmet_id`,`nazev`,`zkratka`,`fakulta`,`kapacita`,`pocet_zapsanych_studentu`,`planovat_zkousky_flag`) VALUES (50,33,'11638','Inteligentní systémy','SIN',NULL,154,95,NULL);
INSERT INTO `predmety` (`id`,`id_garanta`,`predmet_id`,`nazev`,`zkratka`,`fakulta`,`kapacita`,`pocet_zapsanych_studentu`,`planovat_zkousky_flag`) VALUES (51,12,'11641','Seminář matematických struktur','SMT',NULL,300,138,NULL);
INSERT INTO `predmety` (`id`,`id_garanta`,`predmet_id`,`nazev`,`zkratka`,`fakulta`,`kapacita`,`pocet_zapsanych_studentu`,`planovat_zkousky_flag`) VALUES (52,79,'11647','Strategické řízení informačních systémů','SRI',NULL,64,28,NULL);
INSERT INTO `predmety` (`id`,`id_garanta`,`predmet_id`,`nazev`,`zkratka`,`fakulta`,`kapacita`,`pocet_zapsanych_studentu`,`planovat_zkousky_flag`) VALUES (53,83,'11656','Tvorba aplikací pro mobilní zařízení','TAM',NULL,80,80,NULL);
INSERT INTO `predmety` (`id`,`id_garanta`,`predmet_id`,`nazev`,`zkratka`,`fakulta`,`kapacita`,`pocet_zapsanych_studentu`,`planovat_zkousky_flag`) VALUES (54,121,'11657','Teorie her','THE',NULL,150,42,NULL);
INSERT INTO `predmety` (`id`,`id_garanta`,`predmet_id`,`nazev`,`zkratka`,`fakulta`,`kapacita`,`pocet_zapsanych_studentu`,`planovat_zkousky_flag`) VALUES (55,101,'11670','Výtvarná informatika','VIN',NULL,150,22,NULL);
INSERT INTO `predmety` (`id`,`id_garanta`,`predmet_id`,`nazev`,`zkratka`,`fakulta`,`kapacita`,`pocet_zapsanych_studentu`,`planovat_zkousky_flag`) VALUES (56,82,'11679','Výstavba překladačů (v angličtině)','VYPe',NULL,64,38,NULL);
INSERT INTO `predmety` (`id`,`id_garanta`,`predmet_id`,`nazev`,`zkratka`,`fakulta`,`kapacita`,`pocet_zapsanych_studentu`,`planovat_zkousky_flag`) VALUES (57,124,'11688','Zpracování přirozeného jazyka (v angličtině)','ZPJe',NULL,40,0,NULL);
INSERT INTO `predmety` (`id`,`id_garanta`,`predmet_id`,`nazev`,`zkratka`,`fakulta`,`kapacita`,`pocet_zapsanych_studentu`,`planovat_zkousky_flag`) VALUES (58,17,'11692','Zahraniční odborná praxe','ZPX',NULL,NULL,NULL,NULL);
INSERT INTO `predmety` (`id`,`id_garanta`,`predmet_id`,`nazev`,`zkratka`,`fakulta`,`kapacita`,`pocet_zapsanych_studentu`,`planovat_zkousky_flag`) VALUES (59,35,'11595','Pokročilé informační systémy','PIS',NULL,150,81,NULL);
INSERT INTO `predmety` (`id`,`id_garanta`,`predmet_id`,`nazev`,`zkratka`,`fakulta`,`kapacita`,`pocet_zapsanych_studentu`,`planovat_zkousky_flag`) VALUES (60,26,'11354','Bezpečná zařízení','BZA',NULL,NULL,NULL,NULL);
INSERT INTO `predmety` (`id`,`id_garanta`,`predmet_id`,`nazev`,`zkratka`,`fakulta`,`kapacita`,`pocet_zapsanych_studentu`,`planovat_zkousky_flag`) VALUES (61,3,'11642','Simulační nástroje a techniky','SNT',NULL,90,58,NULL);
INSERT INTO `predmety` (`id`,`id_garanta`,`predmet_id`,`nazev`,`zkratka`,`fakulta`,`kapacita`,`pocet_zapsanych_studentu`,`planovat_zkousky_flag`) VALUES (62,17,'11645','Systémy odolné proti poruchám','SPP',NULL,80,23,NULL);
INSERT INTO `predmety` (`id`,`id_garanta`,`predmet_id`,`nazev`,`zkratka`,`fakulta`,`kapacita`,`pocet_zapsanych_studentu`,`planovat_zkousky_flag`) VALUES (63,68,'11567','Návrh externích adaptérů a vestavěných systémů','NAV',NULL,50,21,NULL);
INSERT INTO `predmety` (`id`,`id_garanta`,`predmet_id`,`nazev`,`zkratka`,`fakulta`,`kapacita`,`pocet_zapsanych_studentu`,`planovat_zkousky_flag`) VALUES (64,129,'11314','Angličtina pro Evropu','AEU',NULL,NULL,NULL,NULL);
INSERT INTO `predmety` (`id`,`id_garanta`,`predmet_id`,`nazev`,`zkratka`,`fakulta`,`kapacita`,`pocet_zapsanych_studentu`,`planovat_zkousky_flag`) VALUES (65,35,'11680','Internetové aplikace','WAP',NULL,200,129,NULL);
INSERT INTO `predmety` (`id`,`id_garanta`,`predmet_id`,`nazev`,`zkratka`,`fakulta`,`kapacita`,`pocet_zapsanych_studentu`,`planovat_zkousky_flag`) VALUES (66,33,'11373','Dynamické jazyky','DJA',NULL,200,9,NULL);
INSERT INTO `predmety` (`id`,`id_garanta`,`predmet_id`,`nazev`,`zkratka`,`fakulta`,`kapacita`,`pocet_zapsanych_studentu`,`planovat_zkousky_flag`) VALUES (67,87,'11603','Pokročilé operační systémy','POS',NULL,150,98,NULL);
INSERT INTO `predmety` (`id`,`id_garanta`,`predmet_id`,`nazev`,`zkratka`,`fakulta`,`kapacita`,`pocet_zapsanych_studentu`,`planovat_zkousky_flag`) VALUES (68,27,'11316','Agentní a multiagentní systémy','AGS',NULL,90,50,NULL);
INSERT INTO `predmety` (`id`,`id_garanta`,`predmet_id`,`nazev`,`zkratka`,`fakulta`,`kapacita`,`pocet_zapsanych_studentu`,`planovat_zkousky_flag`) VALUES (69,65,'11329','Architektura a programování paralelních systémů','ARC',NULL,90,55,NULL);
INSERT INTO `predmety` (`id`,`id_garanta`,`predmet_id`,`nazev`,`zkratka`,`fakulta`,`kapacita`,`pocet_zapsanych_studentu`,`planovat_zkousky_flag`) VALUES (70,11,'11345','Bioinformatika','BIF',NULL,60,27,NULL);
INSERT INTO `predmety` (`id`,`id_garanta`,`predmet_id`,`nazev`,`zkratka`,`fakulta`,`kapacita`,`pocet_zapsanych_studentu`,`planovat_zkousky_flag`) VALUES (71,34,'11346','Biologií inspirované počítače','BIN',NULL,90,44,NULL);
INSERT INTO `predmety` (`id`,`id_garanta`,`predmet_id`,`nazev`,`zkratka`,`fakulta`,`kapacita`,`pocet_zapsanych_studentu`,`planovat_zkousky_flag`) VALUES (72,19,'11359','Směrování v rozsáhlých sítích (ROUTE)','C1P',NULL,NULL,NULL,NULL);
INSERT INTO `predmety` (`id`,`id_garanta`,`predmet_id`,`nazev`,`zkratka`,`fakulta`,`kapacita`,`pocet_zapsanych_studentu`,`planovat_zkousky_flag`) VALUES (73,19,'11361','Diagnostika Cisco sítí (TSHOOT)','C3P',NULL,NULL,NULL,NULL);
INSERT INTO `predmety` (`id`,`id_garanta`,`predmet_id`,`nazev`,`zkratka`,`fakulta`,`kapacita`,`pocet_zapsanych_studentu`,`planovat_zkousky_flag`) VALUES (74,31,'11382','Aplikované evoluční algoritmy','EVO',NULL,80,14,NULL);
INSERT INTO `predmety` (`id`,`id_garanta`,`predmet_id`,`nazev`,`zkratka`,`fakulta`,`kapacita`,`pocet_zapsanych_studentu`,`planovat_zkousky_flag`) VALUES (75,141,'11397','Funkční verifikace číslicových systémů','FVS',NULL,64,3,NULL);
INSERT INTO `predmety` (`id`,`id_garanta`,`predmet_id`,`nazev`,`zkratka`,`fakulta`,`kapacita`,`pocet_zapsanych_studentu`,`planovat_zkousky_flag`) VALUES (76,142,'11398','Fyzikální optika','FYO',NULL,90,52,NULL);
INSERT INTO `predmety` (`id`,`id_garanta`,`predmet_id`,`nazev`,`zkratka`,`fakulta`,`kapacita`,`pocet_zapsanych_studentu`,`planovat_zkousky_flag`) VALUES (77,121,'11400','Geografické informační systémy','GIS',NULL,80,1,NULL);
INSERT INTO `predmety` (`id`,`id_garanta`,`predmet_id`,`nazev`,`zkratka`,`fakulta`,`kapacita`,`pocet_zapsanych_studentu`,`planovat_zkousky_flag`) VALUES (78,124,'11402','Grafická uživatelská rozhraní v Javě','GJA',NULL,90,38,NULL);
INSERT INTO `predmety` (`id`,`id_garanta`,`predmet_id`,`nazev`,`zkratka`,`fakulta`,`kapacita`,`pocet_zapsanych_studentu`,`planovat_zkousky_flag`) VALUES (79,1,'11536','Logika','LOG',NULL,30,8,NULL);
INSERT INTO `predmety` (`id`,`id_garanta`,`predmet_id`,`nazev`,`zkratka`,`fakulta`,`kapacita`,`pocet_zapsanych_studentu`,`planovat_zkousky_flag`) VALUES (80,148,'11538','Marketing','MAR',NULL,64,46,NULL);
INSERT INTO `predmety` (`id`,`id_garanta`,`predmet_id`,`nazev`,`zkratka`,`fakulta`,`kapacita`,`pocet_zapsanych_studentu`,`planovat_zkousky_flag`) VALUES (81,152,'11541','Manažerská ekonomika','MEK',NULL,64,16,NULL);
INSERT INTO `predmety` (`id`,`id_garanta`,`predmet_id`,`nazev`,`zkratka`,`fakulta`,`kapacita`,`pocet_zapsanych_studentu`,`planovat_zkousky_flag`) VALUES (82,154,'11551','Management projektů','MPR',NULL,150,90,NULL);
INSERT INTO `predmety` (`id`,`id_garanta`,`predmet_id`,`nazev`,`zkratka`,`fakulta`,`kapacita`,`pocet_zapsanych_studentu`,`planovat_zkousky_flag`) VALUES (83,102,'11557','Multimédia','MUL',NULL,90,58,NULL);
INSERT INTO `predmety` (`id`,`id_garanta`,`predmet_id`,`nazev`,`zkratka`,`fakulta`,`kapacita`,`pocet_zapsanych_studentu`,`planovat_zkousky_flag`) VALUES (84,161,'11566','Vyšší metody zpracování signálů','MZS',NULL,NULL,NULL,NULL);
INSERT INTO `predmety` (`id`,`id_garanta`,`predmet_id`,`nazev`,`zkratka`,`fakulta`,`kapacita`,`pocet_zapsanych_studentu`,`planovat_zkousky_flag`) VALUES (85,162,'11572','Optimalizace','OPM',NULL,30,3,NULL);
INSERT INTO `predmety` (`id`,`id_garanta`,`predmet_id`,`nazev`,`zkratka`,`fakulta`,`kapacita`,`pocet_zapsanych_studentu`,`planovat_zkousky_flag`) VALUES (86,3,'11586','Petriho sítě','PES',NULL,72,64,NULL);
INSERT INTO `predmety` (`id`,`id_garanta`,`predmet_id`,`nazev`,`zkratka`,`fakulta`,`kapacita`,`pocet_zapsanych_studentu`,`planovat_zkousky_flag`) VALUES (87,154,'11597','Projektový manažer','PMA',NULL,65,31,NULL);
INSERT INTO `predmety` (`id`,`id_garanta`,`predmet_id`,`nazev`,`zkratka`,`fakulta`,`kapacita`,`pocet_zapsanych_studentu`,`planovat_zkousky_flag`) VALUES (88,12,'11639','Složitost','SLO',NULL,64,4,NULL);
INSERT INTO `predmety` (`id`,`id_garanta`,`predmet_id`,`nazev`,`zkratka`,`fakulta`,`kapacita`,`pocet_zapsanych_studentu`,`planovat_zkousky_flag`) VALUES (89,163,'11651','Strategický management','STM',NULL,64,13,NULL);
INSERT INTO `predmety` (`id`,`id_garanta`,`predmet_id`,`nazev`,`zkratka`,`fakulta`,`kapacita`,`pocet_zapsanych_studentu`,`planovat_zkousky_flag`) VALUES (90,106,'11669','Výpočetní geometrie','VGE',NULL,80,9,NULL);
INSERT INTO `predmety` (`id`,`id_garanta`,`predmet_id`,`nazev`,`zkratka`,`fakulta`,`kapacita`,`pocet_zapsanych_studentu`,`planovat_zkousky_flag`) VALUES (91,91,'11671','Vizualizace a CAD','VIZ',NULL,150,17,NULL);
INSERT INTO `predmety` (`id`,`id_garanta`,`predmet_id`,`nazev`,`zkratka`,`fakulta`,`kapacita`,`pocet_zapsanych_studentu`,`planovat_zkousky_flag`) VALUES (92,165,'11675','Vysoce náročné výpočty','VNV',NULL,80,30,NULL);
INSERT INTO `predmety` (`id`,`id_garanta`,`predmet_id`,`nazev`,`zkratka`,`fakulta`,`kapacita`,`pocet_zapsanych_studentu`,`planovat_zkousky_flag`) VALUES (93,101,'11732','Výpočetní fotografie','VYF',NULL,150,14,NULL);
INSERT INTO `predmety` (`id`,`id_garanta`,`predmet_id`,`nazev`,`zkratka`,`fakulta`,`kapacita`,`pocet_zapsanych_studentu`,`planovat_zkousky_flag`) VALUES (94,102,'11690','Zpracování obrazu','ZPO',NULL,150,90,NULL);
INSERT INTO `predmety` (`id`,`id_garanta`,`predmet_id`,`nazev`,`zkratka`,`fakulta`,`kapacita`,`pocet_zapsanych_studentu`,`planovat_zkousky_flag`) VALUES (95,32,'11693','Zpracování řečových signálů','ZRE',NULL,90,53,NULL);
INSERT INTO `predmety` (`id`,`id_garanta`,`predmet_id`,`nazev`,`zkratka`,`fakulta`,`kapacita`,`pocet_zapsanych_studentu`,`planovat_zkousky_flag`) VALUES (96,8,'9576','Číslicové zpracování signálů','SIG',NULL,NULL,NULL,NULL);
INSERT INTO `predmety` (`id`,`id_garanta`,`predmet_id`,`nazev`,`zkratka`,`fakulta`,`kapacita`,`pocet_zapsanych_studentu`,`planovat_zkousky_flag`) VALUES (97,171,'11632','Rozbor výkonnosti podniku','RVP',NULL,NULL,NULL,NULL);
INSERT INTO `predmety` (`id`,`id_garanta`,`predmet_id`,`nazev`,`zkratka`,`fakulta`,`kapacita`,`pocet_zapsanych_studentu`,`planovat_zkousky_flag`) VALUES (98,172,'11390','Finanční management pro informatiky','FIM',NULL,NULL,NULL,NULL);
INSERT INTO `predmety` (`id`,`id_garanta`,`predmet_id`,`nazev`,`zkratka`,`fakulta`,`kapacita`,`pocet_zapsanych_studentu`,`planovat_zkousky_flag`) VALUES (99,175,'11602','Podnikový management','POM',NULL,30,8,NULL);
INSERT INTO `predmety` (`id`,`id_garanta`,`predmet_id`,`nazev`,`zkratka`,`fakulta`,`kapacita`,`pocet_zapsanych_studentu`,`planovat_zkousky_flag`) VALUES (100,176,'11379','Ekonometrie','EKO',NULL,NULL,NULL,NULL);
INSERT INTO `predmety` (`id`,`id_garanta`,`predmet_id`,`nazev`,`zkratka`,`fakulta`,`kapacita`,`pocet_zapsanych_studentu`,`planovat_zkousky_flag`) VALUES (101,177,'11540','Makroekonomie 2','MA2',NULL,NULL,NULL,NULL);
INSERT INTO `predmety` (`id`,`id_garanta`,`predmet_id`,`nazev`,`zkratka`,`fakulta`,`kapacita`,`pocet_zapsanych_studentu`,`planovat_zkousky_flag`) VALUES (102,178,'11626','Risk management','RMA',NULL,NULL,NULL,NULL);
INSERT INTO `predmety` (`id`,`id_garanta`,`predmet_id`,`nazev`,`zkratka`,`fakulta`,`kapacita`,`pocet_zapsanych_studentu`,`planovat_zkousky_flag`) VALUES (103,172,'11542','Mezinárodní finance','MFI',NULL,NULL,NULL,NULL);
INSERT INTO `predmety` (`id`,`id_garanta`,`predmet_id`,`nazev`,`zkratka`,`fakulta`,`kapacita`,`pocet_zapsanych_studentu`,`planovat_zkousky_flag`) VALUES (104,180,'11568','Nákladový management','NMA',NULL,NULL,NULL,NULL);
INSERT INTO `predmety` (`id`,`id_garanta`,`predmet_id`,`nazev`,`zkratka`,`fakulta`,`kapacita`,`pocet_zapsanych_studentu`,`planovat_zkousky_flag`) VALUES (105,181,'11546','Mikroekonomie 2','MI2',NULL,NULL,NULL,NULL);
INSERT INTO `predmety` (`id`,`id_garanta`,`predmet_id`,`nazev`,`zkratka`,`fakulta`,`kapacita`,`pocet_zapsanych_studentu`,`planovat_zkousky_flag`) VALUES (106,182,'11601','Podniková logistika','POL',NULL,NULL,NULL,NULL);
INSERT INTO `predmety` (`id`,`id_garanta`,`predmet_id`,`nazev`,`zkratka`,`fakulta`,`kapacita`,`pocet_zapsanych_studentu`,`planovat_zkousky_flag`) VALUES (107,184,'11550','Molekulární genetika','MOG',NULL,NULL,NULL,NULL);
INSERT INTO `predmety` (`id`,`id_garanta`,`predmet_id`,`nazev`,`zkratka`,`fakulta`,`kapacita`,`pocet_zapsanych_studentu`,`planovat_zkousky_flag`) VALUES (108,186,'11654','Systémová biologie','SYS',NULL,NULL,NULL,NULL);
INSERT INTO `predmety` (`id`,`id_garanta`,`predmet_id`,`nazev`,`zkratka`,`fakulta`,`kapacita`,`pocet_zapsanych_studentu`,`planovat_zkousky_flag`) VALUES (109,188,'11431','Diskrétní matematika','IDA',NULL,700,587,NULL);
INSERT INTO `predmety` (`id`,`id_garanta`,`predmet_id`,`nazev`,`zkratka`,`fakulta`,`kapacita`,`pocet_zapsanych_studentu`,`planovat_zkousky_flag`) VALUES (110,165,'11435','Elektronika pro informační technologie','IEL',NULL,750,605,NULL);
INSERT INTO `predmety` (`id`,`id_garanta`,`predmet_id`,`nazev`,`zkratka`,`fakulta`,`kapacita`,`pocet_zapsanych_studentu`,`planovat_zkousky_flag`) VALUES (111,197,'11491','Úvod do softwarového inženýrství','IUS',NULL,750,632,NULL);
INSERT INTO `predmety` (`id`,`id_garanta`,`predmet_id`,`nazev`,`zkratka`,`fakulta`,`kapacita`,`pocet_zapsanych_studentu`,`planovat_zkousky_flag`) VALUES (112,154,'11499','Základy programování','IZP',NULL,750,598,NULL);
INSERT INTO `predmety` (`id`,`id_garanta`,`predmet_id`,`nazev`,`zkratka`,`fakulta`,`kapacita`,`pocet_zapsanych_studentu`,`planovat_zkousky_flag`) VALUES (113,209,'11750','Architektura 20. století','IACH',NULL,NULL,NULL,NULL);
INSERT INTO `predmety` (`id`,`id_garanta`,`predmet_id`,`nazev`,`zkratka`,`fakulta`,`kapacita`,`pocet_zapsanych_studentu`,`planovat_zkousky_flag`) VALUES (114,210,'12133','Autorská práva - zimní','IAPZ',NULL,NULL,NULL,NULL);
INSERT INTO `predmety` (`id`,`id_garanta`,`predmet_id`,`nazev`,`zkratka`,`fakulta`,`kapacita`,`pocet_zapsanych_studentu`,`planovat_zkousky_flag`) VALUES (115,211,'11705','České umění 1. poloviny 20. století v souvislostech - zimní','ICUZ',NULL,NULL,NULL,NULL);
INSERT INTO `predmety` (`id`,`id_garanta`,`predmet_id`,`nazev`,`zkratka`,`fakulta`,`kapacita`,`pocet_zapsanych_studentu`,`planovat_zkousky_flag`) VALUES (116,212,'11440','Fyzikální seminář','IFS',NULL,200,14,NULL);
INSERT INTO `predmety` (`id`,`id_garanta`,`predmet_id`,`nazev`,`zkratka`,`fakulta`,`kapacita`,`pocet_zapsanych_studentu`,`planovat_zkousky_flag`) VALUES (117,79,'11475','Počítačový seminář','ISC',NULL,300,0,NULL);
INSERT INTO `predmety` (`id`,`id_garanta`,`predmet_id`,`nazev`,`zkratka`,`fakulta`,`kapacita`,`pocet_zapsanych_studentu`,`planovat_zkousky_flag`) VALUES (118,216,'11479','Matematický seminář','ISM',NULL,300,0,NULL);
INSERT INTO `predmety` (`id`,`id_garanta`,`predmet_id`,`nazev`,`zkratka`,`fakulta`,`kapacita`,`pocet_zapsanych_studentu`,`planovat_zkousky_flag`) VALUES (119,217,'11492','Informační výchova a gramotnost','IVG',NULL,650,18,NULL);
INSERT INTO `predmety` (`id`,`id_garanta`,`predmet_id`,`nazev`,`zkratka`,`fakulta`,`kapacita`,`pocet_zapsanych_studentu`,`planovat_zkousky_flag`) VALUES (120,112,'11420','Programování na strojové úrovni','ISU',NULL,900,615,NULL);
INSERT INTO `predmety` (`id`,`id_garanta`,`predmet_id`,`nazev`,`zkratka`,`fakulta`,`kapacita`,`pocet_zapsanych_studentu`,`planovat_zkousky_flag`) VALUES (121,216,'11450','Matematická analýza','IMA',NULL,800,624,NULL);
INSERT INTO `predmety` (`id`,`id_garanta`,`predmet_id`,`nazev`,`zkratka`,`fakulta`,`kapacita`,`pocet_zapsanych_studentu`,`planovat_zkousky_flag`) VALUES (122,8,'11455','Návrh číslicových systémů','INC',NULL,800,610,NULL);
INSERT INTO `predmety` (`id`,`id_garanta`,`predmet_id`,`nazev`,`zkratka`,`fakulta`,`kapacita`,`pocet_zapsanych_studentu`,`planovat_zkousky_flag`) VALUES (123,12,'11462','Operační systémy','IOS',NULL,999,690,NULL);
INSERT INTO `predmety` (`id`,`id_garanta`,`predmet_id`,`nazev`,`zkratka`,`fakulta`,`kapacita`,`pocet_zapsanych_studentu`,`planovat_zkousky_flag`) VALUES (124,222,'11322','Angličtina pro IT','AIT',NULL,60,57,NULL);
INSERT INTO `predmety` (`id`,`id_garanta`,`predmet_id`,`nazev`,`zkratka`,`fakulta`,`kapacita`,`pocet_zapsanych_studentu`,`planovat_zkousky_flag`) VALUES (125,223,'11334','Angličtina 1: mírně pokročilí 1','BAN1',NULL,NULL,NULL,NULL);
INSERT INTO `predmety` (`id`,`id_garanta`,`predmet_id`,`nazev`,`zkratka`,`fakulta`,`kapacita`,`pocet_zapsanych_studentu`,`planovat_zkousky_flag`) VALUES (126,223,'11336','Angličtina 2: mírně pokročilí 2','BAN2',NULL,NULL,NULL,NULL);
INSERT INTO `predmety` (`id`,`id_garanta`,`predmet_id`,`nazev`,`zkratka`,`fakulta`,`kapacita`,`pocet_zapsanych_studentu`,`planovat_zkousky_flag`) VALUES (127,225,'11338','Angličtina 3: středně pokročilí 1','BAN3',NULL,50,46,NULL);
INSERT INTO `predmety` (`id`,`id_garanta`,`predmet_id`,`nazev`,`zkratka`,`fakulta`,`kapacita`,`pocet_zapsanych_studentu`,`planovat_zkousky_flag`) VALUES (128,224,'11340','Angličtina 4: středně pokročilí 2','BAN4',NULL,40,33,NULL);
INSERT INTO `predmety` (`id`,`id_garanta`,`predmet_id`,`nazev`,`zkratka`,`fakulta`,`kapacita`,`pocet_zapsanych_studentu`,`planovat_zkousky_flag`) VALUES (129,8,'11493','Seminář VHDL','IVH',NULL,200,8,NULL);
INSERT INTO `predmety` (`id`,`id_garanta`,`predmet_id`,`nazev`,`zkratka`,`fakulta`,`kapacita`,`pocet_zapsanych_studentu`,`planovat_zkousky_flag`) VALUES (130,210,'12132','Autorská práva - letní','IAPL',NULL,NULL,NULL,NULL);
INSERT INTO `predmety` (`id`,`id_garanta`,`predmet_id`,`nazev`,`zkratka`,`fakulta`,`kapacita`,`pocet_zapsanych_studentu`,`planovat_zkousky_flag`) VALUES (131,211,'11754','České umění 2. poloviny 20. století v souvislostech - letní','ICUL',NULL,NULL,NULL,NULL);
INSERT INTO `predmety` (`id`,`id_garanta`,`predmet_id`,`nazev`,`zkratka`,`fakulta`,`kapacita`,`pocet_zapsanych_studentu`,`planovat_zkousky_flag`) VALUES (132,228,'11442','Fyzika','IFY',NULL,290,2,NULL);
INSERT INTO `predmety` (`id`,`id_garanta`,`predmet_id`,`nazev`,`zkratka`,`fakulta`,`kapacita`,`pocet_zapsanych_studentu`,`planovat_zkousky_flag`) VALUES (133,127,'11448','Jazyk C','IJC',NULL,290,7,NULL);
INSERT INTO `predmety` (`id`,`id_garanta`,`predmet_id`,`nazev`,`zkratka`,`fakulta`,`kapacita`,`pocet_zapsanych_studentu`,`planovat_zkousky_flag`) VALUES (134,154,'11473','Řízení projektů informačních systémů','IRP',NULL,NULL,NULL,NULL);
INSERT INTO `predmety` (`id`,`id_garanta`,`predmet_id`,`nazev`,`zkratka`,`fakulta`,`kapacita`,`pocet_zapsanych_studentu`,`planovat_zkousky_flag`) VALUES (135,124,'11478','Skriptovací jazyky','ISJ',NULL,360,48,NULL);
INSERT INTO `predmety` (`id`,`id_garanta`,`predmet_id`,`nazev`,`zkratka`,`fakulta`,`kapacita`,`pocet_zapsanych_studentu`,`planovat_zkousky_flag`) VALUES (136,125,'11488','Tvorba webových stránek','ITW',NULL,160,160,NULL);
INSERT INTO `predmety` (`id`,`id_garanta`,`predmet_id`,`nazev`,`zkratka`,`fakulta`,`kapacita`,`pocet_zapsanych_studentu`,`planovat_zkousky_flag`) VALUES (137,197,'11490','Typografie a publikování','ITY',NULL,160,154,NULL);
INSERT INTO `predmety` (`id`,`id_garanta`,`predmet_id`,`nazev`,`zkratka`,`fakulta`,`kapacita`,`pocet_zapsanych_studentu`,`planovat_zkousky_flag`) VALUES (138,124,'11494','Praktické aspekty vývoje software','IVS',NULL,450,52,NULL);
INSERT INTO `predmety` (`id`,`id_garanta`,`predmet_id`,`nazev`,`zkratka`,`fakulta`,`kapacita`,`pocet_zapsanych_studentu`,`planovat_zkousky_flag`) VALUES (139,236,'11418','Algoritmy','IAL',NULL,600,478,NULL);
INSERT INTO `predmety` (`id`,`id_garanta`,`predmet_id`,`nazev`,`zkratka`,`fakulta`,`kapacita`,`pocet_zapsanych_studentu`,`planovat_zkousky_flag`) VALUES (140,82,'11438','Formální jazyky a překladače','IFJ',NULL,600,528,NULL);
INSERT INTO `predmety` (`id`,`id_garanta`,`predmet_id`,`nazev`,`zkratka`,`fakulta`,`kapacita`,`pocet_zapsanych_studentu`,`planovat_zkousky_flag`) VALUES (141,220,'11458','Numerická matematika a pravděpodobnost','INM',NULL,600,518,NULL);
INSERT INTO `predmety` (`id`,`id_garanta`,`predmet_id`,`nazev`,`zkratka`,`fakulta`,`kapacita`,`pocet_zapsanych_studentu`,`planovat_zkousky_flag`) VALUES (142,34,'11459','Návrh počítačových systémů','INP',NULL,600,476,NULL);
INSERT INTO `predmety` (`id`,`id_garanta`,`predmet_id`,`nazev`,`zkratka`,`fakulta`,`kapacita`,`pocet_zapsanych_studentu`,`planovat_zkousky_flag`) VALUES (143,32,'11482','Signály a systémy','ISS',NULL,600,480,NULL);
INSERT INTO `predmety` (`id`,`id_garanta`,`predmet_id`,`nazev`,`zkratka`,`fakulta`,`kapacita`,`pocet_zapsanych_studentu`,`planovat_zkousky_flag`) VALUES (144,12,'11308','Pokročilá témata administrace operačního systému Linux','ILI',NULL,20,20,NULL);
INSERT INTO `predmety` (`id`,`id_garanta`,`predmet_id`,`nazev`,`zkratka`,`fakulta`,`kapacita`,`pocet_zapsanych_studentu`,`planovat_zkousky_flag`) VALUES (145,187,'11310','Matematické základy fuzzy logiky','IMF',NULL,30,28,NULL);
INSERT INTO `predmety` (`id`,`id_garanta`,`predmet_id`,`nazev`,`zkratka`,`fakulta`,`kapacita`,`pocet_zapsanych_studentu`,`planovat_zkousky_flag`) VALUES (146,75,'11457','Návrh a implementace IT služeb','INI',NULL,64,64,NULL);
INSERT INTO `predmety` (`id`,`id_garanta`,`predmet_id`,`nazev`,`zkratka`,`fakulta`,`kapacita`,`pocet_zapsanych_studentu`,`planovat_zkousky_flag`) VALUES (147,75,'11460','Servisně orientované architektury v prostředí Oracle','IOA',NULL,NULL,NULL,NULL);
INSERT INTO `predmety` (`id`,`id_garanta`,`predmet_id`,`nazev`,`zkratka`,`fakulta`,`kapacita`,`pocet_zapsanych_studentu`,`planovat_zkousky_flag`) VALUES (148,175,'11468','Podnikový management','IPMA',NULL,40,19,NULL);
INSERT INTO `predmety` (`id`,`id_garanta`,`predmet_id`,`nazev`,`zkratka`,`fakulta`,`kapacita`,`pocet_zapsanych_studentu`,`planovat_zkousky_flag`) VALUES (149,201,'10739','Programovací seminář','IPS',NULL,150,50,NULL);
INSERT INTO `predmety` (`id`,`id_garanta`,`predmet_id`,`nazev`,`zkratka`,`fakulta`,`kapacita`,`pocet_zapsanych_studentu`,`planovat_zkousky_flag`) VALUES (150,35,'10735','Projektová praxe 1','IP1',NULL,NULL,NULL,NULL);
INSERT INTO `predmety` (`id`,`id_garanta`,`predmet_id`,`nazev`,`zkratka`,`fakulta`,`kapacita`,`pocet_zapsanych_studentu`,`planovat_zkousky_flag`) VALUES (151,225,'11509','Angličtina: konverzace','JA3',NULL,NULL,NULL,NULL);
INSERT INTO `predmety` (`id`,`id_garanta`,`predmet_id`,`nazev`,`zkratka`,`fakulta`,`kapacita`,`pocet_zapsanych_studentu`,`planovat_zkousky_flag`) VALUES (152,247,'11523','Španělština: začátečníci 1/2','JS1',NULL,NULL,NULL,NULL);
INSERT INTO `predmety` (`id`,`id_garanta`,`predmet_id`,`nazev`,`zkratka`,`fakulta`,`kapacita`,`pocet_zapsanych_studentu`,`planovat_zkousky_flag`) VALUES (153,248,'11531','Kultura projevu a tvorba textů','IKPT',NULL,30,29,NULL);
INSERT INTO `predmety` (`id`,`id_garanta`,`predmet_id`,`nazev`,`zkratka`,`fakulta`,`kapacita`,`pocet_zapsanych_studentu`,`planovat_zkousky_flag`) VALUES (154,249,'11537','Makroekonomie','IMAE',NULL,30,2,NULL);
INSERT INTO `predmety` (`id`,`id_garanta`,`predmet_id`,`nazev`,`zkratka`,`fakulta`,`kapacita`,`pocet_zapsanych_studentu`,`planovat_zkousky_flag`) VALUES (155,236,'11560','Desktop systémy Microsoft Windows','IW1',NULL,120,120,NULL);
INSERT INTO `predmety` (`id`,`id_garanta`,`predmet_id`,`nazev`,`zkratka`,`fakulta`,`kapacita`,`pocet_zapsanych_studentu`,`planovat_zkousky_flag`) VALUES (156,112,'11574','Pokročilé asemblery','IPA',NULL,90,31,NULL);
INSERT INTO `predmety` (`id`,`id_garanta`,`predmet_id`,`nazev`,`zkratka`,`fakulta`,`kapacita`,`pocet_zapsanych_studentu`,`planovat_zkousky_flag`) VALUES (157,248,'11588','Inženýrská pedagogika a didaktika','IIPD',NULL,40,0,NULL);
INSERT INTO `predmety` (`id`,`id_garanta`,`predmet_id`,`nazev`,`zkratka`,`fakulta`,`kapacita`,`pocet_zapsanych_studentu`,`planovat_zkousky_flag`) VALUES (158,248,'11616','Pedagogická psychologie','IPSO',NULL,30,6,NULL);
INSERT INTO `predmety` (`id`,`id_garanta`,`predmet_id`,`nazev`,`zkratka`,`fakulta`,`kapacita`,`pocet_zapsanych_studentu`,`planovat_zkousky_flag`) VALUES (159,186,'11667','Lékařské aplikace informatiky','IUMI',NULL,NULL,NULL,NULL);
INSERT INTO `predmety` (`id`,`id_garanta`,`predmet_id`,`nazev`,`zkratka`,`fakulta`,`kapacita`,`pocet_zapsanych_studentu`,`planovat_zkousky_flag`) VALUES (160,152,'11683','Základy ekonomiky podniku','IZEP',NULL,30,15,NULL);
INSERT INTO `predmety` (`id`,`id_garanta`,`predmet_id`,`nazev`,`zkratka`,`fakulta`,`kapacita`,`pocet_zapsanych_studentu`,`planovat_zkousky_flag`) VALUES (161,172,'11684','Základy financování','IZFI',NULL,NULL,NULL,NULL);
INSERT INTO `predmety` (`id`,`id_garanta`,`predmet_id`,`nazev`,`zkratka`,`fakulta`,`kapacita`,`pocet_zapsanych_studentu`,`planovat_zkousky_flag`) VALUES (162,76,'11434','Databázové systémy','IDS',NULL,650,529,NULL);
INSERT INTO `predmety` (`id`,`id_garanta`,`predmet_id`,`nazev`,`zkratka`,`fakulta`,`kapacita`,`pocet_zapsanych_studentu`,`planovat_zkousky_flag`) VALUES (163,20,'11465','Počítačové komunikace a sítě','IPK',NULL,650,458,NULL);
INSERT INTO `predmety` (`id`,`id_garanta`,`predmet_id`,`nazev`,`zkratka`,`fakulta`,`kapacita`,`pocet_zapsanych_studentu`,`planovat_zkousky_flag`) VALUES (164,13,'11469','Principy programovacích jazyků a OOP','IPP',NULL,700,539,NULL);
INSERT INTO `predmety` (`id`,`id_garanta`,`predmet_id`,`nazev`,`zkratka`,`fakulta`,`kapacita`,`pocet_zapsanych_studentu`,`planovat_zkousky_flag`) VALUES (165,106,'11496','Základy počítačové grafiky','IZG',NULL,600,368,NULL);
INSERT INTO `predmety` (`id`,`id_garanta`,`predmet_id`,`nazev`,`zkratka`,`fakulta`,`kapacita`,`pocet_zapsanych_studentu`,`planovat_zkousky_flag`) VALUES (166,116,'11503','Základy umělé inteligence','IZU',NULL,600,462,NULL);
INSERT INTO `predmety` (`id`,`id_garanta`,`predmet_id`,`nazev`,`zkratka`,`fakulta`,`kapacita`,`pocet_zapsanych_studentu`,`planovat_zkousky_flag`) VALUES (167,127,'11428','Seminář C++','ICP',NULL,300,200,NULL);
INSERT INTO `predmety` (`id`,`id_garanta`,`predmet_id`,`nazev`,`zkratka`,`fakulta`,`kapacita`,`pocet_zapsanych_studentu`,`planovat_zkousky_flag`) VALUES (168,196,'11446','Seminář Java','IJA',NULL,300,300,NULL);
INSERT INTO `predmety` (`id`,`id_garanta`,`predmet_id`,`nazev`,`zkratka`,`fakulta`,`kapacita`,`pocet_zapsanych_studentu`,`planovat_zkousky_flag`) VALUES (169,20,'11356','Síťová kabeláž a směrování (CCNA1+CCNA2)','I1C',NULL,72,72,NULL);
INSERT INTO `predmety` (`id`,`id_garanta`,`predmet_id`,`nazev`,`zkratka`,`fakulta`,`kapacita`,`pocet_zapsanych_studentu`,`planovat_zkousky_flag`) VALUES (170,258,'11366','Daňová soustava','IDAS',NULL,NULL,NULL,NULL);
INSERT INTO `predmety` (`id`,`id_garanta`,`predmet_id`,`nazev`,`zkratka`,`fakulta`,`kapacita`,`pocet_zapsanych_studentu`,`planovat_zkousky_flag`) VALUES (171,171,'11384','Finanční analýza','IFAN',NULL,NULL,NULL,NULL);
INSERT INTO `predmety` (`id`,`id_garanta`,`predmet_id`,`nazev`,`zkratka`,`fakulta`,`kapacita`,`pocet_zapsanych_studentu`,`planovat_zkousky_flag`) VALUES (172,5,'11767','Pokročilá matematika','IAM',NULL,60,30,NULL);
INSERT INTO `predmety` (`id`,`id_garanta`,`predmet_id`,`nazev`,`zkratka`,`fakulta`,`kapacita`,`pocet_zapsanych_studentu`,`planovat_zkousky_flag`) VALUES (173,12,'11309','Analýza binárního kódu','IAN',NULL,NULL,NULL,NULL);
INSERT INTO `predmety` (`id`,`id_garanta`,`predmet_id`,`nazev`,`zkratka`,`fakulta`,`kapacita`,`pocet_zapsanych_studentu`,`planovat_zkousky_flag`) VALUES (174,21,'11427','Bezpečnost a počítačové sítě','IBS',NULL,80,37,NULL);
INSERT INTO `predmety` (`id`,`id_garanta`,`predmet_id`,`nazev`,`zkratka`,`fakulta`,`kapacita`,`pocet_zapsanych_studentu`,`planovat_zkousky_flag`) VALUES (175,262,'11449','Klasifikace a rozpoznávání','IKR',NULL,65,30,NULL);
INSERT INTO `predmety` (`id`,`id_garanta`,`predmet_id`,`nazev`,`zkratka`,`fakulta`,`kapacita`,`pocet_zapsanych_studentu`,`planovat_zkousky_flag`) VALUES (176,76,'11461','Administrace databázového systému Oracle','IOD',NULL,40,7,NULL);
INSERT INTO `predmety` (`id`,`id_garanta`,`predmet_id`,`nazev`,`zkratka`,`fakulta`,`kapacita`,`pocet_zapsanych_studentu`,`planovat_zkousky_flag`) VALUES (177,77,'11463','Datové sklady v prostředí Oracle','IOW',NULL,40,0,NULL);
INSERT INTO `predmety` (`id`,`id_garanta`,`predmet_id`,`nazev`,`zkratka`,`fakulta`,`kapacita`,`pocet_zapsanych_studentu`,`planovat_zkousky_flag`) VALUES (178,35,'11010','Projektová praxe 2','IP2',NULL,NULL,NULL,NULL);
INSERT INTO `predmety` (`id`,`id_garanta`,`predmet_id`,`nazev`,`zkratka`,`fakulta`,`kapacita`,`pocet_zapsanych_studentu`,`planovat_zkousky_flag`) VALUES (179,141,'11484','Technika personálních počítačů','ITP',NULL,80,54,NULL);
INSERT INTO `predmety` (`id`,`id_garanta`,`predmet_id`,`nazev`,`zkratka`,`fakulta`,`kapacita`,`pocet_zapsanych_studentu`,`planovat_zkousky_flag`) VALUES (180,201,'11485','Testování a dynamická analýza','ITS',NULL,80,68,NULL);
INSERT INTO `predmety` (`id`,`id_garanta`,`predmet_id`,`nazev`,`zkratka`,`fakulta`,`kapacita`,`pocet_zapsanych_studentu`,`planovat_zkousky_flag`) VALUES (181,265,'11681','Zobrazovací systémy v lékařství','IZSL',NULL,NULL,NULL,NULL);
INSERT INTO `predmety` (`id`,`id_garanta`,`predmet_id`,`nazev`,`zkratka`,`fakulta`,`kapacita`,`pocet_zapsanych_studentu`,`planovat_zkousky_flag`) VALUES (182,267,'11545','Mikroekonomie','IMIE',NULL,30,1,NULL);
INSERT INTO `predmety` (`id`,`id_garanta`,`predmet_id`,`nazev`,`zkratka`,`fakulta`,`kapacita`,`pocet_zapsanych_studentu`,`planovat_zkousky_flag`) VALUES (183,236,'11561','Serverové systémy Microsoft Windows','IW2',NULL,80,36,NULL);
INSERT INTO `predmety` (`id`,`id_garanta`,`predmet_id`,`nazev`,`zkratka`,`fakulta`,`kapacita`,`pocet_zapsanych_studentu`,`planovat_zkousky_flag`) VALUES (184,268,'11606','Počítačová podpora konstruování','IPPK',NULL,NULL,NULL,NULL);
INSERT INTO `predmety` (`id`,`id_garanta`,`predmet_id`,`nazev`,`zkratka`,`fakulta`,`kapacita`,`pocet_zapsanych_studentu`,`planovat_zkousky_flag`) VALUES (185,269,'11607','Účetnictví','IUCE',NULL,NULL,NULL,NULL);
INSERT INTO `predmety` (`id`,`id_garanta`,`predmet_id`,`nazev`,`zkratka`,`fakulta`,`kapacita`,`pocet_zapsanych_studentu`,`planovat_zkousky_flag`) VALUES (186,148,'11685','Základy marketingu','IZMA',NULL,50,30,NULL);
INSERT INTO `predmety` (`id`,`id_garanta`,`predmet_id`,`nazev`,`zkratka`,`fakulta`,`kapacita`,`pocet_zapsanych_studentu`,`planovat_zkousky_flag`) VALUES (187,35,'11443','Informační systémy','IIS',NULL,500,359,NULL);
INSERT INTO `predmety` (`id`,`id_garanta`,`predmet_id`,`nazev`,`zkratka`,`fakulta`,`kapacita`,`pocet_zapsanych_studentu`,`planovat_zkousky_flag`) VALUES (188,68,'11452','Mikroprocesorové a vestavěné systémy','IMP',NULL,500,379,NULL);
INSERT INTO `predmety` (`id`,`id_garanta`,`predmet_id`,`nazev`,`zkratka`,`fakulta`,`kapacita`,`pocet_zapsanych_studentu`,`planovat_zkousky_flag`) VALUES (189,127,'11453','Modelování a simulace','IMS',NULL,600,432,NULL);
INSERT INTO `predmety` (`id`,`id_garanta`,`predmet_id`,`nazev`,`zkratka`,`fakulta`,`kapacita`,`pocet_zapsanych_studentu`,`planovat_zkousky_flag`) VALUES (190,19,'11474','Síťové aplikace a správa sítí','ISA',NULL,550,445,NULL);
INSERT INTO `predmety` (`id`,`id_garanta`,`predmet_id`,`nazev`,`zkratka`,`fakulta`,`kapacita`,`pocet_zapsanych_studentu`,`planovat_zkousky_flag`) VALUES (191,44,'11799','Semestrální projekt','ITT',NULL,NULL,NULL,NULL);
INSERT INTO `predmety` (`id`,`id_garanta`,`predmet_id`,`nazev`,`zkratka`,`fakulta`,`kapacita`,`pocet_zapsanych_studentu`,`planovat_zkousky_flag`) VALUES (192,100,'11486','Tvorba uživatelských rozhraní','ITU',NULL,500,383,NULL);
INSERT INTO `predmety` (`id`,`id_garanta`,`predmet_id`,`nazev`,`zkratka`,`fakulta`,`kapacita`,`pocet_zapsanych_studentu`,`planovat_zkousky_flag`) VALUES (193,141,'11472','Periferní zařízení','IPZ',NULL,500,380,NULL);
INSERT INTO `predmety` (`id`,`id_garanta`,`predmet_id`,`nazev`,`zkratka`,`fakulta`,`kapacita`,`pocet_zapsanych_studentu`,`planovat_zkousky_flag`) VALUES (194,35,'12190','Projektová praxe 3','IP3',NULL,NULL,NULL,NULL);
INSERT INTO `predmety` (`id`,`id_garanta`,`predmet_id`,`nazev`,`zkratka`,`fakulta`,`kapacita`,`pocet_zapsanych_studentu`,`planovat_zkousky_flag`) VALUES (195,19,'11505','Technologie sítí LAN a WAN (CCNA3+4)','I2C',NULL,60,41,NULL);
INSERT INTO `predmety` (`id`,`id_garanta`,`predmet_id`,`nazev`,`zkratka`,`fakulta`,`kapacita`,`pocet_zapsanych_studentu`,`planovat_zkousky_flag`) VALUES (196,236,'11562','Síťové technologie Microsoft Windows','IW3',NULL,NULL,NULL,NULL);
INSERT INTO `predmety` (`id`,`id_garanta`,`predmet_id`,`nazev`,`zkratka`,`fakulta`,`kapacita`,`pocet_zapsanych_studentu`,`planovat_zkousky_flag`) VALUES (197,44,'11800','Bakalářská práce','IBT',NULL,NULL,NULL,NULL);
INSERT INTO `predmety` (`id`,`id_garanta`,`predmet_id`,`nazev`,`zkratka`,`fakulta`,`kapacita`,`pocet_zapsanych_studentu`,`planovat_zkousky_flag`) VALUES (198,19,'11454','Multimédia v počítačových sítích','IMU',NULL,70,61,NULL);
INSERT INTO `predmety` (`id`,`id_garanta`,`predmet_id`,`nazev`,`zkratka`,`fakulta`,`kapacita`,`pocet_zapsanych_studentu`,`planovat_zkousky_flag`) VALUES (199,236,'11563','Podnikové technologie Microsoft','IW4',NULL,NULL,NULL,NULL);
INSERT INTO `predmety` (`id`,`id_garanta`,`predmet_id`,`nazev`,`zkratka`,`fakulta`,`kapacita`,`pocet_zapsanych_studentu`,`planovat_zkousky_flag`) VALUES (200,236,'11564','Programování v .NET a C#','IW5',NULL,120,120,NULL);

/*
-- Query: SELECT * FROM planovaniRozvrhu.semestry
LIMIT 0, 1000

-- Date: 2018-01-02 20:17
*/
DELETE FROM semestry where id > 0;
INSERT INTO `semestry` (`id`,`obdobi`,`rok`,`akademicky_rok`,`zkouskove_od`,`zkouskove_do`) VALUES (1,'ZS',2016,'2016/2017','2017-01-02','2017-02-12');
INSERT INTO `semestry` (`id`,`obdobi`,`rok`,`akademicky_rok`,`zkouskove_od`,`zkouskove_do`) VALUES (2,'LS',2017,'2016/2017','2018-05-05','2018-06-10');
/*INSERT INTO `semestry` (`id`,`obdobi`,`rok`,`akademicky_rok`,`zkouskove_od`,`zkouskove_do`) VALUES (3,'ZS',2018,'2018/2019','2019-01-02','2018-02-12');*/

/*
-- Query: SELECT * FROM planovaniRozvrhu.verzeRozvrhu
LIMIT 0, 1000

-- Date: 2018-01-02 20:18
*/
DELETE FROM verzeRozvrhu where id > 0;
INSERT INTO `verzeRozvrhu` (`id`,`id_semestru`,`nazev_verze`,`cislo_verze`,`je_aktivni_flag`) VALUES (1,1,'Testovací verze',1,1);
INSERT INTO `verzeRozvrhu` (`id`,`id_semestru`,`nazev_verze`,`cislo_verze`,`je_aktivni_flag`) VALUES (2,1,'Testovací verze #2',1,0);

/*
-- Query: SELECT * FROM planovaniRozvrhu.casyPredmetu
LIMIT 0, 5000

-- Date: 2018-01-04 19:20
*/
DELETE FROM casyPredmetu where id > 0;
INSERT INTO `casyPredmetu` (`id`,`id_verze`,`id_predmetu`,`verze`,`den`,`cas_od`,`cas_do`,`typ`,`skupina`) VALUES (0,1,1,1,'Po','10:00:00.000000','12:00:00.000000','p',NULL);
INSERT INTO `casyPredmetu` (`id`,`id_verze`,`id_predmetu`,`verze`,`den`,`cas_od`,`cas_do`,`typ`,`skupina`) VALUES (1,1,1,1,'Po','18:00:00.000000','20:00:00.000000','p',NULL);
INSERT INTO `casyPredmetu` (`id`,`id_verze`,`id_predmetu`,`verze`,`den`,`cas_od`,`cas_do`,`typ`,`skupina`) VALUES (2,1,16,1,'Po','16:00:00.000000','19:00:00.000000','p',NULL);
INSERT INTO `casyPredmetu` (`id`,`id_verze`,`id_predmetu`,`verze`,`den`,`cas_od`,`cas_do`,`typ`,`skupina`) VALUES (4,1,37,1,'Út','13:00:00.000000','16:00:00.000000','p',NULL);
INSERT INTO `casyPredmetu` (`id`,`id_verze`,`id_predmetu`,`verze`,`den`,`cas_od`,`cas_do`,`typ`,`skupina`) VALUES (5,1,42,1,'Pá','12:00:00.000000','14:00:00.000000','p',NULL);
INSERT INTO `casyPredmetu` (`id`,`id_verze`,`id_predmetu`,`verze`,`den`,`cas_od`,`cas_do`,`typ`,`skupina`) VALUES (6,1,4,1,'Pá','14:00:00.000000','17:00:00.000000','c',NULL);


/*
-- Query: SELECT * FROM planovaniRozvrhu.predmetuPrislusi
LIMIT 0, 1000

-- Date: 2018-01-02 20:20
*/
DELETE FROM predmetuPrislusi where id > 0;
INSERT INTO `predmetuPrislusi` (`id`,`id_casu_predmetu`,`id_mistnosti`) VALUES (0,0,1);
INSERT INTO `predmetuPrislusi` (`id`,`id_casu_predmetu`,`id_mistnosti`) VALUES (1,0,2);
INSERT INTO `predmetuPrislusi` (`id`,`id_casu_predmetu`,`id_mistnosti`) VALUES (2,1,1);
INSERT INTO `predmetuPrislusi` (`id`,`id_casu_predmetu`,`id_mistnosti`) VALUES (3,1,2);
INSERT INTO `predmetuPrislusi` (`id`,`id_casu_predmetu`,`id_mistnosti`) VALUES (4,2,8);
INSERT INTO `predmetuPrislusi` (`id`,`id_casu_predmetu`,`id_mistnosti`) VALUES (5,4,3);
INSERT INTO `predmetuPrislusi` (`id`,`id_casu_predmetu`,`id_mistnosti`) VALUES (6,5,4);
INSERT INTO `predmetuPrislusi` (`id`,`id_casu_predmetu`,`id_mistnosti`) VALUES (7,5,6);
INSERT INTO `predmetuPrislusi` (`id`,`id_casu_predmetu`,`id_mistnosti`) VALUES (8,6,1);

/*
-- Query: SELECT * FROM planovaniRozvrhu.obory
LIMIT 0, 1000

-- Date: 2018-01-02 20:22
*/
DELETE FROM obory where id > 0;
INSERT INTO `obory` (`id`,`id_semestru`,`nazev`,`zkratka`) VALUES (1,2,'Bezpečnost informačních technologií','1MBS');
INSERT INTO `obory` (`id`,`id_semestru`,`nazev`,`zkratka`) VALUES (2,2,'Bezpečnost informačních technologií','2MBS');
INSERT INTO `obory` (`id`,`id_semestru`,`nazev`,`zkratka`) VALUES (3,1,'Bezpečnost informačních technologií','1MBS');
INSERT INTO `obory` (`id`,`id_semestru`,`nazev`,`zkratka`) VALUES (4,1,'Bezpečnost informačních technologií','2MBS');
INSERT INTO `obory` (`id`,`id_semestru`,`nazev`,`zkratka`) VALUES (5,2,'Počítačové sítě a komunikace','1MSK');
INSERT INTO `obory` (`id`,`id_semestru`,`nazev`,`zkratka`) VALUES (6,2,'Počítačové sítě a komunikace','2MSK');
INSERT INTO `obory` (`id`,`id_semestru`,`nazev`,`zkratka`) VALUES (7,1,'Počítačové sítě a komunikace','1MSK');
INSERT INTO `obory` (`id`,`id_semestru`,`nazev`,`zkratka`) VALUES (8,1,'Počítačové sítě a komunikace','2MSK');
INSERT INTO `obory` (`id`,`id_semestru`,`nazev`,`zkratka`) VALUES (9,2,'Informační systémy','1MIS');
INSERT INTO `obory` (`id`,`id_semestru`,`nazev`,`zkratka`) VALUES (10,2,'Informační systémy','2MIS');
INSERT INTO `obory` (`id`,`id_semestru`,`nazev`,`zkratka`) VALUES (11,1,'Informační systémy','1MIS');
INSERT INTO `obory` (`id`,`id_semestru`,`nazev`,`zkratka`) VALUES (12,1,'Informační systémy','2MIS');
INSERT INTO `obory` (`id`,`id_semestru`,`nazev`,`zkratka`) VALUES (13,2,'Počítačové a vestavěné systémy','1MPV');
INSERT INTO `obory` (`id`,`id_semestru`,`nazev`,`zkratka`) VALUES (14,2,'Počítačové a vestavěné systémy','2MPV');
INSERT INTO `obory` (`id`,`id_semestru`,`nazev`,`zkratka`) VALUES (15,1,'Počítačové a vestavěné systémy','1MPV');
INSERT INTO `obory` (`id`,`id_semestru`,`nazev`,`zkratka`) VALUES (16,1,'Počítačové a vestavěné systémy','2MPV');
INSERT INTO `obory` (`id`,`id_semestru`,`nazev`,`zkratka`) VALUES (17,2,'Inteligentní systémy','1MIN');
INSERT INTO `obory` (`id`,`id_semestru`,`nazev`,`zkratka`) VALUES (18,2,'Inteligentní systémy','2MIN');
INSERT INTO `obory` (`id`,`id_semestru`,`nazev`,`zkratka`) VALUES (19,1,'Inteligentní systémy','1MIN');
INSERT INTO `obory` (`id`,`id_semestru`,`nazev`,`zkratka`) VALUES (20,1,'Inteligentní systémy','2MIN');
INSERT INTO `obory` (`id`,`id_semestru`,`nazev`,`zkratka`) VALUES (21,2,'Matematické metody v informačních technologiích','1MMM');
INSERT INTO `obory` (`id`,`id_semestru`,`nazev`,`zkratka`) VALUES (22,2,'Matematické metody v informačních technologiích','2MMM');
INSERT INTO `obory` (`id`,`id_semestru`,`nazev`,`zkratka`) VALUES (23,1,'Matematické metody v informačních technologiích','1MMM');
INSERT INTO `obory` (`id`,`id_semestru`,`nazev`,`zkratka`) VALUES (24,1,'Matematické metody v informačních technologiích','2MMM');
INSERT INTO `obory` (`id`,`id_semestru`,`nazev`,`zkratka`) VALUES (25,2,'Počítačová grafika a multimédia','1MGM');
INSERT INTO `obory` (`id`,`id_semestru`,`nazev`,`zkratka`) VALUES (26,2,'Počítačová grafika a multimédia','2MGM');
INSERT INTO `obory` (`id`,`id_semestru`,`nazev`,`zkratka`) VALUES (27,1,'Počítačová grafika a multimédia','1MGM');
INSERT INTO `obory` (`id`,`id_semestru`,`nazev`,`zkratka`) VALUES (28,1,'Počítačová grafika a multimédia','2MGM');
INSERT INTO `obory` (`id`,`id_semestru`,`nazev`,`zkratka`) VALUES (29,2,'Management a informační technologie','1MMI');
INSERT INTO `obory` (`id`,`id_semestru`,`nazev`,`zkratka`) VALUES (30,2,'Management a informační technologie','2MMI');
INSERT INTO `obory` (`id`,`id_semestru`,`nazev`,`zkratka`) VALUES (31,1,'Management a informační technologie','1MMI');
INSERT INTO `obory` (`id`,`id_semestru`,`nazev`,`zkratka`) VALUES (32,1,'Management a informační technologie','2MMI');
INSERT INTO `obory` (`id`,`id_semestru`,`nazev`,`zkratka`) VALUES (33,2,'Bioinformatika a biocomputing','1MBI');
INSERT INTO `obory` (`id`,`id_semestru`,`nazev`,`zkratka`) VALUES (34,2,'Bioinformatika a biocomputing','2MBI');
INSERT INTO `obory` (`id`,`id_semestru`,`nazev`,`zkratka`) VALUES (35,1,'Bioinformatika a biocomputing','1MBI');
INSERT INTO `obory` (`id`,`id_semestru`,`nazev`,`zkratka`) VALUES (36,1,'Bioinformatika a biocomputing','2MBI');
INSERT INTO `obory` (`id`,`id_semestru`,`nazev`,`zkratka`) VALUES (37,2,'Informační technologie','1BIT');
INSERT INTO `obory` (`id`,`id_semestru`,`nazev`,`zkratka`) VALUES (38,2,'Informační technologie','2BIT');
INSERT INTO `obory` (`id`,`id_semestru`,`nazev`,`zkratka`) VALUES (39,1,'Informační technologie','1BIT');
INSERT INTO `obory` (`id`,`id_semestru`,`nazev`,`zkratka`) VALUES (40,1,'Informační technologie','2BIT');
INSERT INTO `obory` (`id`,`id_semestru`,`nazev`,`zkratka`) VALUES (41,2,'Informační technologie','3BIT');
INSERT INTO `obory` (`id`,`id_semestru`,`nazev`,`zkratka`) VALUES (42,1,'Informační technologie','3BIT');

DELETE FROM majiregistrovane where id_studenta > 0;
DELETE FROM studenti where id > 0;

/*
-- Query: SELECT * FROM planovanirozvrhu.studenti
LIMIT 0, 1000

-- Date: 2017-12-30 17:15
*/
DELETE FROM studenti where id > 0;
INSERT INTO `studenti` (`id`,`id_oboru`,`student_id`,`login`,`jmeno`,`prijmeni`,`email`) VALUES (1,3,NULL,NULL,NULL,NULL,NULL);
INSERT INTO `studenti` (`id`,`id_oboru`,`student_id`,`login`,`jmeno`,`prijmeni`,`email`) VALUES (2,4,NULL,NULL,NULL,NULL,NULL);
INSERT INTO `studenti` (`id`,`id_oboru`,`student_id`,`login`,`jmeno`,`prijmeni`,`email`) VALUES (3,7,NULL,NULL,NULL,NULL,NULL);
INSERT INTO `studenti` (`id`,`id_oboru`,`student_id`,`login`,`jmeno`,`prijmeni`,`email`) VALUES (4,8,NULL,NULL,NULL,NULL,NULL);
INSERT INTO `studenti` (`id`,`id_oboru`,`student_id`,`login`,`jmeno`,`prijmeni`,`email`) VALUES (5,11,NULL,NULL,NULL,NULL,NULL);
INSERT INTO `studenti` (`id`,`id_oboru`,`student_id`,`login`,`jmeno`,`prijmeni`,`email`) VALUES (6,12,NULL,NULL,NULL,NULL,NULL);
INSERT INTO `studenti` (`id`,`id_oboru`,`student_id`,`login`,`jmeno`,`prijmeni`,`email`) VALUES (7,15,NULL,NULL,NULL,NULL,NULL);
INSERT INTO `studenti` (`id`,`id_oboru`,`student_id`,`login`,`jmeno`,`prijmeni`,`email`) VALUES (8,16,NULL,NULL,NULL,NULL,NULL);
INSERT INTO `studenti` (`id`,`id_oboru`,`student_id`,`login`,`jmeno`,`prijmeni`,`email`) VALUES (9,19,NULL,NULL,NULL,NULL,NULL);
INSERT INTO `studenti` (`id`,`id_oboru`,`student_id`,`login`,`jmeno`,`prijmeni`,`email`) VALUES (10,20,NULL,NULL,NULL,NULL,NULL);
INSERT INTO `studenti` (`id`,`id_oboru`,`student_id`,`login`,`jmeno`,`prijmeni`,`email`) VALUES (11,23,NULL,NULL,NULL,NULL,NULL);
INSERT INTO `studenti` (`id`,`id_oboru`,`student_id`,`login`,`jmeno`,`prijmeni`,`email`) VALUES (12,24,NULL,NULL,NULL,NULL,NULL);
INSERT INTO `studenti` (`id`,`id_oboru`,`student_id`,`login`,`jmeno`,`prijmeni`,`email`) VALUES (13,27,NULL,NULL,NULL,NULL,NULL);
INSERT INTO `studenti` (`id`,`id_oboru`,`student_id`,`login`,`jmeno`,`prijmeni`,`email`) VALUES (14,28,NULL,NULL,NULL,NULL,NULL);
INSERT INTO `studenti` (`id`,`id_oboru`,`student_id`,`login`,`jmeno`,`prijmeni`,`email`) VALUES (15,31,NULL,NULL,NULL,NULL,NULL);
INSERT INTO `studenti` (`id`,`id_oboru`,`student_id`,`login`,`jmeno`,`prijmeni`,`email`) VALUES (16,32,NULL,NULL,NULL,NULL,NULL);
INSERT INTO `studenti` (`id`,`id_oboru`,`student_id`,`login`,`jmeno`,`prijmeni`,`email`) VALUES (17,35,NULL,NULL,NULL,NULL,NULL);
INSERT INTO `studenti` (`id`,`id_oboru`,`student_id`,`login`,`jmeno`,`prijmeni`,`email`) VALUES (18,36,NULL,NULL,NULL,NULL,NULL);
INSERT INTO `studenti` (`id`,`id_oboru`,`student_id`,`login`,`jmeno`,`prijmeni`,`email`) VALUES (19,3,NULL,NULL,NULL,NULL,NULL);
INSERT INTO `studenti` (`id`,`id_oboru`,`student_id`,`login`,`jmeno`,`prijmeni`,`email`) VALUES (20,4,NULL,NULL,NULL,NULL,NULL);
INSERT INTO `studenti` (`id`,`id_oboru`,`student_id`,`login`,`jmeno`,`prijmeni`,`email`) VALUES (21,7,NULL,NULL,NULL,NULL,NULL);
INSERT INTO `studenti` (`id`,`id_oboru`,`student_id`,`login`,`jmeno`,`prijmeni`,`email`) VALUES (22,8,NULL,NULL,NULL,NULL,NULL);
INSERT INTO `studenti` (`id`,`id_oboru`,`student_id`,`login`,`jmeno`,`prijmeni`,`email`) VALUES (23,11,NULL,NULL,NULL,NULL,NULL);
INSERT INTO `studenti` (`id`,`id_oboru`,`student_id`,`login`,`jmeno`,`prijmeni`,`email`) VALUES (24,12,NULL,NULL,NULL,NULL,NULL);
INSERT INTO `studenti` (`id`,`id_oboru`,`student_id`,`login`,`jmeno`,`prijmeni`,`email`) VALUES (25,15,NULL,NULL,NULL,NULL,NULL);
INSERT INTO `studenti` (`id`,`id_oboru`,`student_id`,`login`,`jmeno`,`prijmeni`,`email`) VALUES (26,16,NULL,NULL,NULL,NULL,NULL);
INSERT INTO `studenti` (`id`,`id_oboru`,`student_id`,`login`,`jmeno`,`prijmeni`,`email`) VALUES (27,19,NULL,NULL,NULL,NULL,NULL);
INSERT INTO `studenti` (`id`,`id_oboru`,`student_id`,`login`,`jmeno`,`prijmeni`,`email`) VALUES (28,20,NULL,NULL,NULL,NULL,NULL);
INSERT INTO `studenti` (`id`,`id_oboru`,`student_id`,`login`,`jmeno`,`prijmeni`,`email`) VALUES (29,23,NULL,NULL,NULL,NULL,NULL);
INSERT INTO `studenti` (`id`,`id_oboru`,`student_id`,`login`,`jmeno`,`prijmeni`,`email`) VALUES (30,24,NULL,NULL,NULL,NULL,NULL);
INSERT INTO `studenti` (`id`,`id_oboru`,`student_id`,`login`,`jmeno`,`prijmeni`,`email`) VALUES (31,27,NULL,NULL,NULL,NULL,NULL);
INSERT INTO `studenti` (`id`,`id_oboru`,`student_id`,`login`,`jmeno`,`prijmeni`,`email`) VALUES (32,28,NULL,NULL,NULL,NULL,NULL);
INSERT INTO `studenti` (`id`,`id_oboru`,`student_id`,`login`,`jmeno`,`prijmeni`,`email`) VALUES (33,31,NULL,NULL,NULL,NULL,NULL);
INSERT INTO `studenti` (`id`,`id_oboru`,`student_id`,`login`,`jmeno`,`prijmeni`,`email`) VALUES (34,32,NULL,NULL,NULL,NULL,NULL);
INSERT INTO `studenti` (`id`,`id_oboru`,`student_id`,`login`,`jmeno`,`prijmeni`,`email`) VALUES (35,35,NULL,NULL,NULL,NULL,NULL);
INSERT INTO `studenti` (`id`,`id_oboru`,`student_id`,`login`,`jmeno`,`prijmeni`,`email`) VALUES (36,36,NULL,NULL,NULL,NULL,NULL);
INSERT INTO `studenti` (`id`,`id_oboru`,`student_id`,`login`,`jmeno`,`prijmeni`,`email`) VALUES (37,3,NULL,NULL,NULL,NULL,NULL);
INSERT INTO `studenti` (`id`,`id_oboru`,`student_id`,`login`,`jmeno`,`prijmeni`,`email`) VALUES (38,4,NULL,NULL,NULL,NULL,NULL);
INSERT INTO `studenti` (`id`,`id_oboru`,`student_id`,`login`,`jmeno`,`prijmeni`,`email`) VALUES (39,7,NULL,NULL,NULL,NULL,NULL);
INSERT INTO `studenti` (`id`,`id_oboru`,`student_id`,`login`,`jmeno`,`prijmeni`,`email`) VALUES (40,8,NULL,NULL,NULL,NULL,NULL);
INSERT INTO `studenti` (`id`,`id_oboru`,`student_id`,`login`,`jmeno`,`prijmeni`,`email`) VALUES (41,11,NULL,NULL,NULL,NULL,NULL);
INSERT INTO `studenti` (`id`,`id_oboru`,`student_id`,`login`,`jmeno`,`prijmeni`,`email`) VALUES (42,12,NULL,NULL,NULL,NULL,NULL);
INSERT INTO `studenti` (`id`,`id_oboru`,`student_id`,`login`,`jmeno`,`prijmeni`,`email`) VALUES (43,15,NULL,NULL,NULL,NULL,NULL);
INSERT INTO `studenti` (`id`,`id_oboru`,`student_id`,`login`,`jmeno`,`prijmeni`,`email`) VALUES (44,16,NULL,NULL,NULL,NULL,NULL);
INSERT INTO `studenti` (`id`,`id_oboru`,`student_id`,`login`,`jmeno`,`prijmeni`,`email`) VALUES (45,19,NULL,NULL,NULL,NULL,NULL);
INSERT INTO `studenti` (`id`,`id_oboru`,`student_id`,`login`,`jmeno`,`prijmeni`,`email`) VALUES (46,20,NULL,NULL,NULL,NULL,NULL);
INSERT INTO `studenti` (`id`,`id_oboru`,`student_id`,`login`,`jmeno`,`prijmeni`,`email`) VALUES (47,23,NULL,NULL,NULL,NULL,NULL);
INSERT INTO `studenti` (`id`,`id_oboru`,`student_id`,`login`,`jmeno`,`prijmeni`,`email`) VALUES (48,24,NULL,NULL,NULL,NULL,NULL);
INSERT INTO `studenti` (`id`,`id_oboru`,`student_id`,`login`,`jmeno`,`prijmeni`,`email`) VALUES (49,27,NULL,NULL,NULL,NULL,NULL);
INSERT INTO `studenti` (`id`,`id_oboru`,`student_id`,`login`,`jmeno`,`prijmeni`,`email`) VALUES (50,28,NULL,NULL,NULL,NULL,NULL);
INSERT INTO `studenti` (`id`,`id_oboru`,`student_id`,`login`,`jmeno`,`prijmeni`,`email`) VALUES (51,31,NULL,NULL,NULL,NULL,NULL);
INSERT INTO `studenti` (`id`,`id_oboru`,`student_id`,`login`,`jmeno`,`prijmeni`,`email`) VALUES (52,32,NULL,NULL,NULL,NULL,NULL);
INSERT INTO `studenti` (`id`,`id_oboru`,`student_id`,`login`,`jmeno`,`prijmeni`,`email`) VALUES (53,35,NULL,NULL,NULL,NULL,NULL);
INSERT INTO `studenti` (`id`,`id_oboru`,`student_id`,`login`,`jmeno`,`prijmeni`,`email`) VALUES (54,36,NULL,NULL,NULL,NULL,NULL);

/*
-- Query: SELECT * FROM planovanirozvrhu.majiregistrovane
LIMIT 0, 1000

-- Date: 2017-12-30 21:47
*/
DELETE FROM majiregistrovane where id > 0;
INSERT INTO `majiregistrovane` (`id`,`id_studenta`,`id_predmetu`) VALUES (1,1,1);
INSERT INTO `majiregistrovane` (`id`,`id_studenta`,`id_predmetu`) VALUES (2,1,2);
INSERT INTO `majiregistrovane` (`id`,`id_studenta`,`id_predmetu`) VALUES (3,1,4);
INSERT INTO `majiregistrovane` (`id`,`id_studenta`,`id_predmetu`) VALUES (4,1,42);
INSERT INTO `majiregistrovane` (`id`,`id_studenta`,`id_predmetu`) VALUES (5,1,15);
INSERT INTO `majiregistrovane` (`id`,`id_studenta`,`id_predmetu`) VALUES (6,1,101);
INSERT INTO `majiregistrovane` (`id`,`id_studenta`,`id_predmetu`) VALUES (7,2,1);
INSERT INTO `majiregistrovane` (`id`,`id_studenta`,`id_predmetu`) VALUES (8,2,2);
INSERT INTO `majiregistrovane` (`id`,`id_studenta`,`id_predmetu`) VALUES (9,2,29);
INSERT INTO `majiregistrovane` (`id`,`id_studenta`,`id_predmetu`) VALUES (10,2,37);
INSERT INTO `majiregistrovane` (`id`,`id_studenta`,`id_predmetu`) VALUES (11,2,78);
INSERT INTO `majiregistrovane` (`id`,`id_studenta`,`id_predmetu`) VALUES (12,3,1);
INSERT INTO `majiregistrovane` (`id`,`id_studenta`,`id_predmetu`) VALUES (13,3,2);
INSERT INTO `majiregistrovane` (`id`,`id_studenta`,`id_predmetu`) VALUES (14,3,17);
INSERT INTO `majiregistrovane` (`id`,`id_studenta`,`id_predmetu`) VALUES (15,3,50);
INSERT INTO `majiregistrovane` (`id`,`id_studenta`,`id_predmetu`) VALUES (16,3,45);
INSERT INTO `majiregistrovane` (`id`,`id_studenta`,`id_predmetu`) VALUES (17,3,42);
INSERT INTO `majiregistrovane` (`id`,`id_studenta`,`id_predmetu`) VALUES (18,3,37);
INSERT INTO `majiregistrovane` (`id`,`id_studenta`,`id_predmetu`) VALUES (19,4,1);
INSERT INTO `majiregistrovane` (`id`,`id_studenta`,`id_predmetu`) VALUES (20,4,2);
INSERT INTO `majiregistrovane` (`id`,`id_studenta`,`id_predmetu`) VALUES (21,4,4);
INSERT INTO `majiregistrovane` (`id`,`id_studenta`,`id_predmetu`) VALUES (22,4,42);
INSERT INTO `majiregistrovane` (`id`,`id_studenta`,`id_predmetu`) VALUES (23,4,15);
INSERT INTO `majiregistrovane` (`id`,`id_studenta`,`id_predmetu`) VALUES (24,4,29);
INSERT INTO `majiregistrovane` (`id`,`id_studenta`,`id_predmetu`) VALUES (25,4,37);
INSERT INTO `majiregistrovane` (`id`,`id_studenta`,`id_predmetu`) VALUES (26,5,2);
INSERT INTO `majiregistrovane` (`id`,`id_studenta`,`id_predmetu`) VALUES (27,5,4);
INSERT INTO `majiregistrovane` (`id`,`id_studenta`,`id_predmetu`) VALUES (28,5,15);
INSERT INTO `majiregistrovane` (`id`,`id_studenta`,`id_predmetu`) VALUES (29,5,29);
INSERT INTO `majiregistrovane` (`id`,`id_studenta`,`id_predmetu`) VALUES (30,5,37);
INSERT INTO `majiregistrovane` (`id`,`id_studenta`,`id_predmetu`) VALUES (31,5,50);
INSERT INTO `majiregistrovane` (`id`,`id_studenta`,`id_predmetu`) VALUES (32,5,17);
INSERT INTO `majiregistrovane` (`id`,`id_studenta`,`id_predmetu`) VALUES (33,6,1);
INSERT INTO `majiregistrovane` (`id`,`id_studenta`,`id_predmetu`) VALUES (34,6,2);
INSERT INTO `majiregistrovane` (`id`,`id_studenta`,`id_predmetu`) VALUES (35,6,4);
INSERT INTO `majiregistrovane` (`id`,`id_studenta`,`id_predmetu`) VALUES (36,6,42);
INSERT INTO `majiregistrovane` (`id`,`id_studenta`,`id_predmetu`) VALUES (37,6,37);
INSERT INTO `majiregistrovane` (`id`,`id_studenta`,`id_predmetu`) VALUES (38,6,45);
INSERT INTO `majiregistrovane` (`id`,`id_studenta`,`id_predmetu`) VALUES (39,6,50);
INSERT INTO `majiregistrovane` (`id`,`id_studenta`,`id_predmetu`) VALUES (40,7,1);
INSERT INTO `majiregistrovane` (`id`,`id_studenta`,`id_predmetu`) VALUES (41,7,2);
INSERT INTO `majiregistrovane` (`id`,`id_studenta`,`id_predmetu`) VALUES (42,7,4);
INSERT INTO `majiregistrovane` (`id`,`id_studenta`,`id_predmetu`) VALUES (43,7,37);
INSERT INTO `majiregistrovane` (`id`,`id_studenta`,`id_predmetu`) VALUES (44,7,45);
INSERT INTO `majiregistrovane` (`id`,`id_studenta`,`id_predmetu`) VALUES (45,7,50);
INSERT INTO `majiregistrovane` (`id`,`id_studenta`,`id_predmetu`) VALUES (46,7,17);
INSERT INTO `majiregistrovane` (`id`,`id_studenta`,`id_predmetu`) VALUES (47,7,78);
INSERT INTO `majiregistrovane` (`id`,`id_studenta`,`id_predmetu`) VALUES (48,8,1);
INSERT INTO `majiregistrovane` (`id`,`id_studenta`,`id_predmetu`) VALUES (49,8,2);
INSERT INTO `majiregistrovane` (`id`,`id_studenta`,`id_predmetu`) VALUES (50,8,4);
INSERT INTO `majiregistrovane` (`id`,`id_studenta`,`id_predmetu`) VALUES (51,8,42);
INSERT INTO `majiregistrovane` (`id`,`id_studenta`,`id_predmetu`) VALUES (52,8,15);
INSERT INTO `majiregistrovane` (`id`,`id_studenta`,`id_predmetu`) VALUES (53,8,29);
INSERT INTO `majiregistrovane` (`id`,`id_studenta`,`id_predmetu`) VALUES (54,8,37);
INSERT INTO `majiregistrovane` (`id`,`id_studenta`,`id_predmetu`) VALUES (55,9,1);
INSERT INTO `majiregistrovane` (`id`,`id_studenta`,`id_predmetu`) VALUES (56,9,2);
INSERT INTO `majiregistrovane` (`id`,`id_studenta`,`id_predmetu`) VALUES (57,9,15);
INSERT INTO `majiregistrovane` (`id`,`id_studenta`,`id_predmetu`) VALUES (58,9,37);
INSERT INTO `majiregistrovane` (`id`,`id_studenta`,`id_predmetu`) VALUES (59,9,50);
INSERT INTO `majiregistrovane` (`id`,`id_studenta`,`id_predmetu`) VALUES (60,9,78);
INSERT INTO `majiregistrovane` (`id`,`id_studenta`,`id_predmetu`) VALUES (61,10,1);
INSERT INTO `majiregistrovane` (`id`,`id_studenta`,`id_predmetu`) VALUES (62,10,42);
INSERT INTO `majiregistrovane` (`id`,`id_studenta`,`id_predmetu`) VALUES (63,10,15);
INSERT INTO `majiregistrovane` (`id`,`id_studenta`,`id_predmetu`) VALUES (64,10,29);
INSERT INTO `majiregistrovane` (`id`,`id_studenta`,`id_predmetu`) VALUES (65,10,37);
INSERT INTO `majiregistrovane` (`id`,`id_studenta`,`id_predmetu`) VALUES (66,11,1);
INSERT INTO `majiregistrovane` (`id`,`id_studenta`,`id_predmetu`) VALUES (67,11,2);
INSERT INTO `majiregistrovane` (`id`,`id_studenta`,`id_predmetu`) VALUES (68,11,4);
INSERT INTO `majiregistrovane` (`id`,`id_studenta`,`id_predmetu`) VALUES (69,11,15);
INSERT INTO `majiregistrovane` (`id`,`id_studenta`,`id_predmetu`) VALUES (70,11,45);
INSERT INTO `majiregistrovane` (`id`,`id_studenta`,`id_predmetu`) VALUES (71,11,50);
INSERT INTO `majiregistrovane` (`id`,`id_studenta`,`id_predmetu`) VALUES (72,12,1);
INSERT INTO `majiregistrovane` (`id`,`id_studenta`,`id_predmetu`) VALUES (73,12,2);
INSERT INTO `majiregistrovane` (`id`,`id_studenta`,`id_predmetu`) VALUES (74,12,4);
INSERT INTO `majiregistrovane` (`id`,`id_studenta`,`id_predmetu`) VALUES (75,12,29);
INSERT INTO `majiregistrovane` (`id`,`id_studenta`,`id_predmetu`) VALUES (76,12,37);
INSERT INTO `majiregistrovane` (`id`,`id_studenta`,`id_predmetu`) VALUES (77,12,17);
INSERT INTO `majiregistrovane` (`id`,`id_studenta`,`id_predmetu`) VALUES (78,12,10);
INSERT INTO `majiregistrovane` (`id`,`id_studenta`,`id_predmetu`) VALUES (79,13,42);
INSERT INTO `majiregistrovane` (`id`,`id_studenta`,`id_predmetu`) VALUES (80,13,15);
INSERT INTO `majiregistrovane` (`id`,`id_studenta`,`id_predmetu`) VALUES (81,13,29);
INSERT INTO `majiregistrovane` (`id`,`id_studenta`,`id_predmetu`) VALUES (82,13,37);
INSERT INTO `majiregistrovane` (`id`,`id_studenta`,`id_predmetu`) VALUES (83,13,45);
INSERT INTO `majiregistrovane` (`id`,`id_studenta`,`id_predmetu`) VALUES (84,13,50);
INSERT INTO `majiregistrovane` (`id`,`id_studenta`,`id_predmetu`) VALUES (85,13,17);
INSERT INTO `majiregistrovane` (`id`,`id_studenta`,`id_predmetu`) VALUES (86,14,1);
INSERT INTO `majiregistrovane` (`id`,`id_studenta`,`id_predmetu`) VALUES (87,14,2);
INSERT INTO `majiregistrovane` (`id`,`id_studenta`,`id_predmetu`) VALUES (88,14,4);
INSERT INTO `majiregistrovane` (`id`,`id_studenta`,`id_predmetu`) VALUES (89,14,42);
INSERT INTO `majiregistrovane` (`id`,`id_studenta`,`id_predmetu`) VALUES (90,15,1);
INSERT INTO `majiregistrovane` (`id`,`id_studenta`,`id_predmetu`) VALUES (91,15,2);
INSERT INTO `majiregistrovane` (`id`,`id_studenta`,`id_predmetu`) VALUES (92,15,4);
INSERT INTO `majiregistrovane` (`id`,`id_studenta`,`id_predmetu`) VALUES (93,15,29);
INSERT INTO `majiregistrovane` (`id`,`id_studenta`,`id_predmetu`) VALUES (94,15,37);
INSERT INTO `majiregistrovane` (`id`,`id_studenta`,`id_predmetu`) VALUES (95,16,45);
INSERT INTO `majiregistrovane` (`id`,`id_studenta`,`id_predmetu`) VALUES (96,16,78);
INSERT INTO `majiregistrovane` (`id`,`id_studenta`,`id_predmetu`) VALUES (97,16,50);
INSERT INTO `majiregistrovane` (`id`,`id_studenta`,`id_predmetu`) VALUES (98,16,17);
INSERT INTO `majiregistrovane` (`id`,`id_studenta`,`id_predmetu`) VALUES (99,17,1);
INSERT INTO `majiregistrovane` (`id`,`id_studenta`,`id_predmetu`) VALUES (100,17,2);
INSERT INTO `majiregistrovane` (`id`,`id_studenta`,`id_predmetu`) VALUES (101,17,4);
INSERT INTO `majiregistrovane` (`id`,`id_studenta`,`id_predmetu`) VALUES (102,17,42);
INSERT INTO `majiregistrovane` (`id`,`id_studenta`,`id_predmetu`) VALUES (103,17,15);
INSERT INTO `majiregistrovane` (`id`,`id_studenta`,`id_predmetu`) VALUES (104,17,29);
INSERT INTO `majiregistrovane` (`id`,`id_studenta`,`id_predmetu`) VALUES (105,17,78);
INSERT INTO `majiregistrovane` (`id`,`id_studenta`,`id_predmetu`) VALUES (106,18,29);
INSERT INTO `majiregistrovane` (`id`,`id_studenta`,`id_predmetu`) VALUES (107,18,45);
INSERT INTO `majiregistrovane` (`id`,`id_studenta`,`id_predmetu`) VALUES (108,18,50);
INSERT INTO `majiregistrovane` (`id`,`id_studenta`,`id_predmetu`) VALUES (109,18,17);
INSERT INTO `majiregistrovane` (`id`,`id_studenta`,`id_predmetu`) VALUES (110,19,1);
INSERT INTO `majiregistrovane` (`id`,`id_studenta`,`id_predmetu`) VALUES (111,19,2);
INSERT INTO `majiregistrovane` (`id`,`id_studenta`,`id_predmetu`) VALUES (112,19,4);
INSERT INTO `majiregistrovane` (`id`,`id_studenta`,`id_predmetu`) VALUES (113,19,42);
INSERT INTO `majiregistrovane` (`id`,`id_studenta`,`id_predmetu`) VALUES (114,19,17);
INSERT INTO `majiregistrovane` (`id`,`id_studenta`,`id_predmetu`) VALUES (115,19,78);
INSERT INTO `majiregistrovane` (`id`,`id_studenta`,`id_predmetu`) VALUES (116,20,1);
INSERT INTO `majiregistrovane` (`id`,`id_studenta`,`id_predmetu`) VALUES (117,20,2);
INSERT INTO `majiregistrovane` (`id`,`id_studenta`,`id_predmetu`) VALUES (118,20,37);
INSERT INTO `majiregistrovane` (`id`,`id_studenta`,`id_predmetu`) VALUES (119,20,45);
INSERT INTO `majiregistrovane` (`id`,`id_studenta`,`id_predmetu`) VALUES (120,20,17);
INSERT INTO `majiregistrovane` (`id`,`id_studenta`,`id_predmetu`) VALUES (121,20,78);
INSERT INTO `majiregistrovane` (`id`,`id_studenta`,`id_predmetu`) VALUES (122,21,1);
INSERT INTO `majiregistrovane` (`id`,`id_studenta`,`id_predmetu`) VALUES (123,21,2);
INSERT INTO `majiregistrovane` (`id`,`id_studenta`,`id_predmetu`) VALUES (124,21,4);
INSERT INTO `majiregistrovane` (`id`,`id_studenta`,`id_predmetu`) VALUES (125,21,29);
INSERT INTO `majiregistrovane` (`id`,`id_studenta`,`id_predmetu`) VALUES (126,21,45);
INSERT INTO `majiregistrovane` (`id`,`id_studenta`,`id_predmetu`) VALUES (127,22,2);
INSERT INTO `majiregistrovane` (`id`,`id_studenta`,`id_predmetu`) VALUES (128,22,4);
INSERT INTO `majiregistrovane` (`id`,`id_studenta`,`id_predmetu`) VALUES (129,22,42);
INSERT INTO `majiregistrovane` (`id`,`id_studenta`,`id_predmetu`) VALUES (130,22,29);
INSERT INTO `majiregistrovane` (`id`,`id_studenta`,`id_predmetu`) VALUES (131,22,45);
INSERT INTO `majiregistrovane` (`id`,`id_studenta`,`id_predmetu`) VALUES (132,22,50);
INSERT INTO `majiregistrovane` (`id`,`id_studenta`,`id_predmetu`) VALUES (133,22,17);
INSERT INTO `majiregistrovane` (`id`,`id_studenta`,`id_predmetu`) VALUES (134,22,78);
INSERT INTO `majiregistrovane` (`id`,`id_studenta`,`id_predmetu`) VALUES (135,23,1);
INSERT INTO `majiregistrovane` (`id`,`id_studenta`,`id_predmetu`) VALUES (136,24,2);
INSERT INTO `majiregistrovane` (`id`,`id_studenta`,`id_predmetu`) VALUES (137,24,4);
INSERT INTO `majiregistrovane` (`id`,`id_studenta`,`id_predmetu`) VALUES (138,24,45);
INSERT INTO `majiregistrovane` (`id`,`id_studenta`,`id_predmetu`) VALUES (139,24,50);
INSERT INTO `majiregistrovane` (`id`,`id_studenta`,`id_predmetu`) VALUES (140,24,17);
INSERT INTO `majiregistrovane` (`id`,`id_studenta`,`id_predmetu`) VALUES (141,24,78);
INSERT INTO `majiregistrovane` (`id`,`id_studenta`,`id_predmetu`) VALUES (142,25,2);
INSERT INTO `majiregistrovane` (`id`,`id_studenta`,`id_predmetu`) VALUES (143,25,4);
INSERT INTO `majiregistrovane` (`id`,`id_studenta`,`id_predmetu`) VALUES (144,25,15);
INSERT INTO `majiregistrovane` (`id`,`id_studenta`,`id_predmetu`) VALUES (145,25,37);
INSERT INTO `majiregistrovane` (`id`,`id_studenta`,`id_predmetu`) VALUES (146,25,50);
INSERT INTO `majiregistrovane` (`id`,`id_studenta`,`id_predmetu`) VALUES (147,26,1);
INSERT INTO `majiregistrovane` (`id`,`id_studenta`,`id_predmetu`) VALUES (148,26,2);
INSERT INTO `majiregistrovane` (`id`,`id_studenta`,`id_predmetu`) VALUES (149,26,4);
INSERT INTO `majiregistrovane` (`id`,`id_studenta`,`id_predmetu`) VALUES (150,26,42);
INSERT INTO `majiregistrovane` (`id`,`id_studenta`,`id_predmetu`) VALUES (151,26,29);
INSERT INTO `majiregistrovane` (`id`,`id_studenta`,`id_predmetu`) VALUES (152,26,37);
INSERT INTO `majiregistrovane` (`id`,`id_studenta`,`id_predmetu`) VALUES (153,27,1);
INSERT INTO `majiregistrovane` (`id`,`id_studenta`,`id_predmetu`) VALUES (154,27,2);
INSERT INTO `majiregistrovane` (`id`,`id_studenta`,`id_predmetu`) VALUES (155,27,4);
INSERT INTO `majiregistrovane` (`id`,`id_studenta`,`id_predmetu`) VALUES (156,27,37);
INSERT INTO `majiregistrovane` (`id`,`id_studenta`,`id_predmetu`) VALUES (157,27,45);
INSERT INTO `majiregistrovane` (`id`,`id_studenta`,`id_predmetu`) VALUES (158,27,50);
INSERT INTO `majiregistrovane` (`id`,`id_studenta`,`id_predmetu`) VALUES (159,28,1);
INSERT INTO `majiregistrovane` (`id`,`id_studenta`,`id_predmetu`) VALUES (160,28,2);
INSERT INTO `majiregistrovane` (`id`,`id_studenta`,`id_predmetu`) VALUES (161,28,4);
INSERT INTO `majiregistrovane` (`id`,`id_studenta`,`id_predmetu`) VALUES (162,28,15);
INSERT INTO `majiregistrovane` (`id`,`id_studenta`,`id_predmetu`) VALUES (163,28,29);
INSERT INTO `majiregistrovane` (`id`,`id_studenta`,`id_predmetu`) VALUES (164,28,45);
INSERT INTO `majiregistrovane` (`id`,`id_studenta`,`id_predmetu`) VALUES (165,29,1);
INSERT INTO `majiregistrovane` (`id`,`id_studenta`,`id_predmetu`) VALUES (166,29,29);
INSERT INTO `majiregistrovane` (`id`,`id_studenta`,`id_predmetu`) VALUES (167,29,45);
INSERT INTO `majiregistrovane` (`id`,`id_studenta`,`id_predmetu`) VALUES (168,29,17);
INSERT INTO `majiregistrovane` (`id`,`id_studenta`,`id_predmetu`) VALUES (169,29,78);
INSERT INTO `majiregistrovane` (`id`,`id_studenta`,`id_predmetu`) VALUES (170,30,1);
INSERT INTO `majiregistrovane` (`id`,`id_studenta`,`id_predmetu`) VALUES (171,30,2);
INSERT INTO `majiregistrovane` (`id`,`id_studenta`,`id_predmetu`) VALUES (172,30,42);
INSERT INTO `majiregistrovane` (`id`,`id_studenta`,`id_predmetu`) VALUES (173,30,15);
INSERT INTO `majiregistrovane` (`id`,`id_studenta`,`id_predmetu`) VALUES (174,30,29);
INSERT INTO `majiregistrovane` (`id`,`id_studenta`,`id_predmetu`) VALUES (175,30,37);
INSERT INTO `majiregistrovane` (`id`,`id_studenta`,`id_predmetu`) VALUES (176,31,2);
INSERT INTO `majiregistrovane` (`id`,`id_studenta`,`id_predmetu`) VALUES (177,31,4);
INSERT INTO `majiregistrovane` (`id`,`id_studenta`,`id_predmetu`) VALUES (178,31,29);
INSERT INTO `majiregistrovane` (`id`,`id_studenta`,`id_predmetu`) VALUES (179,31,50);
INSERT INTO `majiregistrovane` (`id`,`id_studenta`,`id_predmetu`) VALUES (180,31,37);
INSERT INTO `majiregistrovane` (`id`,`id_studenta`,`id_predmetu`) VALUES (181,31,78);
INSERT INTO `majiregistrovane` (`id`,`id_studenta`,`id_predmetu`) VALUES (182,31,42);
INSERT INTO `majiregistrovane` (`id`,`id_studenta`,`id_predmetu`) VALUES (183,32,15);
INSERT INTO `majiregistrovane` (`id`,`id_studenta`,`id_predmetu`) VALUES (184,32,29);
INSERT INTO `majiregistrovane` (`id`,`id_studenta`,`id_predmetu`) VALUES (185,32,37);
INSERT INTO `majiregistrovane` (`id`,`id_studenta`,`id_predmetu`) VALUES (186,32,45);
INSERT INTO `majiregistrovane` (`id`,`id_studenta`,`id_predmetu`) VALUES (187,33,1);
INSERT INTO `majiregistrovane` (`id`,`id_studenta`,`id_predmetu`) VALUES (188,34,2);
INSERT INTO `majiregistrovane` (`id`,`id_studenta`,`id_predmetu`) VALUES (189,35,1);
INSERT INTO `majiregistrovane` (`id`,`id_studenta`,`id_predmetu`) VALUES (190,35,2);
INSERT INTO `majiregistrovane` (`id`,`id_studenta`,`id_predmetu`) VALUES (191,35,4);
INSERT INTO `majiregistrovane` (`id`,`id_studenta`,`id_predmetu`) VALUES (192,35,42);
INSERT INTO `majiregistrovane` (`id`,`id_studenta`,`id_predmetu`) VALUES (193,35,15);
INSERT INTO `majiregistrovane` (`id`,`id_studenta`,`id_predmetu`) VALUES (194,35,37);
INSERT INTO `majiregistrovane` (`id`,`id_studenta`,`id_predmetu`) VALUES (195,35,50);
INSERT INTO `majiregistrovane` (`id`,`id_studenta`,`id_predmetu`) VALUES (196,35,17);
INSERT INTO `majiregistrovane` (`id`,`id_studenta`,`id_predmetu`) VALUES (197,35,78);
INSERT INTO `majiregistrovane` (`id`,`id_studenta`,`id_predmetu`) VALUES (198,36,2);
INSERT INTO `majiregistrovane` (`id`,`id_studenta`,`id_predmetu`) VALUES (199,36,4);
INSERT INTO `majiregistrovane` (`id`,`id_studenta`,`id_predmetu`) VALUES (200,36,15);
INSERT INTO `majiregistrovane` (`id`,`id_studenta`,`id_predmetu`) VALUES (201,36,29);
INSERT INTO `majiregistrovane` (`id`,`id_studenta`,`id_predmetu`) VALUES (202,36,37);
INSERT INTO `majiregistrovane` (`id`,`id_studenta`,`id_predmetu`) VALUES (203,36,17);
INSERT INTO `majiregistrovane` (`id`,`id_studenta`,`id_predmetu`) VALUES (204,37,1);
INSERT INTO `majiregistrovane` (`id`,`id_studenta`,`id_predmetu`) VALUES (205,37,2);
INSERT INTO `majiregistrovane` (`id`,`id_studenta`,`id_predmetu`) VALUES (206,37,29);
INSERT INTO `majiregistrovane` (`id`,`id_studenta`,`id_predmetu`) VALUES (207,37,37);
INSERT INTO `majiregistrovane` (`id`,`id_studenta`,`id_predmetu`) VALUES (208,37,50);
INSERT INTO `majiregistrovane` (`id`,`id_studenta`,`id_predmetu`) VALUES (209,37,17);
INSERT INTO `majiregistrovane` (`id`,`id_studenta`,`id_predmetu`) VALUES (210,37,78);
INSERT INTO `majiregistrovane` (`id`,`id_studenta`,`id_predmetu`) VALUES (211,38,1);
INSERT INTO `majiregistrovane` (`id`,`id_studenta`,`id_predmetu`) VALUES (212,38,2);
INSERT INTO `majiregistrovane` (`id`,`id_studenta`,`id_predmetu`) VALUES (213,38,4);
INSERT INTO `majiregistrovane` (`id`,`id_studenta`,`id_predmetu`) VALUES (214,38,15);
INSERT INTO `majiregistrovane` (`id`,`id_studenta`,`id_predmetu`) VALUES (215,38,29);
INSERT INTO `majiregistrovane` (`id`,`id_studenta`,`id_predmetu`) VALUES (216,38,45);
INSERT INTO `majiregistrovane` (`id`,`id_studenta`,`id_predmetu`) VALUES (217,39,1);
INSERT INTO `majiregistrovane` (`id`,`id_studenta`,`id_predmetu`) VALUES (218,39,2);
INSERT INTO `majiregistrovane` (`id`,`id_studenta`,`id_predmetu`) VALUES (219,39,4);
INSERT INTO `majiregistrovane` (`id`,`id_studenta`,`id_predmetu`) VALUES (220,39,15);
INSERT INTO `majiregistrovane` (`id`,`id_studenta`,`id_predmetu`) VALUES (221,39,15);
INSERT INTO `majiregistrovane` (`id`,`id_studenta`,`id_predmetu`) VALUES (222,39,45);
INSERT INTO `majiregistrovane` (`id`,`id_studenta`,`id_predmetu`) VALUES (223,39,50);
INSERT INTO `majiregistrovane` (`id`,`id_studenta`,`id_predmetu`) VALUES (224,40,1);
INSERT INTO `majiregistrovane` (`id`,`id_studenta`,`id_predmetu`) VALUES (225,40,2);
INSERT INTO `majiregistrovane` (`id`,`id_studenta`,`id_predmetu`) VALUES (226,40,4);
INSERT INTO `majiregistrovane` (`id`,`id_studenta`,`id_predmetu`) VALUES (227,40,42);
INSERT INTO `majiregistrovane` (`id`,`id_studenta`,`id_predmetu`) VALUES (228,41,1);
INSERT INTO `majiregistrovane` (`id`,`id_studenta`,`id_predmetu`) VALUES (229,41,2);
INSERT INTO `majiregistrovane` (`id`,`id_studenta`,`id_predmetu`) VALUES (230,41,4);
INSERT INTO `majiregistrovane` (`id`,`id_studenta`,`id_predmetu`) VALUES (231,41,17);
INSERT INTO `majiregistrovane` (`id`,`id_studenta`,`id_predmetu`) VALUES (232,41,78);
INSERT INTO `majiregistrovane` (`id`,`id_studenta`,`id_predmetu`) VALUES (233,42,1);
INSERT INTO `majiregistrovane` (`id`,`id_studenta`,`id_predmetu`) VALUES (234,42,2);
INSERT INTO `majiregistrovane` (`id`,`id_studenta`,`id_predmetu`) VALUES (235,42,4);
INSERT INTO `majiregistrovane` (`id`,`id_studenta`,`id_predmetu`) VALUES (236,42,29);
INSERT INTO `majiregistrovane` (`id`,`id_studenta`,`id_predmetu`) VALUES (237,42,37);
INSERT INTO `majiregistrovane` (`id`,`id_studenta`,`id_predmetu`) VALUES (238,43,1);
INSERT INTO `majiregistrovane` (`id`,`id_studenta`,`id_predmetu`) VALUES (239,43,2);
INSERT INTO `majiregistrovane` (`id`,`id_studenta`,`id_predmetu`) VALUES (240,43,4);
INSERT INTO `majiregistrovane` (`id`,`id_studenta`,`id_predmetu`) VALUES (241,43,37);
INSERT INTO `majiregistrovane` (`id`,`id_studenta`,`id_predmetu`) VALUES (242,43,78);
INSERT INTO `majiregistrovane` (`id`,`id_studenta`,`id_predmetu`) VALUES (243,44,1);
INSERT INTO `majiregistrovane` (`id`,`id_studenta`,`id_predmetu`) VALUES (244,44,2);
INSERT INTO `majiregistrovane` (`id`,`id_studenta`,`id_predmetu`) VALUES (245,44,15);
INSERT INTO `majiregistrovane` (`id`,`id_studenta`,`id_predmetu`) VALUES (246,44,37);
INSERT INTO `majiregistrovane` (`id`,`id_studenta`,`id_predmetu`) VALUES (247,44,50);
INSERT INTO `majiregistrovane` (`id`,`id_studenta`,`id_predmetu`) VALUES (248,45,2);
INSERT INTO `majiregistrovane` (`id`,`id_studenta`,`id_predmetu`) VALUES (249,45,4);
INSERT INTO `majiregistrovane` (`id`,`id_studenta`,`id_predmetu`) VALUES (250,45,15);
INSERT INTO `majiregistrovane` (`id`,`id_studenta`,`id_predmetu`) VALUES (251,45,45);
INSERT INTO `majiregistrovane` (`id`,`id_studenta`,`id_predmetu`) VALUES (252,45,17);
INSERT INTO `majiregistrovane` (`id`,`id_studenta`,`id_predmetu`) VALUES (253,45,78);
INSERT INTO `majiregistrovane` (`id`,`id_studenta`,`id_predmetu`) VALUES (254,46,1);
INSERT INTO `majiregistrovane` (`id`,`id_studenta`,`id_predmetu`) VALUES (255,46,29);
INSERT INTO `majiregistrovane` (`id`,`id_studenta`,`id_predmetu`) VALUES (256,46,45);
INSERT INTO `majiregistrovane` (`id`,`id_studenta`,`id_predmetu`) VALUES (257,46,17);
INSERT INTO `majiregistrovane` (`id`,`id_studenta`,`id_predmetu`) VALUES (258,46,78);
INSERT INTO `majiregistrovane` (`id`,`id_studenta`,`id_predmetu`) VALUES (259,47,1);
INSERT INTO `majiregistrovane` (`id`,`id_studenta`,`id_predmetu`) VALUES (260,47,2);
INSERT INTO `majiregistrovane` (`id`,`id_studenta`,`id_predmetu`) VALUES (261,47,42);
INSERT INTO `majiregistrovane` (`id`,`id_studenta`,`id_predmetu`) VALUES (262,47,29);
INSERT INTO `majiregistrovane` (`id`,`id_studenta`,`id_predmetu`) VALUES (263,48,1);
INSERT INTO `majiregistrovane` (`id`,`id_studenta`,`id_predmetu`) VALUES (264,48,2);
INSERT INTO `majiregistrovane` (`id`,`id_studenta`,`id_predmetu`) VALUES (265,48,4);
INSERT INTO `majiregistrovane` (`id`,`id_studenta`,`id_predmetu`) VALUES (266,48,29);
INSERT INTO `majiregistrovane` (`id`,`id_studenta`,`id_predmetu`) VALUES (267,48,37);
INSERT INTO `majiregistrovane` (`id`,`id_studenta`,`id_predmetu`) VALUES (268,49,1);
INSERT INTO `majiregistrovane` (`id`,`id_studenta`,`id_predmetu`) VALUES (269,49,15);
INSERT INTO `majiregistrovane` (`id`,`id_studenta`,`id_predmetu`) VALUES (270,49,37);
INSERT INTO `majiregistrovane` (`id`,`id_studenta`,`id_predmetu`) VALUES (271,49,50);
INSERT INTO `majiregistrovane` (`id`,`id_studenta`,`id_predmetu`) VALUES (272,49,17);
INSERT INTO `majiregistrovane` (`id`,`id_studenta`,`id_predmetu`) VALUES (273,50,1);
INSERT INTO `majiregistrovane` (`id`,`id_studenta`,`id_predmetu`) VALUES (274,50,2);
INSERT INTO `majiregistrovane` (`id`,`id_studenta`,`id_predmetu`) VALUES (275,50,37);
INSERT INTO `majiregistrovane` (`id`,`id_studenta`,`id_predmetu`) VALUES (276,50,50);
INSERT INTO `majiregistrovane` (`id`,`id_studenta`,`id_predmetu`) VALUES (277,50,17);
INSERT INTO `majiregistrovane` (`id`,`id_studenta`,`id_predmetu`) VALUES (278,51,1);
INSERT INTO `majiregistrovane` (`id`,`id_studenta`,`id_predmetu`) VALUES (279,51,2);
INSERT INTO `majiregistrovane` (`id`,`id_studenta`,`id_predmetu`) VALUES (280,51,15);
INSERT INTO `majiregistrovane` (`id`,`id_studenta`,`id_predmetu`) VALUES (281,51,37);
INSERT INTO `majiregistrovane` (`id`,`id_studenta`,`id_predmetu`) VALUES (282,51,45);
INSERT INTO `majiregistrovane` (`id`,`id_studenta`,`id_predmetu`) VALUES (283,51,78);
INSERT INTO `majiregistrovane` (`id`,`id_studenta`,`id_predmetu`) VALUES (284,52,2);
INSERT INTO `majiregistrovane` (`id`,`id_studenta`,`id_predmetu`) VALUES (285,52,4);
INSERT INTO `majiregistrovane` (`id`,`id_studenta`,`id_predmetu`) VALUES (286,52,29);
INSERT INTO `majiregistrovane` (`id`,`id_studenta`,`id_predmetu`) VALUES (287,52,45);
INSERT INTO `majiregistrovane` (`id`,`id_studenta`,`id_predmetu`) VALUES (288,52,17);
INSERT INTO `majiregistrovane` (`id`,`id_studenta`,`id_predmetu`) VALUES (289,53,1);
INSERT INTO `majiregistrovane` (`id`,`id_studenta`,`id_predmetu`) VALUES (290,53,2);
INSERT INTO `majiregistrovane` (`id`,`id_studenta`,`id_predmetu`) VALUES (291,53,4);
INSERT INTO `majiregistrovane` (`id`,`id_studenta`,`id_predmetu`) VALUES (292,53,50);
INSERT INTO `majiregistrovane` (`id`,`id_studenta`,`id_predmetu`) VALUES (293,53,17);
INSERT INTO `majiregistrovane` (`id`,`id_studenta`,`id_predmetu`) VALUES (294,53,78);
INSERT INTO `majiregistrovane` (`id`,`id_studenta`,`id_predmetu`) VALUES (295,54,1);
INSERT INTO `majiregistrovane` (`id`,`id_studenta`,`id_predmetu`) VALUES (296,54,2);
INSERT INTO `majiregistrovane` (`id`,`id_studenta`,`id_predmetu`) VALUES (297,54,42);
INSERT INTO `majiregistrovane` (`id`,`id_studenta`,`id_predmetu`) VALUES (298,54,15);
INSERT INTO `majiregistrovane` (`id`,`id_studenta`,`id_predmetu`) VALUES (299,54,37);
INSERT INTO `majiregistrovane` (`id`,`id_studenta`,`id_predmetu`) VALUES (300,54,78);

/*
-- Query: SELECT * FROM planovaniRozvrhu.povinnostVOboru
LIMIT 0, 5000

-- Date: 2018-01-02 20:24
*/
DELETE FROM povinnostVOboru where id > 0;
INSERT INTO `povinnostVOboru` (`id`,`id_oboru`,`id_predmetu`,`typ_povinnosti`) VALUES (1,3,1,'P');
INSERT INTO `povinnostVOboru` (`id`,`id_oboru`,`id_predmetu`,`typ_povinnosti`) VALUES (2,3,2,'P');
INSERT INTO `povinnostVOboru` (`id`,`id_oboru`,`id_predmetu`,`typ_povinnosti`) VALUES (3,3,3,'PV');
INSERT INTO `povinnostVOboru` (`id`,`id_oboru`,`id_predmetu`,`typ_povinnosti`) VALUES (4,3,4,'V');
INSERT INTO `povinnostVOboru` (`id`,`id_oboru`,`id_predmetu`,`typ_povinnosti`) VALUES (5,1,5,'P');
INSERT INTO `povinnostVOboru` (`id`,`id_oboru`,`id_predmetu`,`typ_povinnosti`) VALUES (6,1,6,'P');
INSERT INTO `povinnostVOboru` (`id`,`id_oboru`,`id_predmetu`,`typ_povinnosti`) VALUES (7,1,7,'P');
INSERT INTO `povinnostVOboru` (`id`,`id_oboru`,`id_predmetu`,`typ_povinnosti`) VALUES (8,1,8,'P');
INSERT INTO `povinnostVOboru` (`id`,`id_oboru`,`id_predmetu`,`typ_povinnosti`) VALUES (9,1,9,'V');
INSERT INTO `povinnostVOboru` (`id`,`id_oboru`,`id_predmetu`,`typ_povinnosti`) VALUES (10,4,10,'P');
INSERT INTO `povinnostVOboru` (`id`,`id_oboru`,`id_predmetu`,`typ_povinnosti`) VALUES (11,4,11,'P');
INSERT INTO `povinnostVOboru` (`id`,`id_oboru`,`id_predmetu`,`typ_povinnosti`) VALUES (12,2,12,'P');
INSERT INTO `povinnostVOboru` (`id`,`id_oboru`,`id_predmetu`,`typ_povinnosti`) VALUES (13,2,13,'P');
INSERT INTO `povinnostVOboru` (`id`,`id_oboru`,`id_predmetu`,`typ_povinnosti`) VALUES (14,2,14,'P');
INSERT INTO `povinnostVOboru` (`id`,`id_oboru`,`id_predmetu`,`typ_povinnosti`) VALUES (15,4,15,'P');
INSERT INTO `povinnostVOboru` (`id`,`id_oboru`,`id_predmetu`,`typ_povinnosti`) VALUES (16,3,15,'P');
INSERT INTO `povinnostVOboru` (`id`,`id_oboru`,`id_predmetu`,`typ_povinnosti`) VALUES (17,4,16,'PV');
INSERT INTO `povinnostVOboru` (`id`,`id_oboru`,`id_predmetu`,`typ_povinnosti`) VALUES (18,3,16,'PV');
INSERT INTO `povinnostVOboru` (`id`,`id_oboru`,`id_predmetu`,`typ_povinnosti`) VALUES (19,4,17,'PV');
INSERT INTO `povinnostVOboru` (`id`,`id_oboru`,`id_predmetu`,`typ_povinnosti`) VALUES (20,3,17,'PV');
INSERT INTO `povinnostVOboru` (`id`,`id_oboru`,`id_predmetu`,`typ_povinnosti`) VALUES (21,4,18,'PV');
INSERT INTO `povinnostVOboru` (`id`,`id_oboru`,`id_predmetu`,`typ_povinnosti`) VALUES (22,3,18,'PV');
INSERT INTO `povinnostVOboru` (`id`,`id_oboru`,`id_predmetu`,`typ_povinnosti`) VALUES (23,4,19,'PV');
INSERT INTO `povinnostVOboru` (`id`,`id_oboru`,`id_predmetu`,`typ_povinnosti`) VALUES (24,3,19,'PV');
INSERT INTO `povinnostVOboru` (`id`,`id_oboru`,`id_predmetu`,`typ_povinnosti`) VALUES (25,4,20,'PV');
INSERT INTO `povinnostVOboru` (`id`,`id_oboru`,`id_predmetu`,`typ_povinnosti`) VALUES (26,3,20,'PV');
INSERT INTO `povinnostVOboru` (`id`,`id_oboru`,`id_predmetu`,`typ_povinnosti`) VALUES (27,4,21,'PV');
INSERT INTO `povinnostVOboru` (`id`,`id_oboru`,`id_predmetu`,`typ_povinnosti`) VALUES (28,3,21,'PV');
INSERT INTO `povinnostVOboru` (`id`,`id_oboru`,`id_predmetu`,`typ_povinnosti`) VALUES (29,4,22,'PV');
INSERT INTO `povinnostVOboru` (`id`,`id_oboru`,`id_predmetu`,`typ_povinnosti`) VALUES (30,3,22,'PV');
INSERT INTO `povinnostVOboru` (`id`,`id_oboru`,`id_predmetu`,`typ_povinnosti`) VALUES (31,4,23,'PV');
INSERT INTO `povinnostVOboru` (`id`,`id_oboru`,`id_predmetu`,`typ_povinnosti`) VALUES (32,3,23,'PV');
INSERT INTO `povinnostVOboru` (`id`,`id_oboru`,`id_predmetu`,`typ_povinnosti`) VALUES (33,4,24,'PV');
INSERT INTO `povinnostVOboru` (`id`,`id_oboru`,`id_predmetu`,`typ_povinnosti`) VALUES (34,3,24,'PV');
INSERT INTO `povinnostVOboru` (`id`,`id_oboru`,`id_predmetu`,`typ_povinnosti`) VALUES (35,4,25,'PV');
INSERT INTO `povinnostVOboru` (`id`,`id_oboru`,`id_predmetu`,`typ_povinnosti`) VALUES (36,3,25,'PV');
INSERT INTO `povinnostVOboru` (`id`,`id_oboru`,`id_predmetu`,`typ_povinnosti`) VALUES (37,4,26,'PV');
INSERT INTO `povinnostVOboru` (`id`,`id_oboru`,`id_predmetu`,`typ_povinnosti`) VALUES (38,3,26,'PV');
INSERT INTO `povinnostVOboru` (`id`,`id_oboru`,`id_predmetu`,`typ_povinnosti`) VALUES (39,4,27,'PV');
INSERT INTO `povinnostVOboru` (`id`,`id_oboru`,`id_predmetu`,`typ_povinnosti`) VALUES (40,3,27,'PV');
INSERT INTO `povinnostVOboru` (`id`,`id_oboru`,`id_predmetu`,`typ_povinnosti`) VALUES (41,4,28,'PV');
INSERT INTO `povinnostVOboru` (`id`,`id_oboru`,`id_predmetu`,`typ_povinnosti`) VALUES (42,3,28,'PV');
INSERT INTO `povinnostVOboru` (`id`,`id_oboru`,`id_predmetu`,`typ_povinnosti`) VALUES (43,4,29,'PV');
INSERT INTO `povinnostVOboru` (`id`,`id_oboru`,`id_predmetu`,`typ_povinnosti`) VALUES (44,3,29,'PV');
INSERT INTO `povinnostVOboru` (`id`,`id_oboru`,`id_predmetu`,`typ_povinnosti`) VALUES (45,4,30,'PV');
INSERT INTO `povinnostVOboru` (`id`,`id_oboru`,`id_predmetu`,`typ_povinnosti`) VALUES (46,3,30,'PV');
INSERT INTO `povinnostVOboru` (`id`,`id_oboru`,`id_predmetu`,`typ_povinnosti`) VALUES (47,4,31,'PV');
INSERT INTO `povinnostVOboru` (`id`,`id_oboru`,`id_predmetu`,`typ_povinnosti`) VALUES (48,3,31,'PV');
INSERT INTO `povinnostVOboru` (`id`,`id_oboru`,`id_predmetu`,`typ_povinnosti`) VALUES (49,4,32,'PV');
INSERT INTO `povinnostVOboru` (`id`,`id_oboru`,`id_predmetu`,`typ_povinnosti`) VALUES (50,3,32,'PV');
INSERT INTO `povinnostVOboru` (`id`,`id_oboru`,`id_predmetu`,`typ_povinnosti`) VALUES (51,4,33,'V');
INSERT INTO `povinnostVOboru` (`id`,`id_oboru`,`id_predmetu`,`typ_povinnosti`) VALUES (52,3,33,'V');
INSERT INTO `povinnostVOboru` (`id`,`id_oboru`,`id_predmetu`,`typ_povinnosti`) VALUES (53,4,34,'V');
INSERT INTO `povinnostVOboru` (`id`,`id_oboru`,`id_predmetu`,`typ_povinnosti`) VALUES (54,3,34,'V');
INSERT INTO `povinnostVOboru` (`id`,`id_oboru`,`id_predmetu`,`typ_povinnosti`) VALUES (55,4,35,'V');
INSERT INTO `povinnostVOboru` (`id`,`id_oboru`,`id_predmetu`,`typ_povinnosti`) VALUES (56,3,35,'V');
INSERT INTO `povinnostVOboru` (`id`,`id_oboru`,`id_predmetu`,`typ_povinnosti`) VALUES (57,4,36,'V');
INSERT INTO `povinnostVOboru` (`id`,`id_oboru`,`id_predmetu`,`typ_povinnosti`) VALUES (58,3,36,'V');
INSERT INTO `povinnostVOboru` (`id`,`id_oboru`,`id_predmetu`,`typ_povinnosti`) VALUES (59,4,37,'V');
INSERT INTO `povinnostVOboru` (`id`,`id_oboru`,`id_predmetu`,`typ_povinnosti`) VALUES (60,3,37,'V');
INSERT INTO `povinnostVOboru` (`id`,`id_oboru`,`id_predmetu`,`typ_povinnosti`) VALUES (61,4,38,'V');
INSERT INTO `povinnostVOboru` (`id`,`id_oboru`,`id_predmetu`,`typ_povinnosti`) VALUES (62,3,38,'V');
INSERT INTO `povinnostVOboru` (`id`,`id_oboru`,`id_predmetu`,`typ_povinnosti`) VALUES (63,4,39,'V');
INSERT INTO `povinnostVOboru` (`id`,`id_oboru`,`id_predmetu`,`typ_povinnosti`) VALUES (64,3,39,'V');
INSERT INTO `povinnostVOboru` (`id`,`id_oboru`,`id_predmetu`,`typ_povinnosti`) VALUES (65,4,40,'V');
INSERT INTO `povinnostVOboru` (`id`,`id_oboru`,`id_predmetu`,`typ_povinnosti`) VALUES (66,3,40,'V');
INSERT INTO `povinnostVOboru` (`id`,`id_oboru`,`id_predmetu`,`typ_povinnosti`) VALUES (67,4,41,'V');
INSERT INTO `povinnostVOboru` (`id`,`id_oboru`,`id_predmetu`,`typ_povinnosti`) VALUES (68,3,41,'V');
INSERT INTO `povinnostVOboru` (`id`,`id_oboru`,`id_predmetu`,`typ_povinnosti`) VALUES (69,4,42,'V');
INSERT INTO `povinnostVOboru` (`id`,`id_oboru`,`id_predmetu`,`typ_povinnosti`) VALUES (70,3,42,'V');
INSERT INTO `povinnostVOboru` (`id`,`id_oboru`,`id_predmetu`,`typ_povinnosti`) VALUES (71,4,43,'V');
INSERT INTO `povinnostVOboru` (`id`,`id_oboru`,`id_predmetu`,`typ_povinnosti`) VALUES (72,3,43,'V');
INSERT INTO `povinnostVOboru` (`id`,`id_oboru`,`id_predmetu`,`typ_povinnosti`) VALUES (73,4,44,'V');
INSERT INTO `povinnostVOboru` (`id`,`id_oboru`,`id_predmetu`,`typ_povinnosti`) VALUES (74,3,44,'V');
INSERT INTO `povinnostVOboru` (`id`,`id_oboru`,`id_predmetu`,`typ_povinnosti`) VALUES (75,4,45,'V');
INSERT INTO `povinnostVOboru` (`id`,`id_oboru`,`id_predmetu`,`typ_povinnosti`) VALUES (76,3,45,'V');
INSERT INTO `povinnostVOboru` (`id`,`id_oboru`,`id_predmetu`,`typ_povinnosti`) VALUES (77,4,46,'V');
INSERT INTO `povinnostVOboru` (`id`,`id_oboru`,`id_predmetu`,`typ_povinnosti`) VALUES (78,3,46,'V');
INSERT INTO `povinnostVOboru` (`id`,`id_oboru`,`id_predmetu`,`typ_povinnosti`) VALUES (79,4,47,'V');
INSERT INTO `povinnostVOboru` (`id`,`id_oboru`,`id_predmetu`,`typ_povinnosti`) VALUES (80,3,47,'V');
INSERT INTO `povinnostVOboru` (`id`,`id_oboru`,`id_predmetu`,`typ_povinnosti`) VALUES (81,4,48,'V');
INSERT INTO `povinnostVOboru` (`id`,`id_oboru`,`id_predmetu`,`typ_povinnosti`) VALUES (82,3,48,'V');
INSERT INTO `povinnostVOboru` (`id`,`id_oboru`,`id_predmetu`,`typ_povinnosti`) VALUES (83,4,49,'V');
INSERT INTO `povinnostVOboru` (`id`,`id_oboru`,`id_predmetu`,`typ_povinnosti`) VALUES (84,3,49,'V');
INSERT INTO `povinnostVOboru` (`id`,`id_oboru`,`id_predmetu`,`typ_povinnosti`) VALUES (85,4,50,'V');
INSERT INTO `povinnostVOboru` (`id`,`id_oboru`,`id_predmetu`,`typ_povinnosti`) VALUES (86,3,50,'V');
INSERT INTO `povinnostVOboru` (`id`,`id_oboru`,`id_predmetu`,`typ_povinnosti`) VALUES (87,4,51,'V');
INSERT INTO `povinnostVOboru` (`id`,`id_oboru`,`id_predmetu`,`typ_povinnosti`) VALUES (88,3,51,'V');
INSERT INTO `povinnostVOboru` (`id`,`id_oboru`,`id_predmetu`,`typ_povinnosti`) VALUES (89,4,52,'V');
INSERT INTO `povinnostVOboru` (`id`,`id_oboru`,`id_predmetu`,`typ_povinnosti`) VALUES (90,3,52,'V');
INSERT INTO `povinnostVOboru` (`id`,`id_oboru`,`id_predmetu`,`typ_povinnosti`) VALUES (91,4,53,'V');
INSERT INTO `povinnostVOboru` (`id`,`id_oboru`,`id_predmetu`,`typ_povinnosti`) VALUES (92,3,53,'V');
INSERT INTO `povinnostVOboru` (`id`,`id_oboru`,`id_predmetu`,`typ_povinnosti`) VALUES (93,4,54,'V');
INSERT INTO `povinnostVOboru` (`id`,`id_oboru`,`id_predmetu`,`typ_povinnosti`) VALUES (94,3,54,'V');
INSERT INTO `povinnostVOboru` (`id`,`id_oboru`,`id_predmetu`,`typ_povinnosti`) VALUES (95,4,55,'V');
INSERT INTO `povinnostVOboru` (`id`,`id_oboru`,`id_predmetu`,`typ_povinnosti`) VALUES (96,3,55,'V');
INSERT INTO `povinnostVOboru` (`id`,`id_oboru`,`id_predmetu`,`typ_povinnosti`) VALUES (97,4,56,'V');
INSERT INTO `povinnostVOboru` (`id`,`id_oboru`,`id_predmetu`,`typ_povinnosti`) VALUES (98,3,56,'V');
INSERT INTO `povinnostVOboru` (`id`,`id_oboru`,`id_predmetu`,`typ_povinnosti`) VALUES (99,4,57,'V');
INSERT INTO `povinnostVOboru` (`id`,`id_oboru`,`id_predmetu`,`typ_povinnosti`) VALUES (100,3,57,'V');
INSERT INTO `povinnostVOboru` (`id`,`id_oboru`,`id_predmetu`,`typ_povinnosti`) VALUES (101,4,58,'V');
INSERT INTO `povinnostVOboru` (`id`,`id_oboru`,`id_predmetu`,`typ_povinnosti`) VALUES (102,3,58,'V');
INSERT INTO `povinnostVOboru` (`id`,`id_oboru`,`id_predmetu`,`typ_povinnosti`) VALUES (103,2,59,'P');
INSERT INTO `povinnostVOboru` (`id`,`id_oboru`,`id_predmetu`,`typ_povinnosti`) VALUES (104,1,59,'P');
INSERT INTO `povinnostVOboru` (`id`,`id_oboru`,`id_predmetu`,`typ_povinnosti`) VALUES (105,2,60,'PV');
INSERT INTO `povinnostVOboru` (`id`,`id_oboru`,`id_predmetu`,`typ_povinnosti`) VALUES (106,1,60,'PV');
INSERT INTO `povinnostVOboru` (`id`,`id_oboru`,`id_predmetu`,`typ_povinnosti`) VALUES (107,2,61,'PV');
INSERT INTO `povinnostVOboru` (`id`,`id_oboru`,`id_predmetu`,`typ_povinnosti`) VALUES (108,1,61,'PV');
INSERT INTO `povinnostVOboru` (`id`,`id_oboru`,`id_predmetu`,`typ_povinnosti`) VALUES (109,2,62,'PV');
INSERT INTO `povinnostVOboru` (`id`,`id_oboru`,`id_predmetu`,`typ_povinnosti`) VALUES (110,1,62,'PV');
INSERT INTO `povinnostVOboru` (`id`,`id_oboru`,`id_predmetu`,`typ_povinnosti`) VALUES (111,2,63,'PV');
INSERT INTO `povinnostVOboru` (`id`,`id_oboru`,`id_predmetu`,`typ_povinnosti`) VALUES (112,1,63,'PV');
INSERT INTO `povinnostVOboru` (`id`,`id_oboru`,`id_predmetu`,`typ_povinnosti`) VALUES (113,2,64,'PV');
INSERT INTO `povinnostVOboru` (`id`,`id_oboru`,`id_predmetu`,`typ_povinnosti`) VALUES (114,1,64,'PV');
INSERT INTO `povinnostVOboru` (`id`,`id_oboru`,`id_predmetu`,`typ_povinnosti`) VALUES (115,2,19,'PV');
INSERT INTO `povinnostVOboru` (`id`,`id_oboru`,`id_predmetu`,`typ_povinnosti`) VALUES (116,1,19,'PV');
INSERT INTO `povinnostVOboru` (`id`,`id_oboru`,`id_predmetu`,`typ_povinnosti`) VALUES (117,2,20,'PV');
INSERT INTO `povinnostVOboru` (`id`,`id_oboru`,`id_predmetu`,`typ_povinnosti`) VALUES (118,1,20,'PV');
INSERT INTO `povinnostVOboru` (`id`,`id_oboru`,`id_predmetu`,`typ_povinnosti`) VALUES (119,2,21,'PV');
INSERT INTO `povinnostVOboru` (`id`,`id_oboru`,`id_predmetu`,`typ_povinnosti`) VALUES (120,1,21,'PV');
INSERT INTO `povinnostVOboru` (`id`,`id_oboru`,`id_predmetu`,`typ_povinnosti`) VALUES (121,2,22,'PV');
INSERT INTO `povinnostVOboru` (`id`,`id_oboru`,`id_predmetu`,`typ_povinnosti`) VALUES (122,1,22,'PV');
INSERT INTO `povinnostVOboru` (`id`,`id_oboru`,`id_predmetu`,`typ_povinnosti`) VALUES (123,2,23,'PV');
INSERT INTO `povinnostVOboru` (`id`,`id_oboru`,`id_predmetu`,`typ_povinnosti`) VALUES (124,1,23,'PV');
INSERT INTO `povinnostVOboru` (`id`,`id_oboru`,`id_predmetu`,`typ_povinnosti`) VALUES (125,2,24,'PV');
INSERT INTO `povinnostVOboru` (`id`,`id_oboru`,`id_predmetu`,`typ_povinnosti`) VALUES (126,1,24,'PV');
INSERT INTO `povinnostVOboru` (`id`,`id_oboru`,`id_predmetu`,`typ_povinnosti`) VALUES (127,2,25,'PV');
INSERT INTO `povinnostVOboru` (`id`,`id_oboru`,`id_predmetu`,`typ_povinnosti`) VALUES (128,1,25,'PV');
INSERT INTO `povinnostVOboru` (`id`,`id_oboru`,`id_predmetu`,`typ_povinnosti`) VALUES (129,2,26,'PV');
INSERT INTO `povinnostVOboru` (`id`,`id_oboru`,`id_predmetu`,`typ_povinnosti`) VALUES (130,1,26,'PV');
INSERT INTO `povinnostVOboru` (`id`,`id_oboru`,`id_predmetu`,`typ_povinnosti`) VALUES (131,2,27,'PV');
INSERT INTO `povinnostVOboru` (`id`,`id_oboru`,`id_predmetu`,`typ_povinnosti`) VALUES (132,1,27,'PV');
INSERT INTO `povinnostVOboru` (`id`,`id_oboru`,`id_predmetu`,`typ_povinnosti`) VALUES (133,2,28,'PV');
INSERT INTO `povinnostVOboru` (`id`,`id_oboru`,`id_predmetu`,`typ_povinnosti`) VALUES (134,1,28,'PV');
INSERT INTO `povinnostVOboru` (`id`,`id_oboru`,`id_predmetu`,`typ_povinnosti`) VALUES (135,2,65,'PV');
INSERT INTO `povinnostVOboru` (`id`,`id_oboru`,`id_predmetu`,`typ_povinnosti`) VALUES (136,1,65,'PV');
INSERT INTO `povinnostVOboru` (`id`,`id_oboru`,`id_predmetu`,`typ_povinnosti`) VALUES (137,2,66,'PV');
INSERT INTO `povinnostVOboru` (`id`,`id_oboru`,`id_predmetu`,`typ_povinnosti`) VALUES (138,1,66,'PV');
INSERT INTO `povinnostVOboru` (`id`,`id_oboru`,`id_predmetu`,`typ_povinnosti`) VALUES (139,2,67,'PV');
INSERT INTO `povinnostVOboru` (`id`,`id_oboru`,`id_predmetu`,`typ_povinnosti`) VALUES (140,1,67,'PV');
INSERT INTO `povinnostVOboru` (`id`,`id_oboru`,`id_predmetu`,`typ_povinnosti`) VALUES (141,2,68,'V');
INSERT INTO `povinnostVOboru` (`id`,`id_oboru`,`id_predmetu`,`typ_povinnosti`) VALUES (142,1,68,'V');
INSERT INTO `povinnostVOboru` (`id`,`id_oboru`,`id_predmetu`,`typ_povinnosti`) VALUES (143,2,69,'V');
INSERT INTO `povinnostVOboru` (`id`,`id_oboru`,`id_predmetu`,`typ_povinnosti`) VALUES (144,1,69,'V');
INSERT INTO `povinnostVOboru` (`id`,`id_oboru`,`id_predmetu`,`typ_povinnosti`) VALUES (145,2,70,'V');
INSERT INTO `povinnostVOboru` (`id`,`id_oboru`,`id_predmetu`,`typ_povinnosti`) VALUES (146,1,70,'V');
INSERT INTO `povinnostVOboru` (`id`,`id_oboru`,`id_predmetu`,`typ_povinnosti`) VALUES (147,2,71,'V');
INSERT INTO `povinnostVOboru` (`id`,`id_oboru`,`id_predmetu`,`typ_povinnosti`) VALUES (148,1,71,'V');
INSERT INTO `povinnostVOboru` (`id`,`id_oboru`,`id_predmetu`,`typ_povinnosti`) VALUES (149,2,72,'V');
INSERT INTO `povinnostVOboru` (`id`,`id_oboru`,`id_predmetu`,`typ_povinnosti`) VALUES (150,1,72,'V');
INSERT INTO `povinnostVOboru` (`id`,`id_oboru`,`id_predmetu`,`typ_povinnosti`) VALUES (151,2,73,'V');
INSERT INTO `povinnostVOboru` (`id`,`id_oboru`,`id_predmetu`,`typ_povinnosti`) VALUES (152,1,73,'V');
INSERT INTO `povinnostVOboru` (`id`,`id_oboru`,`id_predmetu`,`typ_povinnosti`) VALUES (153,2,74,'V');
INSERT INTO `povinnostVOboru` (`id`,`id_oboru`,`id_predmetu`,`typ_povinnosti`) VALUES (154,1,74,'V');
INSERT INTO `povinnostVOboru` (`id`,`id_oboru`,`id_predmetu`,`typ_povinnosti`) VALUES (155,2,75,'V');
INSERT INTO `povinnostVOboru` (`id`,`id_oboru`,`id_predmetu`,`typ_povinnosti`) VALUES (156,1,75,'V');
INSERT INTO `povinnostVOboru` (`id`,`id_oboru`,`id_predmetu`,`typ_povinnosti`) VALUES (157,2,76,'V');
INSERT INTO `povinnostVOboru` (`id`,`id_oboru`,`id_predmetu`,`typ_povinnosti`) VALUES (158,1,76,'V');
INSERT INTO `povinnostVOboru` (`id`,`id_oboru`,`id_predmetu`,`typ_povinnosti`) VALUES (159,2,77,'V');
INSERT INTO `povinnostVOboru` (`id`,`id_oboru`,`id_predmetu`,`typ_povinnosti`) VALUES (160,1,77,'V');
INSERT INTO `povinnostVOboru` (`id`,`id_oboru`,`id_predmetu`,`typ_povinnosti`) VALUES (161,2,78,'V');
INSERT INTO `povinnostVOboru` (`id`,`id_oboru`,`id_predmetu`,`typ_povinnosti`) VALUES (162,1,78,'V');
INSERT INTO `povinnostVOboru` (`id`,`id_oboru`,`id_predmetu`,`typ_povinnosti`) VALUES (163,2,79,'V');
INSERT INTO `povinnostVOboru` (`id`,`id_oboru`,`id_predmetu`,`typ_povinnosti`) VALUES (164,1,79,'V');
INSERT INTO `povinnostVOboru` (`id`,`id_oboru`,`id_predmetu`,`typ_povinnosti`) VALUES (165,2,80,'V');
INSERT INTO `povinnostVOboru` (`id`,`id_oboru`,`id_predmetu`,`typ_povinnosti`) VALUES (166,1,80,'V');
INSERT INTO `povinnostVOboru` (`id`,`id_oboru`,`id_predmetu`,`typ_povinnosti`) VALUES (167,2,81,'V');
INSERT INTO `povinnostVOboru` (`id`,`id_oboru`,`id_predmetu`,`typ_povinnosti`) VALUES (168,1,81,'V');
INSERT INTO `povinnostVOboru` (`id`,`id_oboru`,`id_predmetu`,`typ_povinnosti`) VALUES (169,2,82,'V');
INSERT INTO `povinnostVOboru` (`id`,`id_oboru`,`id_predmetu`,`typ_povinnosti`) VALUES (170,1,82,'V');
INSERT INTO `povinnostVOboru` (`id`,`id_oboru`,`id_predmetu`,`typ_povinnosti`) VALUES (171,2,83,'V');
INSERT INTO `povinnostVOboru` (`id`,`id_oboru`,`id_predmetu`,`typ_povinnosti`) VALUES (172,1,83,'V');
INSERT INTO `povinnostVOboru` (`id`,`id_oboru`,`id_predmetu`,`typ_povinnosti`) VALUES (173,2,84,'V');
INSERT INTO `povinnostVOboru` (`id`,`id_oboru`,`id_predmetu`,`typ_povinnosti`) VALUES (174,1,84,'V');
INSERT INTO `povinnostVOboru` (`id`,`id_oboru`,`id_predmetu`,`typ_povinnosti`) VALUES (175,2,85,'V');
INSERT INTO `povinnostVOboru` (`id`,`id_oboru`,`id_predmetu`,`typ_povinnosti`) VALUES (176,1,85,'V');
INSERT INTO `povinnostVOboru` (`id`,`id_oboru`,`id_predmetu`,`typ_povinnosti`) VALUES (177,2,86,'V');
INSERT INTO `povinnostVOboru` (`id`,`id_oboru`,`id_predmetu`,`typ_povinnosti`) VALUES (178,1,86,'V');
INSERT INTO `povinnostVOboru` (`id`,`id_oboru`,`id_predmetu`,`typ_povinnosti`) VALUES (179,2,87,'V');
INSERT INTO `povinnostVOboru` (`id`,`id_oboru`,`id_predmetu`,`typ_povinnosti`) VALUES (180,1,87,'V');
INSERT INTO `povinnostVOboru` (`id`,`id_oboru`,`id_predmetu`,`typ_povinnosti`) VALUES (181,2,88,'V');
INSERT INTO `povinnostVOboru` (`id`,`id_oboru`,`id_predmetu`,`typ_povinnosti`) VALUES (182,1,88,'V');
INSERT INTO `povinnostVOboru` (`id`,`id_oboru`,`id_predmetu`,`typ_povinnosti`) VALUES (183,2,89,'V');
INSERT INTO `povinnostVOboru` (`id`,`id_oboru`,`id_predmetu`,`typ_povinnosti`) VALUES (184,1,89,'V');
INSERT INTO `povinnostVOboru` (`id`,`id_oboru`,`id_predmetu`,`typ_povinnosti`) VALUES (185,2,90,'V');
INSERT INTO `povinnostVOboru` (`id`,`id_oboru`,`id_predmetu`,`typ_povinnosti`) VALUES (186,1,90,'V');
INSERT INTO `povinnostVOboru` (`id`,`id_oboru`,`id_predmetu`,`typ_povinnosti`) VALUES (187,2,91,'V');
INSERT INTO `povinnostVOboru` (`id`,`id_oboru`,`id_predmetu`,`typ_povinnosti`) VALUES (188,1,91,'V');
INSERT INTO `povinnostVOboru` (`id`,`id_oboru`,`id_predmetu`,`typ_povinnosti`) VALUES (189,2,92,'V');
INSERT INTO `povinnostVOboru` (`id`,`id_oboru`,`id_predmetu`,`typ_povinnosti`) VALUES (190,1,92,'V');
INSERT INTO `povinnostVOboru` (`id`,`id_oboru`,`id_predmetu`,`typ_povinnosti`) VALUES (191,2,93,'V');
INSERT INTO `povinnostVOboru` (`id`,`id_oboru`,`id_predmetu`,`typ_povinnosti`) VALUES (192,1,93,'V');
INSERT INTO `povinnostVOboru` (`id`,`id_oboru`,`id_predmetu`,`typ_povinnosti`) VALUES (193,2,94,'V');
INSERT INTO `povinnostVOboru` (`id`,`id_oboru`,`id_predmetu`,`typ_povinnosti`) VALUES (194,1,94,'V');
INSERT INTO `povinnostVOboru` (`id`,`id_oboru`,`id_predmetu`,`typ_povinnosti`) VALUES (195,2,58,'V');
INSERT INTO `povinnostVOboru` (`id`,`id_oboru`,`id_predmetu`,`typ_povinnosti`) VALUES (196,1,58,'V');
INSERT INTO `povinnostVOboru` (`id`,`id_oboru`,`id_predmetu`,`typ_povinnosti`) VALUES (197,2,95,'V');
INSERT INTO `povinnostVOboru` (`id`,`id_oboru`,`id_predmetu`,`typ_povinnosti`) VALUES (198,1,95,'V');
INSERT INTO `povinnostVOboru` (`id`,`id_oboru`,`id_predmetu`,`typ_povinnosti`) VALUES (199,7,35,'P');
INSERT INTO `povinnostVOboru` (`id`,`id_oboru`,`id_predmetu`,`typ_povinnosti`) VALUES (200,7,3,'P');
INSERT INTO `povinnostVOboru` (`id`,`id_oboru`,`id_predmetu`,`typ_povinnosti`) VALUES (201,7,1,'P');
INSERT INTO `povinnostVOboru` (`id`,`id_oboru`,`id_predmetu`,`typ_povinnosti`) VALUES (202,7,30,'P');
INSERT INTO `povinnostVOboru` (`id`,`id_oboru`,`id_predmetu`,`typ_povinnosti`) VALUES (203,7,2,'P');
INSERT INTO `povinnostVOboru` (`id`,`id_oboru`,`id_predmetu`,`typ_povinnosti`) VALUES (204,7,54,'PV');
INSERT INTO `povinnostVOboru` (`id`,`id_oboru`,`id_predmetu`,`typ_povinnosti`) VALUES (205,7,42,'PV');
INSERT INTO `povinnostVOboru` (`id`,`id_oboru`,`id_predmetu`,`typ_povinnosti`) VALUES (206,7,48,'PV');
INSERT INTO `povinnostVOboru` (`id`,`id_oboru`,`id_predmetu`,`typ_povinnosti`) VALUES (207,7,17,'PV');
INSERT INTO `povinnostVOboru` (`id`,`id_oboru`,`id_predmetu`,`typ_povinnosti`) VALUES (208,7,4,'V');
INSERT INTO `povinnostVOboru` (`id`,`id_oboru`,`id_predmetu`,`typ_povinnosti`) VALUES (209,5,69,'P');
INSERT INTO `povinnostVOboru` (`id`,`id_oboru`,`id_predmetu`,`typ_povinnosti`) VALUES (210,5,7,'P');
INSERT INTO `povinnostVOboru` (`id`,`id_oboru`,`id_predmetu`,`typ_povinnosti`) VALUES (211,5,8,'P');
INSERT INTO `povinnostVOboru` (`id`,`id_oboru`,`id_predmetu`,`typ_povinnosti`) VALUES (212,5,13,'PV');
INSERT INTO `povinnostVOboru` (`id`,`id_oboru`,`id_predmetu`,`typ_povinnosti`) VALUES (213,5,67,'PV');
INSERT INTO `povinnostVOboru` (`id`,`id_oboru`,`id_predmetu`,`typ_povinnosti`) VALUES (214,5,6,'PV');
INSERT INTO `povinnostVOboru` (`id`,`id_oboru`,`id_predmetu`,`typ_povinnosti`) VALUES (215,5,79,'PV');
INSERT INTO `povinnostVOboru` (`id`,`id_oboru`,`id_predmetu`,`typ_povinnosti`) VALUES (216,5,9,'V');
INSERT INTO `povinnostVOboru` (`id`,`id_oboru`,`id_predmetu`,`typ_povinnosti`) VALUES (217,8,15,'P');
INSERT INTO `povinnostVOboru` (`id`,`id_oboru`,`id_predmetu`,`typ_povinnosti`) VALUES (218,8,29,'P');
INSERT INTO `povinnostVOboru` (`id`,`id_oboru`,`id_predmetu`,`typ_povinnosti`) VALUES (219,8,43,'P');
INSERT INTO `povinnostVOboru` (`id`,`id_oboru`,`id_predmetu`,`typ_povinnosti`) VALUES (220,8,11,'P');
INSERT INTO `povinnostVOboru` (`id`,`id_oboru`,`id_predmetu`,`typ_povinnosti`) VALUES (221,8,18,'PV');
INSERT INTO `povinnostVOboru` (`id`,`id_oboru`,`id_predmetu`,`typ_povinnosti`) VALUES (222,8,31,'PV');
INSERT INTO `povinnostVOboru` (`id`,`id_oboru`,`id_predmetu`,`typ_povinnosti`) VALUES (223,8,16,'PV');
INSERT INTO `povinnostVOboru` (`id`,`id_oboru`,`id_predmetu`,`typ_povinnosti`) VALUES (224,8,50,'PV');
INSERT INTO `povinnostVOboru` (`id`,`id_oboru`,`id_predmetu`,`typ_povinnosti`) VALUES (225,8,32,'PV');
INSERT INTO `povinnostVOboru` (`id`,`id_oboru`,`id_predmetu`,`typ_povinnosti`) VALUES (226,6,12,'P');
INSERT INTO `povinnostVOboru` (`id`,`id_oboru`,`id_predmetu`,`typ_povinnosti`) VALUES (227,6,59,'PV');
INSERT INTO `povinnostVOboru` (`id`,`id_oboru`,`id_predmetu`,`typ_povinnosti`) VALUES (228,6,95,'PV');
INSERT INTO `povinnostVOboru` (`id`,`id_oboru`,`id_predmetu`,`typ_povinnosti`) VALUES (229,6,63,'PV');
INSERT INTO `povinnostVOboru` (`id`,`id_oboru`,`id_predmetu`,`typ_povinnosti`) VALUES (230,6,14,'PV');
INSERT INTO `povinnostVOboru` (`id`,`id_oboru`,`id_predmetu`,`typ_povinnosti`) VALUES (231,8,33,'PV');
INSERT INTO `povinnostVOboru` (`id`,`id_oboru`,`id_predmetu`,`typ_povinnosti`) VALUES (232,7,33,'PV');
INSERT INTO `povinnostVOboru` (`id`,`id_oboru`,`id_predmetu`,`typ_povinnosti`) VALUES (233,8,64,'PV');
INSERT INTO `povinnostVOboru` (`id`,`id_oboru`,`id_predmetu`,`typ_povinnosti`) VALUES (234,7,64,'PV');
INSERT INTO `povinnostVOboru` (`id`,`id_oboru`,`id_predmetu`,`typ_povinnosti`) VALUES (235,8,19,'PV');
INSERT INTO `povinnostVOboru` (`id`,`id_oboru`,`id_predmetu`,`typ_povinnosti`) VALUES (236,7,19,'PV');
INSERT INTO `povinnostVOboru` (`id`,`id_oboru`,`id_predmetu`,`typ_povinnosti`) VALUES (237,8,20,'PV');
INSERT INTO `povinnostVOboru` (`id`,`id_oboru`,`id_predmetu`,`typ_povinnosti`) VALUES (238,7,20,'PV');
INSERT INTO `povinnostVOboru` (`id`,`id_oboru`,`id_predmetu`,`typ_povinnosti`) VALUES (239,8,21,'PV');
INSERT INTO `povinnostVOboru` (`id`,`id_oboru`,`id_predmetu`,`typ_povinnosti`) VALUES (240,7,21,'PV');
INSERT INTO `povinnostVOboru` (`id`,`id_oboru`,`id_predmetu`,`typ_povinnosti`) VALUES (241,8,22,'PV');
INSERT INTO `povinnostVOboru` (`id`,`id_oboru`,`id_predmetu`,`typ_povinnosti`) VALUES (242,7,22,'PV');
INSERT INTO `povinnostVOboru` (`id`,`id_oboru`,`id_predmetu`,`typ_povinnosti`) VALUES (243,8,23,'PV');
INSERT INTO `povinnostVOboru` (`id`,`id_oboru`,`id_predmetu`,`typ_povinnosti`) VALUES (244,7,23,'PV');
INSERT INTO `povinnostVOboru` (`id`,`id_oboru`,`id_predmetu`,`typ_povinnosti`) VALUES (245,8,24,'PV');
INSERT INTO `povinnostVOboru` (`id`,`id_oboru`,`id_predmetu`,`typ_povinnosti`) VALUES (246,7,24,'PV');
INSERT INTO `povinnostVOboru` (`id`,`id_oboru`,`id_predmetu`,`typ_povinnosti`) VALUES (247,8,25,'PV');
INSERT INTO `povinnostVOboru` (`id`,`id_oboru`,`id_predmetu`,`typ_povinnosti`) VALUES (248,7,25,'PV');
INSERT INTO `povinnostVOboru` (`id`,`id_oboru`,`id_predmetu`,`typ_povinnosti`) VALUES (249,8,26,'PV');
INSERT INTO `povinnostVOboru` (`id`,`id_oboru`,`id_predmetu`,`typ_povinnosti`) VALUES (250,7,26,'PV');
INSERT INTO `povinnostVOboru` (`id`,`id_oboru`,`id_predmetu`,`typ_povinnosti`) VALUES (251,8,27,'PV');
INSERT INTO `povinnostVOboru` (`id`,`id_oboru`,`id_predmetu`,`typ_povinnosti`) VALUES (252,7,27,'PV');
INSERT INTO `povinnostVOboru` (`id`,`id_oboru`,`id_predmetu`,`typ_povinnosti`) VALUES (253,8,28,'PV');
INSERT INTO `povinnostVOboru` (`id`,`id_oboru`,`id_predmetu`,`typ_povinnosti`) VALUES (254,7,28,'PV');
INSERT INTO `povinnostVOboru` (`id`,`id_oboru`,`id_predmetu`,`typ_povinnosti`) VALUES (255,8,10,'V');
INSERT INTO `povinnostVOboru` (`id`,`id_oboru`,`id_predmetu`,`typ_povinnosti`) VALUES (256,7,10,'V');
INSERT INTO `povinnostVOboru` (`id`,`id_oboru`,`id_predmetu`,`typ_povinnosti`) VALUES (257,8,34,'V');
INSERT INTO `povinnostVOboru` (`id`,`id_oboru`,`id_predmetu`,`typ_povinnosti`) VALUES (258,7,34,'V');
INSERT INTO `povinnostVOboru` (`id`,`id_oboru`,`id_predmetu`,`typ_povinnosti`) VALUES (259,8,36,'V');
INSERT INTO `povinnostVOboru` (`id`,`id_oboru`,`id_predmetu`,`typ_povinnosti`) VALUES (260,7,36,'V');
INSERT INTO `povinnostVOboru` (`id`,`id_oboru`,`id_predmetu`,`typ_povinnosti`) VALUES (261,8,37,'V');
INSERT INTO `povinnostVOboru` (`id`,`id_oboru`,`id_predmetu`,`typ_povinnosti`) VALUES (262,7,37,'V');
INSERT INTO `povinnostVOboru` (`id`,`id_oboru`,`id_predmetu`,`typ_povinnosti`) VALUES (263,8,38,'V');
INSERT INTO `povinnostVOboru` (`id`,`id_oboru`,`id_predmetu`,`typ_povinnosti`) VALUES (264,7,38,'V');
INSERT INTO `povinnostVOboru` (`id`,`id_oboru`,`id_predmetu`,`typ_povinnosti`) VALUES (265,8,39,'V');
INSERT INTO `povinnostVOboru` (`id`,`id_oboru`,`id_predmetu`,`typ_povinnosti`) VALUES (266,7,39,'V');
INSERT INTO `povinnostVOboru` (`id`,`id_oboru`,`id_predmetu`,`typ_povinnosti`) VALUES (267,8,40,'V');
INSERT INTO `povinnostVOboru` (`id`,`id_oboru`,`id_predmetu`,`typ_povinnosti`) VALUES (268,7,40,'V');
INSERT INTO `povinnostVOboru` (`id`,`id_oboru`,`id_predmetu`,`typ_povinnosti`) VALUES (269,8,41,'V');
INSERT INTO `povinnostVOboru` (`id`,`id_oboru`,`id_predmetu`,`typ_povinnosti`) VALUES (270,7,41,'V');
INSERT INTO `povinnostVOboru` (`id`,`id_oboru`,`id_predmetu`,`typ_povinnosti`) VALUES (271,8,44,'V');
INSERT INTO `povinnostVOboru` (`id`,`id_oboru`,`id_predmetu`,`typ_povinnosti`) VALUES (272,7,44,'V');
INSERT INTO `povinnostVOboru` (`id`,`id_oboru`,`id_predmetu`,`typ_povinnosti`) VALUES (273,8,45,'V');
INSERT INTO `povinnostVOboru` (`id`,`id_oboru`,`id_predmetu`,`typ_povinnosti`) VALUES (274,7,45,'V');
INSERT INTO `povinnostVOboru` (`id`,`id_oboru`,`id_predmetu`,`typ_povinnosti`) VALUES (275,8,46,'V');
INSERT INTO `povinnostVOboru` (`id`,`id_oboru`,`id_predmetu`,`typ_povinnosti`) VALUES (276,7,46,'V');
INSERT INTO `povinnostVOboru` (`id`,`id_oboru`,`id_predmetu`,`typ_povinnosti`) VALUES (277,8,47,'V');
INSERT INTO `povinnostVOboru` (`id`,`id_oboru`,`id_predmetu`,`typ_povinnosti`) VALUES (278,7,47,'V');
INSERT INTO `povinnostVOboru` (`id`,`id_oboru`,`id_predmetu`,`typ_povinnosti`) VALUES (279,8,49,'V');
INSERT INTO `povinnostVOboru` (`id`,`id_oboru`,`id_predmetu`,`typ_povinnosti`) VALUES (280,7,49,'V');
INSERT INTO `povinnostVOboru` (`id`,`id_oboru`,`id_predmetu`,`typ_povinnosti`) VALUES (281,8,51,'V');
INSERT INTO `povinnostVOboru` (`id`,`id_oboru`,`id_predmetu`,`typ_povinnosti`) VALUES (282,7,51,'V');
INSERT INTO `povinnostVOboru` (`id`,`id_oboru`,`id_predmetu`,`typ_povinnosti`) VALUES (283,8,52,'V');
INSERT INTO `povinnostVOboru` (`id`,`id_oboru`,`id_predmetu`,`typ_povinnosti`) VALUES (284,7,52,'V');
INSERT INTO `povinnostVOboru` (`id`,`id_oboru`,`id_predmetu`,`typ_povinnosti`) VALUES (285,8,53,'V');
INSERT INTO `povinnostVOboru` (`id`,`id_oboru`,`id_predmetu`,`typ_povinnosti`) VALUES (286,7,53,'V');
INSERT INTO `povinnostVOboru` (`id`,`id_oboru`,`id_predmetu`,`typ_povinnosti`) VALUES (287,8,55,'V');
INSERT INTO `povinnostVOboru` (`id`,`id_oboru`,`id_predmetu`,`typ_povinnosti`) VALUES (288,7,55,'V');
INSERT INTO `povinnostVOboru` (`id`,`id_oboru`,`id_predmetu`,`typ_povinnosti`) VALUES (289,8,56,'V');
INSERT INTO `povinnostVOboru` (`id`,`id_oboru`,`id_predmetu`,`typ_povinnosti`) VALUES (290,7,56,'V');
INSERT INTO `povinnostVOboru` (`id`,`id_oboru`,`id_predmetu`,`typ_povinnosti`) VALUES (291,8,57,'V');
INSERT INTO `povinnostVOboru` (`id`,`id_oboru`,`id_predmetu`,`typ_povinnosti`) VALUES (292,7,57,'V');
INSERT INTO `povinnostVOboru` (`id`,`id_oboru`,`id_predmetu`,`typ_povinnosti`) VALUES (293,8,58,'V');
INSERT INTO `povinnostVOboru` (`id`,`id_oboru`,`id_predmetu`,`typ_povinnosti`) VALUES (294,7,58,'V');
INSERT INTO `povinnostVOboru` (`id`,`id_oboru`,`id_predmetu`,`typ_povinnosti`) VALUES (295,6,64,'PV');
INSERT INTO `povinnostVOboru` (`id`,`id_oboru`,`id_predmetu`,`typ_povinnosti`) VALUES (296,5,64,'PV');
INSERT INTO `povinnostVOboru` (`id`,`id_oboru`,`id_predmetu`,`typ_povinnosti`) VALUES (297,6,19,'PV');
INSERT INTO `povinnostVOboru` (`id`,`id_oboru`,`id_predmetu`,`typ_povinnosti`) VALUES (298,5,19,'PV');
INSERT INTO `povinnostVOboru` (`id`,`id_oboru`,`id_predmetu`,`typ_povinnosti`) VALUES (299,6,20,'PV');
INSERT INTO `povinnostVOboru` (`id`,`id_oboru`,`id_predmetu`,`typ_povinnosti`) VALUES (300,5,20,'PV');
INSERT INTO `povinnostVOboru` (`id`,`id_oboru`,`id_predmetu`,`typ_povinnosti`) VALUES (301,6,21,'PV');
INSERT INTO `povinnostVOboru` (`id`,`id_oboru`,`id_predmetu`,`typ_povinnosti`) VALUES (302,5,21,'PV');
INSERT INTO `povinnostVOboru` (`id`,`id_oboru`,`id_predmetu`,`typ_povinnosti`) VALUES (303,6,22,'PV');
INSERT INTO `povinnostVOboru` (`id`,`id_oboru`,`id_predmetu`,`typ_povinnosti`) VALUES (304,5,22,'PV');
INSERT INTO `povinnostVOboru` (`id`,`id_oboru`,`id_predmetu`,`typ_povinnosti`) VALUES (305,6,23,'PV');
INSERT INTO `povinnostVOboru` (`id`,`id_oboru`,`id_predmetu`,`typ_povinnosti`) VALUES (306,5,23,'PV');
INSERT INTO `povinnostVOboru` (`id`,`id_oboru`,`id_predmetu`,`typ_povinnosti`) VALUES (307,6,24,'PV');
INSERT INTO `povinnostVOboru` (`id`,`id_oboru`,`id_predmetu`,`typ_povinnosti`) VALUES (308,5,24,'PV');
INSERT INTO `povinnostVOboru` (`id`,`id_oboru`,`id_predmetu`,`typ_povinnosti`) VALUES (309,6,25,'PV');
INSERT INTO `povinnostVOboru` (`id`,`id_oboru`,`id_predmetu`,`typ_povinnosti`) VALUES (310,5,25,'PV');
INSERT INTO `povinnostVOboru` (`id`,`id_oboru`,`id_predmetu`,`typ_povinnosti`) VALUES (311,6,26,'PV');
INSERT INTO `povinnostVOboru` (`id`,`id_oboru`,`id_predmetu`,`typ_povinnosti`) VALUES (312,5,26,'PV');
INSERT INTO `povinnostVOboru` (`id`,`id_oboru`,`id_predmetu`,`typ_povinnosti`) VALUES (313,6,27,'PV');
INSERT INTO `povinnostVOboru` (`id`,`id_oboru`,`id_predmetu`,`typ_povinnosti`) VALUES (314,5,27,'PV');
INSERT INTO `povinnostVOboru` (`id`,`id_oboru`,`id_predmetu`,`typ_povinnosti`) VALUES (315,6,28,'PV');
INSERT INTO `povinnostVOboru` (`id`,`id_oboru`,`id_predmetu`,`typ_povinnosti`) VALUES (316,5,28,'PV');
INSERT INTO `povinnostVOboru` (`id`,`id_oboru`,`id_predmetu`,`typ_povinnosti`) VALUES (317,6,73,'PV');
INSERT INTO `povinnostVOboru` (`id`,`id_oboru`,`id_predmetu`,`typ_povinnosti`) VALUES (318,5,73,'PV');
INSERT INTO `povinnostVOboru` (`id`,`id_oboru`,`id_predmetu`,`typ_povinnosti`) VALUES (319,6,72,'PV');
INSERT INTO `povinnostVOboru` (`id`,`id_oboru`,`id_predmetu`,`typ_povinnosti`) VALUES (320,5,72,'PV');
INSERT INTO `povinnostVOboru` (`id`,`id_oboru`,`id_predmetu`,`typ_povinnosti`) VALUES (321,6,68,'V');
INSERT INTO `povinnostVOboru` (`id`,`id_oboru`,`id_predmetu`,`typ_povinnosti`) VALUES (322,5,68,'V');
INSERT INTO `povinnostVOboru` (`id`,`id_oboru`,`id_predmetu`,`typ_povinnosti`) VALUES (323,6,70,'V');
INSERT INTO `povinnostVOboru` (`id`,`id_oboru`,`id_predmetu`,`typ_povinnosti`) VALUES (324,5,70,'V');
INSERT INTO `povinnostVOboru` (`id`,`id_oboru`,`id_predmetu`,`typ_povinnosti`) VALUES (325,6,71,'V');
INSERT INTO `povinnostVOboru` (`id`,`id_oboru`,`id_predmetu`,`typ_povinnosti`) VALUES (326,5,71,'V');
INSERT INTO `povinnostVOboru` (`id`,`id_oboru`,`id_predmetu`,`typ_povinnosti`) VALUES (327,6,60,'V');
INSERT INTO `povinnostVOboru` (`id`,`id_oboru`,`id_predmetu`,`typ_povinnosti`) VALUES (328,5,60,'V');
INSERT INTO `povinnostVOboru` (`id`,`id_oboru`,`id_predmetu`,`typ_povinnosti`) VALUES (329,6,66,'V');
INSERT INTO `povinnostVOboru` (`id`,`id_oboru`,`id_predmetu`,`typ_povinnosti`) VALUES (330,5,66,'V');
INSERT INTO `povinnostVOboru` (`id`,`id_oboru`,`id_predmetu`,`typ_povinnosti`) VALUES (331,6,74,'V');
INSERT INTO `povinnostVOboru` (`id`,`id_oboru`,`id_predmetu`,`typ_povinnosti`) VALUES (332,5,74,'V');
INSERT INTO `povinnostVOboru` (`id`,`id_oboru`,`id_predmetu`,`typ_povinnosti`) VALUES (333,6,5,'V');
INSERT INTO `povinnostVOboru` (`id`,`id_oboru`,`id_predmetu`,`typ_povinnosti`) VALUES (334,5,5,'V');
INSERT INTO `povinnostVOboru` (`id`,`id_oboru`,`id_predmetu`,`typ_povinnosti`) VALUES (335,6,75,'V');
INSERT INTO `povinnostVOboru` (`id`,`id_oboru`,`id_predmetu`,`typ_povinnosti`) VALUES (336,5,75,'V');
INSERT INTO `povinnostVOboru` (`id`,`id_oboru`,`id_predmetu`,`typ_povinnosti`) VALUES (337,6,76,'V');
INSERT INTO `povinnostVOboru` (`id`,`id_oboru`,`id_predmetu`,`typ_povinnosti`) VALUES (338,5,76,'V');
INSERT INTO `povinnostVOboru` (`id`,`id_oboru`,`id_predmetu`,`typ_povinnosti`) VALUES (339,6,77,'V');
INSERT INTO `povinnostVOboru` (`id`,`id_oboru`,`id_predmetu`,`typ_povinnosti`) VALUES (340,5,77,'V');
INSERT INTO `povinnostVOboru` (`id`,`id_oboru`,`id_predmetu`,`typ_povinnosti`) VALUES (341,6,78,'V');
INSERT INTO `povinnostVOboru` (`id`,`id_oboru`,`id_predmetu`,`typ_povinnosti`) VALUES (342,5,78,'V');
INSERT INTO `povinnostVOboru` (`id`,`id_oboru`,`id_predmetu`,`typ_povinnosti`) VALUES (343,6,80,'V');
INSERT INTO `povinnostVOboru` (`id`,`id_oboru`,`id_predmetu`,`typ_povinnosti`) VALUES (344,5,80,'V');
INSERT INTO `povinnostVOboru` (`id`,`id_oboru`,`id_predmetu`,`typ_povinnosti`) VALUES (345,6,81,'V');
INSERT INTO `povinnostVOboru` (`id`,`id_oboru`,`id_predmetu`,`typ_povinnosti`) VALUES (346,5,81,'V');
INSERT INTO `povinnostVOboru` (`id`,`id_oboru`,`id_predmetu`,`typ_povinnosti`) VALUES (347,6,82,'V');
INSERT INTO `povinnostVOboru` (`id`,`id_oboru`,`id_predmetu`,`typ_povinnosti`) VALUES (348,5,82,'V');
INSERT INTO `povinnostVOboru` (`id`,`id_oboru`,`id_predmetu`,`typ_povinnosti`) VALUES (349,6,83,'V');
INSERT INTO `povinnostVOboru` (`id`,`id_oboru`,`id_predmetu`,`typ_povinnosti`) VALUES (350,5,83,'V');
INSERT INTO `povinnostVOboru` (`id`,`id_oboru`,`id_predmetu`,`typ_povinnosti`) VALUES (351,6,84,'V');
INSERT INTO `povinnostVOboru` (`id`,`id_oboru`,`id_predmetu`,`typ_povinnosti`) VALUES (352,5,84,'V');
INSERT INTO `povinnostVOboru` (`id`,`id_oboru`,`id_predmetu`,`typ_povinnosti`) VALUES (353,6,85,'V');
INSERT INTO `povinnostVOboru` (`id`,`id_oboru`,`id_predmetu`,`typ_povinnosti`) VALUES (354,5,85,'V');
INSERT INTO `povinnostVOboru` (`id`,`id_oboru`,`id_predmetu`,`typ_povinnosti`) VALUES (355,6,86,'V');
INSERT INTO `povinnostVOboru` (`id`,`id_oboru`,`id_predmetu`,`typ_povinnosti`) VALUES (356,5,86,'V');
INSERT INTO `povinnostVOboru` (`id`,`id_oboru`,`id_predmetu`,`typ_povinnosti`) VALUES (357,6,87,'V');
INSERT INTO `povinnostVOboru` (`id`,`id_oboru`,`id_predmetu`,`typ_povinnosti`) VALUES (358,5,87,'V');
INSERT INTO `povinnostVOboru` (`id`,`id_oboru`,`id_predmetu`,`typ_povinnosti`) VALUES (359,6,88,'V');
INSERT INTO `povinnostVOboru` (`id`,`id_oboru`,`id_predmetu`,`typ_povinnosti`) VALUES (360,5,88,'V');
INSERT INTO `povinnostVOboru` (`id`,`id_oboru`,`id_predmetu`,`typ_povinnosti`) VALUES (361,6,61,'V');
INSERT INTO `povinnostVOboru` (`id`,`id_oboru`,`id_predmetu`,`typ_povinnosti`) VALUES (362,5,61,'V');
INSERT INTO `povinnostVOboru` (`id`,`id_oboru`,`id_predmetu`,`typ_povinnosti`) VALUES (363,6,62,'V');
INSERT INTO `povinnostVOboru` (`id`,`id_oboru`,`id_predmetu`,`typ_povinnosti`) VALUES (364,5,62,'V');
INSERT INTO `povinnostVOboru` (`id`,`id_oboru`,`id_predmetu`,`typ_povinnosti`) VALUES (365,6,89,'V');
INSERT INTO `povinnostVOboru` (`id`,`id_oboru`,`id_predmetu`,`typ_povinnosti`) VALUES (366,5,89,'V');
INSERT INTO `povinnostVOboru` (`id`,`id_oboru`,`id_predmetu`,`typ_povinnosti`) VALUES (367,6,90,'V');
INSERT INTO `povinnostVOboru` (`id`,`id_oboru`,`id_predmetu`,`typ_povinnosti`) VALUES (368,5,90,'V');
INSERT INTO `povinnostVOboru` (`id`,`id_oboru`,`id_predmetu`,`typ_povinnosti`) VALUES (369,6,91,'V');
INSERT INTO `povinnostVOboru` (`id`,`id_oboru`,`id_predmetu`,`typ_povinnosti`) VALUES (370,5,91,'V');
INSERT INTO `povinnostVOboru` (`id`,`id_oboru`,`id_predmetu`,`typ_povinnosti`) VALUES (371,6,92,'V');
INSERT INTO `povinnostVOboru` (`id`,`id_oboru`,`id_predmetu`,`typ_povinnosti`) VALUES (372,5,92,'V');
INSERT INTO `povinnostVOboru` (`id`,`id_oboru`,`id_predmetu`,`typ_povinnosti`) VALUES (373,6,93,'V');
INSERT INTO `povinnostVOboru` (`id`,`id_oboru`,`id_predmetu`,`typ_povinnosti`) VALUES (374,5,93,'V');
INSERT INTO `povinnostVOboru` (`id`,`id_oboru`,`id_predmetu`,`typ_povinnosti`) VALUES (375,6,65,'V');
INSERT INTO `povinnostVOboru` (`id`,`id_oboru`,`id_predmetu`,`typ_povinnosti`) VALUES (376,5,65,'V');
INSERT INTO `povinnostVOboru` (`id`,`id_oboru`,`id_predmetu`,`typ_povinnosti`) VALUES (377,6,94,'V');
INSERT INTO `povinnostVOboru` (`id`,`id_oboru`,`id_predmetu`,`typ_povinnosti`) VALUES (378,5,94,'V');
INSERT INTO `povinnostVOboru` (`id`,`id_oboru`,`id_predmetu`,`typ_povinnosti`) VALUES (379,6,58,'V');
INSERT INTO `povinnostVOboru` (`id`,`id_oboru`,`id_predmetu`,`typ_povinnosti`) VALUES (380,5,58,'V');
INSERT INTO `povinnostVOboru` (`id`,`id_oboru`,`id_predmetu`,`typ_povinnosti`) VALUES (381,11,1,'P');
INSERT INTO `povinnostVOboru` (`id`,`id_oboru`,`id_predmetu`,`typ_povinnosti`) VALUES (382,11,42,'P');
INSERT INTO `povinnostVOboru` (`id`,`id_oboru`,`id_predmetu`,`typ_povinnosti`) VALUES (383,11,2,'P');
INSERT INTO `povinnostVOboru` (`id`,`id_oboru`,`id_predmetu`,`typ_povinnosti`) VALUES (384,11,45,'V');
INSERT INTO `povinnostVOboru` (`id`,`id_oboru`,`id_predmetu`,`typ_povinnosti`) VALUES (385,11,4,'V');
INSERT INTO `povinnostVOboru` (`id`,`id_oboru`,`id_predmetu`,`typ_povinnosti`) VALUES (386,9,5,'P');
INSERT INTO `povinnostVOboru` (`id`,`id_oboru`,`id_predmetu`,`typ_povinnosti`) VALUES (387,9,82,'P');
INSERT INTO `povinnostVOboru` (`id`,`id_oboru`,`id_predmetu`,`typ_povinnosti`) VALUES (388,9,7,'P');
INSERT INTO `povinnostVOboru` (`id`,`id_oboru`,`id_predmetu`,`typ_povinnosti`) VALUES (389,9,67,'P');
INSERT INTO `povinnostVOboru` (`id`,`id_oboru`,`id_predmetu`,`typ_povinnosti`) VALUES (390,9,8,'P');
INSERT INTO `povinnostVOboru` (`id`,`id_oboru`,`id_predmetu`,`typ_povinnosti`) VALUES (391,9,9,'V');
INSERT INTO `povinnostVOboru` (`id`,`id_oboru`,`id_predmetu`,`typ_povinnosti`) VALUES (392,9,88,'V');
INSERT INTO `povinnostVOboru` (`id`,`id_oboru`,`id_predmetu`,`typ_povinnosti`) VALUES (393,12,31,'P');
INSERT INTO `povinnostVOboru` (`id`,`id_oboru`,`id_predmetu`,`typ_povinnosti`) VALUES (394,12,11,'P');
INSERT INTO `povinnostVOboru` (`id`,`id_oboru`,`id_predmetu`,`typ_povinnosti`) VALUES (395,12,30,'PV');
INSERT INTO `povinnostVOboru` (`id`,`id_oboru`,`id_predmetu`,`typ_povinnosti`) VALUES (396,12,43,'PV');
INSERT INTO `povinnostVOboru` (`id`,`id_oboru`,`id_predmetu`,`typ_povinnosti`) VALUES (397,12,52,'PV');
INSERT INTO `povinnostVOboru` (`id`,`id_oboru`,`id_predmetu`,`typ_povinnosti`) VALUES (398,12,32,'PV');
INSERT INTO `povinnostVOboru` (`id`,`id_oboru`,`id_predmetu`,`typ_povinnosti`) VALUES (399,12,46,'V');
INSERT INTO `povinnostVOboru` (`id`,`id_oboru`,`id_predmetu`,`typ_povinnosti`) VALUES (400,12,48,'V');
INSERT INTO `povinnostVOboru` (`id`,`id_oboru`,`id_predmetu`,`typ_povinnosti`) VALUES (401,10,12,'P');
INSERT INTO `povinnostVOboru` (`id`,`id_oboru`,`id_predmetu`,`typ_povinnosti`) VALUES (402,10,59,'P');
INSERT INTO `povinnostVOboru` (`id`,`id_oboru`,`id_predmetu`,`typ_povinnosti`) VALUES (403,10,14,'PV');
INSERT INTO `povinnostVOboru` (`id`,`id_oboru`,`id_predmetu`,`typ_povinnosti`) VALUES (404,10,86,'PV');
INSERT INTO `povinnostVOboru` (`id`,`id_oboru`,`id_predmetu`,`typ_povinnosti`) VALUES (405,10,60,'PV');
INSERT INTO `povinnostVOboru` (`id`,`id_oboru`,`id_predmetu`,`typ_povinnosti`) VALUES (406,10,13,'PV');
INSERT INTO `povinnostVOboru` (`id`,`id_oboru`,`id_predmetu`,`typ_povinnosti`) VALUES (407,12,15,'P');
INSERT INTO `povinnostVOboru` (`id`,`id_oboru`,`id_predmetu`,`typ_povinnosti`) VALUES (408,11,15,'P');
INSERT INTO `povinnostVOboru` (`id`,`id_oboru`,`id_predmetu`,`typ_povinnosti`) VALUES (409,12,29,'PV');
INSERT INTO `povinnostVOboru` (`id`,`id_oboru`,`id_predmetu`,`typ_povinnosti`) VALUES (410,11,29,'PV');
INSERT INTO `povinnostVOboru` (`id`,`id_oboru`,`id_predmetu`,`typ_povinnosti`) VALUES (411,12,16,'PV');
INSERT INTO `povinnostVOboru` (`id`,`id_oboru`,`id_predmetu`,`typ_povinnosti`) VALUES (412,11,16,'PV');
INSERT INTO `povinnostVOboru` (`id`,`id_oboru`,`id_predmetu`,`typ_povinnosti`) VALUES (413,12,56,'PV');
INSERT INTO `povinnostVOboru` (`id`,`id_oboru`,`id_predmetu`,`typ_povinnosti`) VALUES (414,11,56,'PV');
INSERT INTO `povinnostVOboru` (`id`,`id_oboru`,`id_predmetu`,`typ_povinnosti`) VALUES (415,12,64,'PV');
INSERT INTO `povinnostVOboru` (`id`,`id_oboru`,`id_predmetu`,`typ_povinnosti`) VALUES (416,11,64,'PV');
INSERT INTO `povinnostVOboru` (`id`,`id_oboru`,`id_predmetu`,`typ_povinnosti`) VALUES (417,12,19,'PV');
INSERT INTO `povinnostVOboru` (`id`,`id_oboru`,`id_predmetu`,`typ_povinnosti`) VALUES (418,11,19,'PV');
INSERT INTO `povinnostVOboru` (`id`,`id_oboru`,`id_predmetu`,`typ_povinnosti`) VALUES (419,12,20,'PV');
INSERT INTO `povinnostVOboru` (`id`,`id_oboru`,`id_predmetu`,`typ_povinnosti`) VALUES (420,11,20,'PV');
INSERT INTO `povinnostVOboru` (`id`,`id_oboru`,`id_predmetu`,`typ_povinnosti`) VALUES (421,12,21,'PV');
INSERT INTO `povinnostVOboru` (`id`,`id_oboru`,`id_predmetu`,`typ_povinnosti`) VALUES (422,11,21,'PV');
INSERT INTO `povinnostVOboru` (`id`,`id_oboru`,`id_predmetu`,`typ_povinnosti`) VALUES (423,12,22,'PV');
INSERT INTO `povinnostVOboru` (`id`,`id_oboru`,`id_predmetu`,`typ_povinnosti`) VALUES (424,11,22,'PV');
INSERT INTO `povinnostVOboru` (`id`,`id_oboru`,`id_predmetu`,`typ_povinnosti`) VALUES (425,12,23,'PV');
INSERT INTO `povinnostVOboru` (`id`,`id_oboru`,`id_predmetu`,`typ_povinnosti`) VALUES (426,11,23,'PV');
INSERT INTO `povinnostVOboru` (`id`,`id_oboru`,`id_predmetu`,`typ_povinnosti`) VALUES (427,12,24,'PV');
INSERT INTO `povinnostVOboru` (`id`,`id_oboru`,`id_predmetu`,`typ_povinnosti`) VALUES (428,11,24,'PV');
INSERT INTO `povinnostVOboru` (`id`,`id_oboru`,`id_predmetu`,`typ_povinnosti`) VALUES (429,12,25,'PV');
INSERT INTO `povinnostVOboru` (`id`,`id_oboru`,`id_predmetu`,`typ_povinnosti`) VALUES (430,11,25,'PV');
INSERT INTO `povinnostVOboru` (`id`,`id_oboru`,`id_predmetu`,`typ_povinnosti`) VALUES (431,12,26,'PV');
INSERT INTO `povinnostVOboru` (`id`,`id_oboru`,`id_predmetu`,`typ_povinnosti`) VALUES (432,11,26,'PV');
INSERT INTO `povinnostVOboru` (`id`,`id_oboru`,`id_predmetu`,`typ_povinnosti`) VALUES (433,12,27,'PV');
INSERT INTO `povinnostVOboru` (`id`,`id_oboru`,`id_predmetu`,`typ_povinnosti`) VALUES (434,11,27,'PV');
INSERT INTO `povinnostVOboru` (`id`,`id_oboru`,`id_predmetu`,`typ_povinnosti`) VALUES (435,12,28,'PV');
INSERT INTO `povinnostVOboru` (`id`,`id_oboru`,`id_predmetu`,`typ_povinnosti`) VALUES (436,11,28,'PV');
INSERT INTO `povinnostVOboru` (`id`,`id_oboru`,`id_predmetu`,`typ_povinnosti`) VALUES (437,12,37,'PV');
INSERT INTO `povinnostVOboru` (`id`,`id_oboru`,`id_predmetu`,`typ_povinnosti`) VALUES (438,11,37,'PV');
INSERT INTO `povinnostVOboru` (`id`,`id_oboru`,`id_predmetu`,`typ_povinnosti`) VALUES (439,12,50,'PV');
INSERT INTO `povinnostVOboru` (`id`,`id_oboru`,`id_predmetu`,`typ_povinnosti`) VALUES (440,11,50,'PV');
INSERT INTO `povinnostVOboru` (`id`,`id_oboru`,`id_predmetu`,`typ_povinnosti`) VALUES (441,12,18,'V');
INSERT INTO `povinnostVOboru` (`id`,`id_oboru`,`id_predmetu`,`typ_povinnosti`) VALUES (442,11,18,'V');
INSERT INTO `povinnostVOboru` (`id`,`id_oboru`,`id_predmetu`,`typ_povinnosti`) VALUES (443,12,10,'V');
INSERT INTO `povinnostVOboru` (`id`,`id_oboru`,`id_predmetu`,`typ_povinnosti`) VALUES (444,11,10,'V');
INSERT INTO `povinnostVOboru` (`id`,`id_oboru`,`id_predmetu`,`typ_povinnosti`) VALUES (445,12,33,'V');
INSERT INTO `povinnostVOboru` (`id`,`id_oboru`,`id_predmetu`,`typ_povinnosti`) VALUES (446,11,33,'V');
INSERT INTO `povinnostVOboru` (`id`,`id_oboru`,`id_predmetu`,`typ_povinnosti`) VALUES (447,12,35,'V');
INSERT INTO `povinnostVOboru` (`id`,`id_oboru`,`id_predmetu`,`typ_povinnosti`) VALUES (448,11,35,'V');
INSERT INTO `povinnostVOboru` (`id`,`id_oboru`,`id_predmetu`,`typ_povinnosti`) VALUES (449,12,36,'V');
INSERT INTO `povinnostVOboru` (`id`,`id_oboru`,`id_predmetu`,`typ_povinnosti`) VALUES (450,11,36,'V');
INSERT INTO `povinnostVOboru` (`id`,`id_oboru`,`id_predmetu`,`typ_povinnosti`) VALUES (451,12,38,'V');
INSERT INTO `povinnostVOboru` (`id`,`id_oboru`,`id_predmetu`,`typ_povinnosti`) VALUES (452,11,38,'V');
INSERT INTO `povinnostVOboru` (`id`,`id_oboru`,`id_predmetu`,`typ_povinnosti`) VALUES (453,12,3,'V');
INSERT INTO `povinnostVOboru` (`id`,`id_oboru`,`id_predmetu`,`typ_povinnosti`) VALUES (454,11,3,'V');
INSERT INTO `povinnostVOboru` (`id`,`id_oboru`,`id_predmetu`,`typ_povinnosti`) VALUES (455,12,39,'V');
INSERT INTO `povinnostVOboru` (`id`,`id_oboru`,`id_predmetu`,`typ_povinnosti`) VALUES (456,11,39,'V');
INSERT INTO `povinnostVOboru` (`id`,`id_oboru`,`id_predmetu`,`typ_povinnosti`) VALUES (457,12,40,'V');
INSERT INTO `povinnostVOboru` (`id`,`id_oboru`,`id_predmetu`,`typ_povinnosti`) VALUES (458,11,40,'V');
INSERT INTO `povinnostVOboru` (`id`,`id_oboru`,`id_predmetu`,`typ_povinnosti`) VALUES (459,12,41,'V');
INSERT INTO `povinnostVOboru` (`id`,`id_oboru`,`id_predmetu`,`typ_povinnosti`) VALUES (460,11,41,'V');
INSERT INTO `povinnostVOboru` (`id`,`id_oboru`,`id_predmetu`,`typ_povinnosti`) VALUES (461,12,44,'V');
INSERT INTO `povinnostVOboru` (`id`,`id_oboru`,`id_predmetu`,`typ_povinnosti`) VALUES (462,11,44,'V');
INSERT INTO `povinnostVOboru` (`id`,`id_oboru`,`id_predmetu`,`typ_povinnosti`) VALUES (463,12,47,'V');
INSERT INTO `povinnostVOboru` (`id`,`id_oboru`,`id_predmetu`,`typ_povinnosti`) VALUES (464,11,47,'V');
INSERT INTO `povinnostVOboru` (`id`,`id_oboru`,`id_predmetu`,`typ_povinnosti`) VALUES (465,12,17,'V');
INSERT INTO `povinnostVOboru` (`id`,`id_oboru`,`id_predmetu`,`typ_povinnosti`) VALUES (466,11,17,'V');
INSERT INTO `povinnostVOboru` (`id`,`id_oboru`,`id_predmetu`,`typ_povinnosti`) VALUES (467,12,49,'V');
INSERT INTO `povinnostVOboru` (`id`,`id_oboru`,`id_predmetu`,`typ_povinnosti`) VALUES (468,11,49,'V');
INSERT INTO `povinnostVOboru` (`id`,`id_oboru`,`id_predmetu`,`typ_povinnosti`) VALUES (469,12,51,'V');
INSERT INTO `povinnostVOboru` (`id`,`id_oboru`,`id_predmetu`,`typ_povinnosti`) VALUES (470,11,51,'V');
INSERT INTO `povinnostVOboru` (`id`,`id_oboru`,`id_predmetu`,`typ_povinnosti`) VALUES (471,12,53,'V');
INSERT INTO `povinnostVOboru` (`id`,`id_oboru`,`id_predmetu`,`typ_povinnosti`) VALUES (472,11,53,'V');
INSERT INTO `povinnostVOboru` (`id`,`id_oboru`,`id_predmetu`,`typ_povinnosti`) VALUES (473,12,54,'V');
INSERT INTO `povinnostVOboru` (`id`,`id_oboru`,`id_predmetu`,`typ_povinnosti`) VALUES (474,11,54,'V');
INSERT INTO `povinnostVOboru` (`id`,`id_oboru`,`id_predmetu`,`typ_povinnosti`) VALUES (475,12,55,'V');
INSERT INTO `povinnostVOboru` (`id`,`id_oboru`,`id_predmetu`,`typ_povinnosti`) VALUES (476,11,55,'V');
INSERT INTO `povinnostVOboru` (`id`,`id_oboru`,`id_predmetu`,`typ_povinnosti`) VALUES (477,12,57,'V');
INSERT INTO `povinnostVOboru` (`id`,`id_oboru`,`id_predmetu`,`typ_povinnosti`) VALUES (478,11,57,'V');
INSERT INTO `povinnostVOboru` (`id`,`id_oboru`,`id_predmetu`,`typ_povinnosti`) VALUES (479,12,58,'V');
INSERT INTO `povinnostVOboru` (`id`,`id_oboru`,`id_predmetu`,`typ_povinnosti`) VALUES (480,11,58,'V');
INSERT INTO `povinnostVOboru` (`id`,`id_oboru`,`id_predmetu`,`typ_povinnosti`) VALUES (481,10,68,'PV');
INSERT INTO `povinnostVOboru` (`id`,`id_oboru`,`id_predmetu`,`typ_povinnosti`) VALUES (482,9,68,'PV');
INSERT INTO `povinnostVOboru` (`id`,`id_oboru`,`id_predmetu`,`typ_povinnosti`) VALUES (483,10,64,'PV');
INSERT INTO `povinnostVOboru` (`id`,`id_oboru`,`id_predmetu`,`typ_povinnosti`) VALUES (484,9,64,'PV');
INSERT INTO `povinnostVOboru` (`id`,`id_oboru`,`id_predmetu`,`typ_povinnosti`) VALUES (485,10,19,'PV');
INSERT INTO `povinnostVOboru` (`id`,`id_oboru`,`id_predmetu`,`typ_povinnosti`) VALUES (486,9,19,'PV');
INSERT INTO `povinnostVOboru` (`id`,`id_oboru`,`id_predmetu`,`typ_povinnosti`) VALUES (487,10,20,'PV');
INSERT INTO `povinnostVOboru` (`id`,`id_oboru`,`id_predmetu`,`typ_povinnosti`) VALUES (488,9,20,'PV');
INSERT INTO `povinnostVOboru` (`id`,`id_oboru`,`id_predmetu`,`typ_povinnosti`) VALUES (489,10,21,'PV');
INSERT INTO `povinnostVOboru` (`id`,`id_oboru`,`id_predmetu`,`typ_povinnosti`) VALUES (490,9,21,'PV');
INSERT INTO `povinnostVOboru` (`id`,`id_oboru`,`id_predmetu`,`typ_povinnosti`) VALUES (491,10,22,'PV');
INSERT INTO `povinnostVOboru` (`id`,`id_oboru`,`id_predmetu`,`typ_povinnosti`) VALUES (492,9,22,'PV');
INSERT INTO `povinnostVOboru` (`id`,`id_oboru`,`id_predmetu`,`typ_povinnosti`) VALUES (493,10,23,'PV');
INSERT INTO `povinnostVOboru` (`id`,`id_oboru`,`id_predmetu`,`typ_povinnosti`) VALUES (494,9,23,'PV');
INSERT INTO `povinnostVOboru` (`id`,`id_oboru`,`id_predmetu`,`typ_povinnosti`) VALUES (495,10,24,'PV');
INSERT INTO `povinnostVOboru` (`id`,`id_oboru`,`id_predmetu`,`typ_povinnosti`) VALUES (496,9,24,'PV');
INSERT INTO `povinnostVOboru` (`id`,`id_oboru`,`id_predmetu`,`typ_povinnosti`) VALUES (497,10,25,'PV');
INSERT INTO `povinnostVOboru` (`id`,`id_oboru`,`id_predmetu`,`typ_povinnosti`) VALUES (498,9,25,'PV');
INSERT INTO `povinnostVOboru` (`id`,`id_oboru`,`id_predmetu`,`typ_povinnosti`) VALUES (499,10,26,'PV');
INSERT INTO `povinnostVOboru` (`id`,`id_oboru`,`id_predmetu`,`typ_povinnosti`) VALUES (500,9,26,'PV');
INSERT INTO `povinnostVOboru` (`id`,`id_oboru`,`id_predmetu`,`typ_povinnosti`) VALUES (501,10,27,'PV');
INSERT INTO `povinnostVOboru` (`id`,`id_oboru`,`id_predmetu`,`typ_povinnosti`) VALUES (502,9,27,'PV');
INSERT INTO `povinnostVOboru` (`id`,`id_oboru`,`id_predmetu`,`typ_povinnosti`) VALUES (503,10,28,'PV');
INSERT INTO `povinnostVOboru` (`id`,`id_oboru`,`id_predmetu`,`typ_povinnosti`) VALUES (504,9,28,'PV');
INSERT INTO `povinnostVOboru` (`id`,`id_oboru`,`id_predmetu`,`typ_povinnosti`) VALUES (505,10,77,'PV');
INSERT INTO `povinnostVOboru` (`id`,`id_oboru`,`id_predmetu`,`typ_povinnosti`) VALUES (506,9,77,'PV');
INSERT INTO `povinnostVOboru` (`id`,`id_oboru`,`id_predmetu`,`typ_povinnosti`) VALUES (507,10,78,'PV');
INSERT INTO `povinnostVOboru` (`id`,`id_oboru`,`id_predmetu`,`typ_povinnosti`) VALUES (508,9,78,'PV');
INSERT INTO `povinnostVOboru` (`id`,`id_oboru`,`id_predmetu`,`typ_povinnosti`) VALUES (509,10,65,'PV');
INSERT INTO `povinnostVOboru` (`id`,`id_oboru`,`id_predmetu`,`typ_povinnosti`) VALUES (510,9,65,'PV');
INSERT INTO `povinnostVOboru` (`id`,`id_oboru`,`id_predmetu`,`typ_povinnosti`) VALUES (511,10,66,'PV');
INSERT INTO `povinnostVOboru` (`id`,`id_oboru`,`id_predmetu`,`typ_povinnosti`) VALUES (512,9,66,'PV');
INSERT INTO `povinnostVOboru` (`id`,`id_oboru`,`id_predmetu`,`typ_povinnosti`) VALUES (513,10,83,'PV');
INSERT INTO `povinnostVOboru` (`id`,`id_oboru`,`id_predmetu`,`typ_povinnosti`) VALUES (514,9,83,'PV');
INSERT INTO `povinnostVOboru` (`id`,`id_oboru`,`id_predmetu`,`typ_povinnosti`) VALUES (515,10,69,'V');
INSERT INTO `povinnostVOboru` (`id`,`id_oboru`,`id_predmetu`,`typ_povinnosti`) VALUES (516,9,69,'V');
INSERT INTO `povinnostVOboru` (`id`,`id_oboru`,`id_predmetu`,`typ_povinnosti`) VALUES (517,10,70,'V');
INSERT INTO `povinnostVOboru` (`id`,`id_oboru`,`id_predmetu`,`typ_povinnosti`) VALUES (518,9,70,'V');
INSERT INTO `povinnostVOboru` (`id`,`id_oboru`,`id_predmetu`,`typ_povinnosti`) VALUES (519,10,71,'V');
INSERT INTO `povinnostVOboru` (`id`,`id_oboru`,`id_predmetu`,`typ_povinnosti`) VALUES (520,9,71,'V');
INSERT INTO `povinnostVOboru` (`id`,`id_oboru`,`id_predmetu`,`typ_povinnosti`) VALUES (521,10,72,'V');
INSERT INTO `povinnostVOboru` (`id`,`id_oboru`,`id_predmetu`,`typ_povinnosti`) VALUES (522,9,72,'V');
INSERT INTO `povinnostVOboru` (`id`,`id_oboru`,`id_predmetu`,`typ_povinnosti`) VALUES (523,10,73,'V');
INSERT INTO `povinnostVOboru` (`id`,`id_oboru`,`id_predmetu`,`typ_povinnosti`) VALUES (524,9,73,'V');
INSERT INTO `povinnostVOboru` (`id`,`id_oboru`,`id_predmetu`,`typ_povinnosti`) VALUES (525,10,74,'V');
INSERT INTO `povinnostVOboru` (`id`,`id_oboru`,`id_predmetu`,`typ_povinnosti`) VALUES (526,9,74,'V');
INSERT INTO `povinnostVOboru` (`id`,`id_oboru`,`id_predmetu`,`typ_povinnosti`) VALUES (527,10,75,'V');
INSERT INTO `povinnostVOboru` (`id`,`id_oboru`,`id_predmetu`,`typ_povinnosti`) VALUES (528,9,75,'V');
INSERT INTO `povinnostVOboru` (`id`,`id_oboru`,`id_predmetu`,`typ_povinnosti`) VALUES (529,10,76,'V');
INSERT INTO `povinnostVOboru` (`id`,`id_oboru`,`id_predmetu`,`typ_povinnosti`) VALUES (530,9,76,'V');
INSERT INTO `povinnostVOboru` (`id`,`id_oboru`,`id_predmetu`,`typ_povinnosti`) VALUES (531,10,6,'V');
INSERT INTO `povinnostVOboru` (`id`,`id_oboru`,`id_predmetu`,`typ_povinnosti`) VALUES (532,9,6,'V');
INSERT INTO `povinnostVOboru` (`id`,`id_oboru`,`id_predmetu`,`typ_povinnosti`) VALUES (533,10,79,'V');
INSERT INTO `povinnostVOboru` (`id`,`id_oboru`,`id_predmetu`,`typ_povinnosti`) VALUES (534,9,79,'V');
INSERT INTO `povinnostVOboru` (`id`,`id_oboru`,`id_predmetu`,`typ_povinnosti`) VALUES (535,10,80,'V');
INSERT INTO `povinnostVOboru` (`id`,`id_oboru`,`id_predmetu`,`typ_povinnosti`) VALUES (536,9,80,'V');
INSERT INTO `povinnostVOboru` (`id`,`id_oboru`,`id_predmetu`,`typ_povinnosti`) VALUES (537,10,84,'V');
INSERT INTO `povinnostVOboru` (`id`,`id_oboru`,`id_predmetu`,`typ_povinnosti`) VALUES (538,9,84,'V');
INSERT INTO `povinnostVOboru` (`id`,`id_oboru`,`id_predmetu`,`typ_povinnosti`) VALUES (539,10,63,'V');
INSERT INTO `povinnostVOboru` (`id`,`id_oboru`,`id_predmetu`,`typ_povinnosti`) VALUES (540,9,63,'V');
INSERT INTO `povinnostVOboru` (`id`,`id_oboru`,`id_predmetu`,`typ_povinnosti`) VALUES (541,10,87,'V');
INSERT INTO `povinnostVOboru` (`id`,`id_oboru`,`id_predmetu`,`typ_povinnosti`) VALUES (542,9,87,'V');
INSERT INTO `povinnostVOboru` (`id`,`id_oboru`,`id_predmetu`,`typ_povinnosti`) VALUES (543,10,61,'V');
INSERT INTO `povinnostVOboru` (`id`,`id_oboru`,`id_predmetu`,`typ_povinnosti`) VALUES (544,9,61,'V');
INSERT INTO `povinnostVOboru` (`id`,`id_oboru`,`id_predmetu`,`typ_povinnosti`) VALUES (545,10,62,'V');
INSERT INTO `povinnostVOboru` (`id`,`id_oboru`,`id_predmetu`,`typ_povinnosti`) VALUES (546,9,62,'V');
INSERT INTO `povinnostVOboru` (`id`,`id_oboru`,`id_predmetu`,`typ_povinnosti`) VALUES (547,10,90,'V');
INSERT INTO `povinnostVOboru` (`id`,`id_oboru`,`id_predmetu`,`typ_povinnosti`) VALUES (548,9,90,'V');
INSERT INTO `povinnostVOboru` (`id`,`id_oboru`,`id_predmetu`,`typ_povinnosti`) VALUES (549,10,91,'V');
INSERT INTO `povinnostVOboru` (`id`,`id_oboru`,`id_predmetu`,`typ_povinnosti`) VALUES (550,9,91,'V');
INSERT INTO `povinnostVOboru` (`id`,`id_oboru`,`id_predmetu`,`typ_povinnosti`) VALUES (551,10,92,'V');
INSERT INTO `povinnostVOboru` (`id`,`id_oboru`,`id_predmetu`,`typ_povinnosti`) VALUES (552,9,92,'V');
INSERT INTO `povinnostVOboru` (`id`,`id_oboru`,`id_predmetu`,`typ_povinnosti`) VALUES (553,10,93,'V');
INSERT INTO `povinnostVOboru` (`id`,`id_oboru`,`id_predmetu`,`typ_povinnosti`) VALUES (554,9,93,'V');
INSERT INTO `povinnostVOboru` (`id`,`id_oboru`,`id_predmetu`,`typ_povinnosti`) VALUES (555,10,94,'V');
INSERT INTO `povinnostVOboru` (`id`,`id_oboru`,`id_predmetu`,`typ_povinnosti`) VALUES (556,9,94,'V');
INSERT INTO `povinnostVOboru` (`id`,`id_oboru`,`id_predmetu`,`typ_povinnosti`) VALUES (557,10,58,'V');
INSERT INTO `povinnostVOboru` (`id`,`id_oboru`,`id_predmetu`,`typ_povinnosti`) VALUES (558,9,58,'V');
INSERT INTO `povinnostVOboru` (`id`,`id_oboru`,`id_predmetu`,`typ_povinnosti`) VALUES (559,10,95,'V');
INSERT INTO `povinnostVOboru` (`id`,`id_oboru`,`id_predmetu`,`typ_povinnosti`) VALUES (560,9,95,'V');
INSERT INTO `povinnostVOboru` (`id`,`id_oboru`,`id_predmetu`,`typ_povinnosti`) VALUES (561,15,3,'P');
INSERT INTO `povinnostVOboru` (`id`,`id_oboru`,`id_predmetu`,`typ_povinnosti`) VALUES (562,15,1,'P');
INSERT INTO `povinnostVOboru` (`id`,`id_oboru`,`id_predmetu`,`typ_povinnosti`) VALUES (563,15,2,'P');
INSERT INTO `povinnostVOboru` (`id`,`id_oboru`,`id_predmetu`,`typ_povinnosti`) VALUES (564,15,50,'PV');
INSERT INTO `povinnostVOboru` (`id`,`id_oboru`,`id_predmetu`,`typ_povinnosti`) VALUES (565,15,31,'PV');
INSERT INTO `povinnostVOboru` (`id`,`id_oboru`,`id_predmetu`,`typ_povinnosti`) VALUES (566,15,32,'PV');
INSERT INTO `povinnostVOboru` (`id`,`id_oboru`,`id_predmetu`,`typ_povinnosti`) VALUES (567,15,45,'PV');
INSERT INTO `povinnostVOboru` (`id`,`id_oboru`,`id_predmetu`,`typ_povinnosti`) VALUES (568,15,4,'V');
INSERT INTO `povinnostVOboru` (`id`,`id_oboru`,`id_predmetu`,`typ_povinnosti`) VALUES (569,13,69,'P');
INSERT INTO `povinnostVOboru` (`id`,`id_oboru`,`id_predmetu`,`typ_povinnosti`) VALUES (570,13,6,'P');
INSERT INTO `povinnostVOboru` (`id`,`id_oboru`,`id_predmetu`,`typ_povinnosti`) VALUES (571,13,7,'P');
INSERT INTO `povinnostVOboru` (`id`,`id_oboru`,`id_predmetu`,`typ_povinnosti`) VALUES (572,13,71,'PV');
INSERT INTO `povinnostVOboru` (`id`,`id_oboru`,`id_predmetu`,`typ_povinnosti`) VALUES (573,13,13,'PV');
INSERT INTO `povinnostVOboru` (`id`,`id_oboru`,`id_predmetu`,`typ_povinnosti`) VALUES (574,13,61,'PV');
INSERT INTO `povinnostVOboru` (`id`,`id_oboru`,`id_predmetu`,`typ_povinnosti`) VALUES (575,13,9,'V');
INSERT INTO `povinnostVOboru` (`id`,`id_oboru`,`id_predmetu`,`typ_povinnosti`) VALUES (576,16,18,'P');
INSERT INTO `povinnostVOboru` (`id`,`id_oboru`,`id_predmetu`,`typ_povinnosti`) VALUES (577,16,41,'P');
INSERT INTO `povinnostVOboru` (`id`,`id_oboru`,`id_predmetu`,`typ_povinnosti`) VALUES (578,16,11,'P');
INSERT INTO `povinnostVOboru` (`id`,`id_oboru`,`id_predmetu`,`typ_povinnosti`) VALUES (579,16,49,'PV');
INSERT INTO `povinnostVOboru` (`id`,`id_oboru`,`id_predmetu`,`typ_povinnosti`) VALUES (580,16,43,'PV');
INSERT INTO `povinnostVOboru` (`id`,`id_oboru`,`id_predmetu`,`typ_povinnosti`) VALUES (581,16,30,'PV');
INSERT INTO `povinnostVOboru` (`id`,`id_oboru`,`id_predmetu`,`typ_povinnosti`) VALUES (582,16,17,'PV');
INSERT INTO `povinnostVOboru` (`id`,`id_oboru`,`id_predmetu`,`typ_povinnosti`) VALUES (583,16,15,'PV');
INSERT INTO `povinnostVOboru` (`id`,`id_oboru`,`id_predmetu`,`typ_povinnosti`) VALUES (584,16,36,'PV');
INSERT INTO `povinnostVOboru` (`id`,`id_oboru`,`id_predmetu`,`typ_povinnosti`) VALUES (585,16,46,'PV');
INSERT INTO `povinnostVOboru` (`id`,`id_oboru`,`id_predmetu`,`typ_povinnosti`) VALUES (586,14,12,'P');
INSERT INTO `povinnostVOboru` (`id`,`id_oboru`,`id_predmetu`,`typ_povinnosti`) VALUES (587,14,63,'P');
INSERT INTO `povinnostVOboru` (`id`,`id_oboru`,`id_predmetu`,`typ_povinnosti`) VALUES (588,14,74,'PV');
INSERT INTO `povinnostVOboru` (`id`,`id_oboru`,`id_predmetu`,`typ_povinnosti`) VALUES (589,14,65,'PV');
INSERT INTO `povinnostVOboru` (`id`,`id_oboru`,`id_predmetu`,`typ_povinnosti`) VALUES (590,14,95,'PV');
INSERT INTO `povinnostVOboru` (`id`,`id_oboru`,`id_predmetu`,`typ_povinnosti`) VALUES (591,16,64,'PV');
INSERT INTO `povinnostVOboru` (`id`,`id_oboru`,`id_predmetu`,`typ_povinnosti`) VALUES (592,15,64,'PV');
INSERT INTO `povinnostVOboru` (`id`,`id_oboru`,`id_predmetu`,`typ_povinnosti`) VALUES (593,16,19,'PV');
INSERT INTO `povinnostVOboru` (`id`,`id_oboru`,`id_predmetu`,`typ_povinnosti`) VALUES (594,15,19,'PV');
INSERT INTO `povinnostVOboru` (`id`,`id_oboru`,`id_predmetu`,`typ_povinnosti`) VALUES (595,16,20,'PV');
INSERT INTO `povinnostVOboru` (`id`,`id_oboru`,`id_predmetu`,`typ_povinnosti`) VALUES (596,15,20,'PV');
INSERT INTO `povinnostVOboru` (`id`,`id_oboru`,`id_predmetu`,`typ_povinnosti`) VALUES (597,16,21,'PV');
INSERT INTO `povinnostVOboru` (`id`,`id_oboru`,`id_predmetu`,`typ_povinnosti`) VALUES (598,15,21,'PV');
INSERT INTO `povinnostVOboru` (`id`,`id_oboru`,`id_predmetu`,`typ_povinnosti`) VALUES (599,16,22,'PV');
INSERT INTO `povinnostVOboru` (`id`,`id_oboru`,`id_predmetu`,`typ_povinnosti`) VALUES (600,15,22,'PV');
INSERT INTO `povinnostVOboru` (`id`,`id_oboru`,`id_predmetu`,`typ_povinnosti`) VALUES (601,16,23,'PV');
INSERT INTO `povinnostVOboru` (`id`,`id_oboru`,`id_predmetu`,`typ_povinnosti`) VALUES (602,15,23,'PV');
INSERT INTO `povinnostVOboru` (`id`,`id_oboru`,`id_predmetu`,`typ_povinnosti`) VALUES (603,16,24,'PV');
INSERT INTO `povinnostVOboru` (`id`,`id_oboru`,`id_predmetu`,`typ_povinnosti`) VALUES (604,15,24,'PV');
INSERT INTO `povinnostVOboru` (`id`,`id_oboru`,`id_predmetu`,`typ_povinnosti`) VALUES (605,16,25,'PV');
INSERT INTO `povinnostVOboru` (`id`,`id_oboru`,`id_predmetu`,`typ_povinnosti`) VALUES (606,15,25,'PV');
INSERT INTO `povinnostVOboru` (`id`,`id_oboru`,`id_predmetu`,`typ_povinnosti`) VALUES (607,16,26,'PV');
INSERT INTO `povinnostVOboru` (`id`,`id_oboru`,`id_predmetu`,`typ_povinnosti`) VALUES (608,15,26,'PV');
INSERT INTO `povinnostVOboru` (`id`,`id_oboru`,`id_predmetu`,`typ_povinnosti`) VALUES (609,16,27,'PV');
INSERT INTO `povinnostVOboru` (`id`,`id_oboru`,`id_predmetu`,`typ_povinnosti`) VALUES (610,15,27,'PV');
INSERT INTO `povinnostVOboru` (`id`,`id_oboru`,`id_predmetu`,`typ_povinnosti`) VALUES (611,16,28,'PV');
INSERT INTO `povinnostVOboru` (`id`,`id_oboru`,`id_predmetu`,`typ_povinnosti`) VALUES (612,15,28,'PV');
INSERT INTO `povinnostVOboru` (`id`,`id_oboru`,`id_predmetu`,`typ_povinnosti`) VALUES (613,16,10,'V');
INSERT INTO `povinnostVOboru` (`id`,`id_oboru`,`id_predmetu`,`typ_povinnosti`) VALUES (614,15,10,'V');
INSERT INTO `povinnostVOboru` (`id`,`id_oboru`,`id_predmetu`,`typ_povinnosti`) VALUES (615,16,29,'V');
INSERT INTO `povinnostVOboru` (`id`,`id_oboru`,`id_predmetu`,`typ_povinnosti`) VALUES (616,15,29,'V');
INSERT INTO `povinnostVOboru` (`id`,`id_oboru`,`id_predmetu`,`typ_povinnosti`) VALUES (617,16,33,'V');
INSERT INTO `povinnostVOboru` (`id`,`id_oboru`,`id_predmetu`,`typ_povinnosti`) VALUES (618,15,33,'V');
INSERT INTO `povinnostVOboru` (`id`,`id_oboru`,`id_predmetu`,`typ_povinnosti`) VALUES (619,16,34,'V');
INSERT INTO `povinnostVOboru` (`id`,`id_oboru`,`id_predmetu`,`typ_povinnosti`) VALUES (620,15,34,'V');
INSERT INTO `povinnostVOboru` (`id`,`id_oboru`,`id_predmetu`,`typ_povinnosti`) VALUES (621,16,16,'V');
INSERT INTO `povinnostVOboru` (`id`,`id_oboru`,`id_predmetu`,`typ_povinnosti`) VALUES (622,15,16,'V');
INSERT INTO `povinnostVOboru` (`id`,`id_oboru`,`id_predmetu`,`typ_povinnosti`) VALUES (623,16,35,'V');
INSERT INTO `povinnostVOboru` (`id`,`id_oboru`,`id_predmetu`,`typ_povinnosti`) VALUES (624,15,35,'V');
INSERT INTO `povinnostVOboru` (`id`,`id_oboru`,`id_predmetu`,`typ_povinnosti`) VALUES (625,16,37,'V');
INSERT INTO `povinnostVOboru` (`id`,`id_oboru`,`id_predmetu`,`typ_povinnosti`) VALUES (626,15,37,'V');
INSERT INTO `povinnostVOboru` (`id`,`id_oboru`,`id_predmetu`,`typ_povinnosti`) VALUES (627,16,38,'V');
INSERT INTO `povinnostVOboru` (`id`,`id_oboru`,`id_predmetu`,`typ_povinnosti`) VALUES (628,15,38,'V');
INSERT INTO `povinnostVOboru` (`id`,`id_oboru`,`id_predmetu`,`typ_povinnosti`) VALUES (629,16,39,'V');
INSERT INTO `povinnostVOboru` (`id`,`id_oboru`,`id_predmetu`,`typ_povinnosti`) VALUES (630,15,39,'V');
INSERT INTO `povinnostVOboru` (`id`,`id_oboru`,`id_predmetu`,`typ_povinnosti`) VALUES (631,16,40,'V');
INSERT INTO `povinnostVOboru` (`id`,`id_oboru`,`id_predmetu`,`typ_povinnosti`) VALUES (632,15,40,'V');
INSERT INTO `povinnostVOboru` (`id`,`id_oboru`,`id_predmetu`,`typ_povinnosti`) VALUES (633,16,42,'V');
INSERT INTO `povinnostVOboru` (`id`,`id_oboru`,`id_predmetu`,`typ_povinnosti`) VALUES (634,15,42,'V');
INSERT INTO `povinnostVOboru` (`id`,`id_oboru`,`id_predmetu`,`typ_povinnosti`) VALUES (635,16,44,'V');
INSERT INTO `povinnostVOboru` (`id`,`id_oboru`,`id_predmetu`,`typ_povinnosti`) VALUES (636,15,44,'V');
INSERT INTO `povinnostVOboru` (`id`,`id_oboru`,`id_predmetu`,`typ_povinnosti`) VALUES (637,16,47,'V');
INSERT INTO `povinnostVOboru` (`id`,`id_oboru`,`id_predmetu`,`typ_povinnosti`) VALUES (638,15,47,'V');
INSERT INTO `povinnostVOboru` (`id`,`id_oboru`,`id_predmetu`,`typ_povinnosti`) VALUES (639,16,48,'V');
INSERT INTO `povinnostVOboru` (`id`,`id_oboru`,`id_predmetu`,`typ_povinnosti`) VALUES (640,15,48,'V');
INSERT INTO `povinnostVOboru` (`id`,`id_oboru`,`id_predmetu`,`typ_povinnosti`) VALUES (641,16,51,'V');
INSERT INTO `povinnostVOboru` (`id`,`id_oboru`,`id_predmetu`,`typ_povinnosti`) VALUES (642,15,51,'V');
INSERT INTO `povinnostVOboru` (`id`,`id_oboru`,`id_predmetu`,`typ_povinnosti`) VALUES (643,16,52,'V');
INSERT INTO `povinnostVOboru` (`id`,`id_oboru`,`id_predmetu`,`typ_povinnosti`) VALUES (644,15,52,'V');
INSERT INTO `povinnostVOboru` (`id`,`id_oboru`,`id_predmetu`,`typ_povinnosti`) VALUES (645,16,53,'V');
INSERT INTO `povinnostVOboru` (`id`,`id_oboru`,`id_predmetu`,`typ_povinnosti`) VALUES (646,15,53,'V');
INSERT INTO `povinnostVOboru` (`id`,`id_oboru`,`id_predmetu`,`typ_povinnosti`) VALUES (647,16,54,'V');
INSERT INTO `povinnostVOboru` (`id`,`id_oboru`,`id_predmetu`,`typ_povinnosti`) VALUES (648,15,54,'V');
INSERT INTO `povinnostVOboru` (`id`,`id_oboru`,`id_predmetu`,`typ_povinnosti`) VALUES (649,16,55,'V');
INSERT INTO `povinnostVOboru` (`id`,`id_oboru`,`id_predmetu`,`typ_povinnosti`) VALUES (650,15,55,'V');
INSERT INTO `povinnostVOboru` (`id`,`id_oboru`,`id_predmetu`,`typ_povinnosti`) VALUES (651,16,56,'V');
INSERT INTO `povinnostVOboru` (`id`,`id_oboru`,`id_predmetu`,`typ_povinnosti`) VALUES (652,15,56,'V');
INSERT INTO `povinnostVOboru` (`id`,`id_oboru`,`id_predmetu`,`typ_povinnosti`) VALUES (653,16,57,'V');
INSERT INTO `povinnostVOboru` (`id`,`id_oboru`,`id_predmetu`,`typ_povinnosti`) VALUES (654,15,57,'V');
INSERT INTO `povinnostVOboru` (`id`,`id_oboru`,`id_predmetu`,`typ_povinnosti`) VALUES (655,16,58,'V');
INSERT INTO `povinnostVOboru` (`id`,`id_oboru`,`id_predmetu`,`typ_povinnosti`) VALUES (656,15,58,'V');
INSERT INTO `povinnostVOboru` (`id`,`id_oboru`,`id_predmetu`,`typ_povinnosti`) VALUES (657,14,64,'PV');
INSERT INTO `povinnostVOboru` (`id`,`id_oboru`,`id_predmetu`,`typ_povinnosti`) VALUES (658,13,64,'PV');
INSERT INTO `povinnostVOboru` (`id`,`id_oboru`,`id_predmetu`,`typ_povinnosti`) VALUES (659,14,19,'PV');
INSERT INTO `povinnostVOboru` (`id`,`id_oboru`,`id_predmetu`,`typ_povinnosti`) VALUES (660,13,19,'PV');
INSERT INTO `povinnostVOboru` (`id`,`id_oboru`,`id_predmetu`,`typ_povinnosti`) VALUES (661,14,20,'PV');
INSERT INTO `povinnostVOboru` (`id`,`id_oboru`,`id_predmetu`,`typ_povinnosti`) VALUES (662,13,20,'PV');
INSERT INTO `povinnostVOboru` (`id`,`id_oboru`,`id_predmetu`,`typ_povinnosti`) VALUES (663,14,21,'PV');
INSERT INTO `povinnostVOboru` (`id`,`id_oboru`,`id_predmetu`,`typ_povinnosti`) VALUES (664,13,21,'PV');
INSERT INTO `povinnostVOboru` (`id`,`id_oboru`,`id_predmetu`,`typ_povinnosti`) VALUES (665,14,22,'PV');
INSERT INTO `povinnostVOboru` (`id`,`id_oboru`,`id_predmetu`,`typ_povinnosti`) VALUES (666,13,22,'PV');
INSERT INTO `povinnostVOboru` (`id`,`id_oboru`,`id_predmetu`,`typ_povinnosti`) VALUES (667,14,23,'PV');
INSERT INTO `povinnostVOboru` (`id`,`id_oboru`,`id_predmetu`,`typ_povinnosti`) VALUES (668,13,23,'PV');
INSERT INTO `povinnostVOboru` (`id`,`id_oboru`,`id_predmetu`,`typ_povinnosti`) VALUES (669,14,24,'PV');
INSERT INTO `povinnostVOboru` (`id`,`id_oboru`,`id_predmetu`,`typ_povinnosti`) VALUES (670,13,24,'PV');
INSERT INTO `povinnostVOboru` (`id`,`id_oboru`,`id_predmetu`,`typ_povinnosti`) VALUES (671,14,25,'PV');
INSERT INTO `povinnostVOboru` (`id`,`id_oboru`,`id_predmetu`,`typ_povinnosti`) VALUES (672,13,25,'PV');
INSERT INTO `povinnostVOboru` (`id`,`id_oboru`,`id_predmetu`,`typ_povinnosti`) VALUES (673,14,26,'PV');
INSERT INTO `povinnostVOboru` (`id`,`id_oboru`,`id_predmetu`,`typ_povinnosti`) VALUES (674,13,26,'PV');
INSERT INTO `povinnostVOboru` (`id`,`id_oboru`,`id_predmetu`,`typ_povinnosti`) VALUES (675,14,27,'PV');
INSERT INTO `povinnostVOboru` (`id`,`id_oboru`,`id_predmetu`,`typ_povinnosti`) VALUES (676,13,27,'PV');
INSERT INTO `povinnostVOboru` (`id`,`id_oboru`,`id_predmetu`,`typ_povinnosti`) VALUES (677,14,28,'PV');
INSERT INTO `povinnostVOboru` (`id`,`id_oboru`,`id_predmetu`,`typ_povinnosti`) VALUES (678,13,28,'PV');
INSERT INTO `povinnostVOboru` (`id`,`id_oboru`,`id_predmetu`,`typ_povinnosti`) VALUES (679,14,5,'PV');
INSERT INTO `povinnostVOboru` (`id`,`id_oboru`,`id_predmetu`,`typ_povinnosti`) VALUES (680,13,5,'PV');
INSERT INTO `povinnostVOboru` (`id`,`id_oboru`,`id_predmetu`,`typ_povinnosti`) VALUES (681,14,8,'PV');
INSERT INTO `povinnostVOboru` (`id`,`id_oboru`,`id_predmetu`,`typ_povinnosti`) VALUES (682,13,8,'PV');
INSERT INTO `povinnostVOboru` (`id`,`id_oboru`,`id_predmetu`,`typ_povinnosti`) VALUES (683,14,94,'PV');
INSERT INTO `povinnostVOboru` (`id`,`id_oboru`,`id_predmetu`,`typ_povinnosti`) VALUES (684,13,94,'PV');
INSERT INTO `povinnostVOboru` (`id`,`id_oboru`,`id_predmetu`,`typ_povinnosti`) VALUES (685,14,68,'V');
INSERT INTO `povinnostVOboru` (`id`,`id_oboru`,`id_predmetu`,`typ_povinnosti`) VALUES (686,13,68,'V');
INSERT INTO `povinnostVOboru` (`id`,`id_oboru`,`id_predmetu`,`typ_povinnosti`) VALUES (687,14,70,'V');
INSERT INTO `povinnostVOboru` (`id`,`id_oboru`,`id_predmetu`,`typ_povinnosti`) VALUES (688,13,70,'V');
INSERT INTO `povinnostVOboru` (`id`,`id_oboru`,`id_predmetu`,`typ_povinnosti`) VALUES (689,14,60,'V');
INSERT INTO `povinnostVOboru` (`id`,`id_oboru`,`id_predmetu`,`typ_povinnosti`) VALUES (690,13,60,'V');
INSERT INTO `povinnostVOboru` (`id`,`id_oboru`,`id_predmetu`,`typ_povinnosti`) VALUES (691,14,72,'V');
INSERT INTO `povinnostVOboru` (`id`,`id_oboru`,`id_predmetu`,`typ_povinnosti`) VALUES (692,13,72,'V');
INSERT INTO `povinnostVOboru` (`id`,`id_oboru`,`id_predmetu`,`typ_povinnosti`) VALUES (693,14,73,'V');
INSERT INTO `povinnostVOboru` (`id`,`id_oboru`,`id_predmetu`,`typ_povinnosti`) VALUES (694,13,73,'V');
INSERT INTO `povinnostVOboru` (`id`,`id_oboru`,`id_predmetu`,`typ_povinnosti`) VALUES (695,14,66,'V');
INSERT INTO `povinnostVOboru` (`id`,`id_oboru`,`id_predmetu`,`typ_povinnosti`) VALUES (696,13,66,'V');
INSERT INTO `povinnostVOboru` (`id`,`id_oboru`,`id_predmetu`,`typ_povinnosti`) VALUES (697,14,75,'V');
INSERT INTO `povinnostVOboru` (`id`,`id_oboru`,`id_predmetu`,`typ_povinnosti`) VALUES (698,13,75,'V');
INSERT INTO `povinnostVOboru` (`id`,`id_oboru`,`id_predmetu`,`typ_povinnosti`) VALUES (699,14,76,'V');
INSERT INTO `povinnostVOboru` (`id`,`id_oboru`,`id_predmetu`,`typ_povinnosti`) VALUES (700,13,76,'V');
INSERT INTO `povinnostVOboru` (`id`,`id_oboru`,`id_predmetu`,`typ_povinnosti`) VALUES (701,14,77,'V');
INSERT INTO `povinnostVOboru` (`id`,`id_oboru`,`id_predmetu`,`typ_povinnosti`) VALUES (702,13,77,'V');
INSERT INTO `povinnostVOboru` (`id`,`id_oboru`,`id_predmetu`,`typ_povinnosti`) VALUES (703,14,78,'V');
INSERT INTO `povinnostVOboru` (`id`,`id_oboru`,`id_predmetu`,`typ_povinnosti`) VALUES (704,13,78,'V');
INSERT INTO `povinnostVOboru` (`id`,`id_oboru`,`id_predmetu`,`typ_povinnosti`) VALUES (705,14,79,'V');
INSERT INTO `povinnostVOboru` (`id`,`id_oboru`,`id_predmetu`,`typ_povinnosti`) VALUES (706,13,79,'V');
INSERT INTO `povinnostVOboru` (`id`,`id_oboru`,`id_predmetu`,`typ_povinnosti`) VALUES (707,14,80,'V');
INSERT INTO `povinnostVOboru` (`id`,`id_oboru`,`id_predmetu`,`typ_povinnosti`) VALUES (708,13,80,'V');
INSERT INTO `povinnostVOboru` (`id`,`id_oboru`,`id_predmetu`,`typ_povinnosti`) VALUES (709,14,81,'V');
INSERT INTO `povinnostVOboru` (`id`,`id_oboru`,`id_predmetu`,`typ_povinnosti`) VALUES (710,13,81,'V');
INSERT INTO `povinnostVOboru` (`id`,`id_oboru`,`id_predmetu`,`typ_povinnosti`) VALUES (711,14,82,'V');
INSERT INTO `povinnostVOboru` (`id`,`id_oboru`,`id_predmetu`,`typ_povinnosti`) VALUES (712,13,82,'V');
INSERT INTO `povinnostVOboru` (`id`,`id_oboru`,`id_predmetu`,`typ_povinnosti`) VALUES (713,14,83,'V');
INSERT INTO `povinnostVOboru` (`id`,`id_oboru`,`id_predmetu`,`typ_povinnosti`) VALUES (714,13,83,'V');
INSERT INTO `povinnostVOboru` (`id`,`id_oboru`,`id_predmetu`,`typ_povinnosti`) VALUES (715,14,84,'V');
INSERT INTO `povinnostVOboru` (`id`,`id_oboru`,`id_predmetu`,`typ_povinnosti`) VALUES (716,13,84,'V');
INSERT INTO `povinnostVOboru` (`id`,`id_oboru`,`id_predmetu`,`typ_povinnosti`) VALUES (717,14,14,'V');
INSERT INTO `povinnostVOboru` (`id`,`id_oboru`,`id_predmetu`,`typ_povinnosti`) VALUES (718,13,14,'V');
INSERT INTO `povinnostVOboru` (`id`,`id_oboru`,`id_predmetu`,`typ_povinnosti`) VALUES (719,14,85,'V');
INSERT INTO `povinnostVOboru` (`id`,`id_oboru`,`id_predmetu`,`typ_povinnosti`) VALUES (720,13,85,'V');
INSERT INTO `povinnostVOboru` (`id`,`id_oboru`,`id_predmetu`,`typ_povinnosti`) VALUES (721,14,86,'V');
INSERT INTO `povinnostVOboru` (`id`,`id_oboru`,`id_predmetu`,`typ_povinnosti`) VALUES (722,13,86,'V');
INSERT INTO `povinnostVOboru` (`id`,`id_oboru`,`id_predmetu`,`typ_povinnosti`) VALUES (723,14,59,'V');
INSERT INTO `povinnostVOboru` (`id`,`id_oboru`,`id_predmetu`,`typ_povinnosti`) VALUES (724,13,59,'V');
INSERT INTO `povinnostVOboru` (`id`,`id_oboru`,`id_predmetu`,`typ_povinnosti`) VALUES (725,14,87,'V');
INSERT INTO `povinnostVOboru` (`id`,`id_oboru`,`id_predmetu`,`typ_povinnosti`) VALUES (726,13,87,'V');
INSERT INTO `povinnostVOboru` (`id`,`id_oboru`,`id_predmetu`,`typ_povinnosti`) VALUES (727,14,67,'V');
INSERT INTO `povinnostVOboru` (`id`,`id_oboru`,`id_predmetu`,`typ_povinnosti`) VALUES (728,13,67,'V');
INSERT INTO `povinnostVOboru` (`id`,`id_oboru`,`id_predmetu`,`typ_povinnosti`) VALUES (729,14,88,'V');
INSERT INTO `povinnostVOboru` (`id`,`id_oboru`,`id_predmetu`,`typ_povinnosti`) VALUES (730,13,88,'V');
INSERT INTO `povinnostVOboru` (`id`,`id_oboru`,`id_predmetu`,`typ_povinnosti`) VALUES (731,14,62,'V');
INSERT INTO `povinnostVOboru` (`id`,`id_oboru`,`id_predmetu`,`typ_povinnosti`) VALUES (732,13,62,'V');
INSERT INTO `povinnostVOboru` (`id`,`id_oboru`,`id_predmetu`,`typ_povinnosti`) VALUES (733,14,89,'V');
INSERT INTO `povinnostVOboru` (`id`,`id_oboru`,`id_predmetu`,`typ_povinnosti`) VALUES (734,13,89,'V');
INSERT INTO `povinnostVOboru` (`id`,`id_oboru`,`id_predmetu`,`typ_povinnosti`) VALUES (735,14,90,'V');
INSERT INTO `povinnostVOboru` (`id`,`id_oboru`,`id_predmetu`,`typ_povinnosti`) VALUES (736,13,90,'V');
INSERT INTO `povinnostVOboru` (`id`,`id_oboru`,`id_predmetu`,`typ_povinnosti`) VALUES (737,14,91,'V');
INSERT INTO `povinnostVOboru` (`id`,`id_oboru`,`id_predmetu`,`typ_povinnosti`) VALUES (738,13,91,'V');
INSERT INTO `povinnostVOboru` (`id`,`id_oboru`,`id_predmetu`,`typ_povinnosti`) VALUES (739,14,92,'V');
INSERT INTO `povinnostVOboru` (`id`,`id_oboru`,`id_predmetu`,`typ_povinnosti`) VALUES (740,13,92,'V');
INSERT INTO `povinnostVOboru` (`id`,`id_oboru`,`id_predmetu`,`typ_povinnosti`) VALUES (741,14,93,'V');
INSERT INTO `povinnostVOboru` (`id`,`id_oboru`,`id_predmetu`,`typ_povinnosti`) VALUES (742,13,93,'V');
INSERT INTO `povinnostVOboru` (`id`,`id_oboru`,`id_predmetu`,`typ_povinnosti`) VALUES (743,14,58,'V');
INSERT INTO `povinnostVOboru` (`id`,`id_oboru`,`id_predmetu`,`typ_povinnosti`) VALUES (744,13,58,'V');
INSERT INTO `povinnostVOboru` (`id`,`id_oboru`,`id_predmetu`,`typ_povinnosti`) VALUES (745,19,1,'P');
INSERT INTO `povinnostVOboru` (`id`,`id_oboru`,`id_predmetu`,`typ_povinnosti`) VALUES (746,19,49,'P');
INSERT INTO `povinnostVOboru` (`id`,`id_oboru`,`id_predmetu`,`typ_povinnosti`) VALUES (747,19,2,'P');
INSERT INTO `povinnostVOboru` (`id`,`id_oboru`,`id_predmetu`,`typ_povinnosti`) VALUES (748,19,51,'V');
INSERT INTO `povinnostVOboru` (`id`,`id_oboru`,`id_predmetu`,`typ_povinnosti`) VALUES (749,19,4,'V');
INSERT INTO `povinnostVOboru` (`id`,`id_oboru`,`id_predmetu`,`typ_povinnosti`) VALUES (750,17,68,'P');
INSERT INTO `povinnostVOboru` (`id`,`id_oboru`,`id_predmetu`,`typ_povinnosti`) VALUES (751,17,5,'P');
INSERT INTO `povinnostVOboru` (`id`,`id_oboru`,`id_predmetu`,`typ_povinnosti`) VALUES (752,17,8,'P');
INSERT INTO `povinnostVOboru` (`id`,`id_oboru`,`id_predmetu`,`typ_povinnosti`) VALUES (753,17,61,'P');
INSERT INTO `povinnostVOboru` (`id`,`id_oboru`,`id_predmetu`,`typ_povinnosti`) VALUES (754,17,9,'V');
INSERT INTO `povinnostVOboru` (`id`,`id_oboru`,`id_predmetu`,`typ_povinnosti`) VALUES (755,20,29,'P');
INSERT INTO `povinnostVOboru` (`id`,`id_oboru`,`id_predmetu`,`typ_povinnosti`) VALUES (756,20,11,'P');
INSERT INTO `povinnostVOboru` (`id`,`id_oboru`,`id_predmetu`,`typ_povinnosti`) VALUES (757,20,50,'P');
INSERT INTO `povinnostVOboru` (`id`,`id_oboru`,`id_predmetu`,`typ_povinnosti`) VALUES (758,20,32,'P');
INSERT INTO `povinnostVOboru` (`id`,`id_oboru`,`id_predmetu`,`typ_povinnosti`) VALUES (759,18,12,'P');
INSERT INTO `povinnostVOboru` (`id`,`id_oboru`,`id_predmetu`,`typ_povinnosti`) VALUES (760,18,86,'P');
INSERT INTO `povinnostVOboru` (`id`,`id_oboru`,`id_predmetu`,`typ_povinnosti`) VALUES (761,20,15,'PV');
INSERT INTO `povinnostVOboru` (`id`,`id_oboru`,`id_predmetu`,`typ_povinnosti`) VALUES (762,19,15,'PV');
INSERT INTO `povinnostVOboru` (`id`,`id_oboru`,`id_predmetu`,`typ_povinnosti`) VALUES (763,20,16,'PV');
INSERT INTO `povinnostVOboru` (`id`,`id_oboru`,`id_predmetu`,`typ_povinnosti`) VALUES (764,19,16,'PV');
INSERT INTO `povinnostVOboru` (`id`,`id_oboru`,`id_predmetu`,`typ_povinnosti`) VALUES (765,20,17,'PV');
INSERT INTO `povinnostVOboru` (`id`,`id_oboru`,`id_predmetu`,`typ_povinnosti`) VALUES (766,19,17,'PV');
INSERT INTO `povinnostVOboru` (`id`,`id_oboru`,`id_predmetu`,`typ_povinnosti`) VALUES (767,20,96,'PV');
INSERT INTO `povinnostVOboru` (`id`,`id_oboru`,`id_predmetu`,`typ_povinnosti`) VALUES (768,19,96,'PV');
INSERT INTO `povinnostVOboru` (`id`,`id_oboru`,`id_predmetu`,`typ_povinnosti`) VALUES (769,20,64,'PV');
INSERT INTO `povinnostVOboru` (`id`,`id_oboru`,`id_predmetu`,`typ_povinnosti`) VALUES (770,19,64,'PV');
INSERT INTO `povinnostVOboru` (`id`,`id_oboru`,`id_predmetu`,`typ_povinnosti`) VALUES (771,20,19,'PV');
INSERT INTO `povinnostVOboru` (`id`,`id_oboru`,`id_predmetu`,`typ_povinnosti`) VALUES (772,19,19,'PV');
INSERT INTO `povinnostVOboru` (`id`,`id_oboru`,`id_predmetu`,`typ_povinnosti`) VALUES (773,20,20,'PV');
INSERT INTO `povinnostVOboru` (`id`,`id_oboru`,`id_predmetu`,`typ_povinnosti`) VALUES (774,19,20,'PV');
INSERT INTO `povinnostVOboru` (`id`,`id_oboru`,`id_predmetu`,`typ_povinnosti`) VALUES (775,20,21,'PV');
INSERT INTO `povinnostVOboru` (`id`,`id_oboru`,`id_predmetu`,`typ_povinnosti`) VALUES (776,19,21,'PV');
INSERT INTO `povinnostVOboru` (`id`,`id_oboru`,`id_predmetu`,`typ_povinnosti`) VALUES (777,20,22,'PV');
INSERT INTO `povinnostVOboru` (`id`,`id_oboru`,`id_predmetu`,`typ_povinnosti`) VALUES (778,19,22,'PV');
INSERT INTO `povinnostVOboru` (`id`,`id_oboru`,`id_predmetu`,`typ_povinnosti`) VALUES (779,20,23,'PV');
INSERT INTO `povinnostVOboru` (`id`,`id_oboru`,`id_predmetu`,`typ_povinnosti`) VALUES (780,19,23,'PV');
INSERT INTO `povinnostVOboru` (`id`,`id_oboru`,`id_predmetu`,`typ_povinnosti`) VALUES (781,20,24,'PV');
INSERT INTO `povinnostVOboru` (`id`,`id_oboru`,`id_predmetu`,`typ_povinnosti`) VALUES (782,19,24,'PV');
INSERT INTO `povinnostVOboru` (`id`,`id_oboru`,`id_predmetu`,`typ_povinnosti`) VALUES (783,20,25,'PV');
INSERT INTO `povinnostVOboru` (`id`,`id_oboru`,`id_predmetu`,`typ_povinnosti`) VALUES (784,19,25,'PV');
INSERT INTO `povinnostVOboru` (`id`,`id_oboru`,`id_predmetu`,`typ_povinnosti`) VALUES (785,20,26,'PV');
INSERT INTO `povinnostVOboru` (`id`,`id_oboru`,`id_predmetu`,`typ_povinnosti`) VALUES (786,19,26,'PV');
INSERT INTO `povinnostVOboru` (`id`,`id_oboru`,`id_predmetu`,`typ_povinnosti`) VALUES (787,20,27,'PV');
INSERT INTO `povinnostVOboru` (`id`,`id_oboru`,`id_predmetu`,`typ_povinnosti`) VALUES (788,19,27,'PV');
INSERT INTO `povinnostVOboru` (`id`,`id_oboru`,`id_predmetu`,`typ_povinnosti`) VALUES (789,20,28,'PV');
INSERT INTO `povinnostVOboru` (`id`,`id_oboru`,`id_predmetu`,`typ_povinnosti`) VALUES (790,19,28,'PV');
INSERT INTO `povinnostVOboru` (`id`,`id_oboru`,`id_predmetu`,`typ_povinnosti`) VALUES (791,20,10,'PV');
INSERT INTO `povinnostVOboru` (`id`,`id_oboru`,`id_predmetu`,`typ_povinnosti`) VALUES (792,19,10,'PV');
INSERT INTO `povinnostVOboru` (`id`,`id_oboru`,`id_predmetu`,`typ_povinnosti`) VALUES (793,20,3,'PV');
INSERT INTO `povinnostVOboru` (`id`,`id_oboru`,`id_predmetu`,`typ_povinnosti`) VALUES (794,19,3,'PV');
INSERT INTO `povinnostVOboru` (`id`,`id_oboru`,`id_predmetu`,`typ_povinnosti`) VALUES (795,20,46,'PV');
INSERT INTO `povinnostVOboru` (`id`,`id_oboru`,`id_predmetu`,`typ_povinnosti`) VALUES (796,19,46,'PV');
INSERT INTO `povinnostVOboru` (`id`,`id_oboru`,`id_predmetu`,`typ_povinnosti`) VALUES (797,20,47,'PV');
INSERT INTO `povinnostVOboru` (`id`,`id_oboru`,`id_predmetu`,`typ_povinnosti`) VALUES (798,19,47,'PV');
INSERT INTO `povinnostVOboru` (`id`,`id_oboru`,`id_predmetu`,`typ_povinnosti`) VALUES (799,20,42,'PV');
INSERT INTO `povinnostVOboru` (`id`,`id_oboru`,`id_predmetu`,`typ_povinnosti`) VALUES (800,19,42,'PV');
INSERT INTO `povinnostVOboru` (`id`,`id_oboru`,`id_predmetu`,`typ_povinnosti`) VALUES (801,20,54,'PV');
INSERT INTO `povinnostVOboru` (`id`,`id_oboru`,`id_predmetu`,`typ_povinnosti`) VALUES (802,19,54,'PV');
INSERT INTO `povinnostVOboru` (`id`,`id_oboru`,`id_predmetu`,`typ_povinnosti`) VALUES (803,20,18,'V');
INSERT INTO `povinnostVOboru` (`id`,`id_oboru`,`id_predmetu`,`typ_povinnosti`) VALUES (804,19,18,'V');
INSERT INTO `povinnostVOboru` (`id`,`id_oboru`,`id_predmetu`,`typ_povinnosti`) VALUES (805,20,31,'V');
INSERT INTO `povinnostVOboru` (`id`,`id_oboru`,`id_predmetu`,`typ_povinnosti`) VALUES (806,19,31,'V');
INSERT INTO `povinnostVOboru` (`id`,`id_oboru`,`id_predmetu`,`typ_povinnosti`) VALUES (807,20,33,'V');
INSERT INTO `povinnostVOboru` (`id`,`id_oboru`,`id_predmetu`,`typ_povinnosti`) VALUES (808,19,33,'V');
INSERT INTO `povinnostVOboru` (`id`,`id_oboru`,`id_predmetu`,`typ_povinnosti`) VALUES (809,20,35,'V');
INSERT INTO `povinnostVOboru` (`id`,`id_oboru`,`id_predmetu`,`typ_povinnosti`) VALUES (810,19,35,'V');
INSERT INTO `povinnostVOboru` (`id`,`id_oboru`,`id_predmetu`,`typ_povinnosti`) VALUES (811,20,36,'V');
INSERT INTO `povinnostVOboru` (`id`,`id_oboru`,`id_predmetu`,`typ_povinnosti`) VALUES (812,19,36,'V');
INSERT INTO `povinnostVOboru` (`id`,`id_oboru`,`id_predmetu`,`typ_povinnosti`) VALUES (813,20,37,'V');
INSERT INTO `povinnostVOboru` (`id`,`id_oboru`,`id_predmetu`,`typ_povinnosti`) VALUES (814,19,37,'V');
INSERT INTO `povinnostVOboru` (`id`,`id_oboru`,`id_predmetu`,`typ_povinnosti`) VALUES (815,20,38,'V');
INSERT INTO `povinnostVOboru` (`id`,`id_oboru`,`id_predmetu`,`typ_povinnosti`) VALUES (816,19,38,'V');
INSERT INTO `povinnostVOboru` (`id`,`id_oboru`,`id_predmetu`,`typ_povinnosti`) VALUES (817,20,39,'V');
INSERT INTO `povinnostVOboru` (`id`,`id_oboru`,`id_predmetu`,`typ_povinnosti`) VALUES (818,19,39,'V');
INSERT INTO `povinnostVOboru` (`id`,`id_oboru`,`id_predmetu`,`typ_povinnosti`) VALUES (819,20,40,'V');
INSERT INTO `povinnostVOboru` (`id`,`id_oboru`,`id_predmetu`,`typ_povinnosti`) VALUES (820,19,40,'V');
INSERT INTO `povinnostVOboru` (`id`,`id_oboru`,`id_predmetu`,`typ_povinnosti`) VALUES (821,20,41,'V');
INSERT INTO `povinnostVOboru` (`id`,`id_oboru`,`id_predmetu`,`typ_povinnosti`) VALUES (822,19,41,'V');
INSERT INTO `povinnostVOboru` (`id`,`id_oboru`,`id_predmetu`,`typ_povinnosti`) VALUES (823,20,43,'V');
INSERT INTO `povinnostVOboru` (`id`,`id_oboru`,`id_predmetu`,`typ_povinnosti`) VALUES (824,19,43,'V');
INSERT INTO `povinnostVOboru` (`id`,`id_oboru`,`id_predmetu`,`typ_povinnosti`) VALUES (825,20,44,'V');
INSERT INTO `povinnostVOboru` (`id`,`id_oboru`,`id_predmetu`,`typ_povinnosti`) VALUES (826,19,44,'V');
INSERT INTO `povinnostVOboru` (`id`,`id_oboru`,`id_predmetu`,`typ_povinnosti`) VALUES (827,20,45,'V');
INSERT INTO `povinnostVOboru` (`id`,`id_oboru`,`id_predmetu`,`typ_povinnosti`) VALUES (828,19,45,'V');
INSERT INTO `povinnostVOboru` (`id`,`id_oboru`,`id_predmetu`,`typ_povinnosti`) VALUES (829,20,30,'V');
INSERT INTO `povinnostVOboru` (`id`,`id_oboru`,`id_predmetu`,`typ_povinnosti`) VALUES (830,19,30,'V');
INSERT INTO `povinnostVOboru` (`id`,`id_oboru`,`id_predmetu`,`typ_povinnosti`) VALUES (831,20,48,'V');
INSERT INTO `povinnostVOboru` (`id`,`id_oboru`,`id_predmetu`,`typ_povinnosti`) VALUES (832,19,48,'V');
INSERT INTO `povinnostVOboru` (`id`,`id_oboru`,`id_predmetu`,`typ_povinnosti`) VALUES (833,20,53,'V');
INSERT INTO `povinnostVOboru` (`id`,`id_oboru`,`id_predmetu`,`typ_povinnosti`) VALUES (834,19,53,'V');
INSERT INTO `povinnostVOboru` (`id`,`id_oboru`,`id_predmetu`,`typ_povinnosti`) VALUES (835,20,56,'V');
INSERT INTO `povinnostVOboru` (`id`,`id_oboru`,`id_predmetu`,`typ_povinnosti`) VALUES (836,19,56,'V');
INSERT INTO `povinnostVOboru` (`id`,`id_oboru`,`id_predmetu`,`typ_povinnosti`) VALUES (837,20,57,'V');
INSERT INTO `povinnostVOboru` (`id`,`id_oboru`,`id_predmetu`,`typ_povinnosti`) VALUES (838,19,57,'V');
INSERT INTO `povinnostVOboru` (`id`,`id_oboru`,`id_predmetu`,`typ_povinnosti`) VALUES (839,20,58,'V');
INSERT INTO `povinnostVOboru` (`id`,`id_oboru`,`id_predmetu`,`typ_povinnosti`) VALUES (840,19,58,'V');
INSERT INTO `povinnostVOboru` (`id`,`id_oboru`,`id_predmetu`,`typ_povinnosti`) VALUES (841,18,60,'PV');
INSERT INTO `povinnostVOboru` (`id`,`id_oboru`,`id_predmetu`,`typ_povinnosti`) VALUES (842,17,60,'PV');
INSERT INTO `povinnostVOboru` (`id`,`id_oboru`,`id_predmetu`,`typ_povinnosti`) VALUES (843,18,88,'PV');
INSERT INTO `povinnostVOboru` (`id`,`id_oboru`,`id_predmetu`,`typ_povinnosti`) VALUES (844,17,88,'PV');
INSERT INTO `povinnostVOboru` (`id`,`id_oboru`,`id_predmetu`,`typ_povinnosti`) VALUES (845,18,92,'PV');
INSERT INTO `povinnostVOboru` (`id`,`id_oboru`,`id_predmetu`,`typ_povinnosti`) VALUES (846,17,92,'PV');
INSERT INTO `povinnostVOboru` (`id`,`id_oboru`,`id_predmetu`,`typ_povinnosti`) VALUES (847,18,13,'PV');
INSERT INTO `povinnostVOboru` (`id`,`id_oboru`,`id_predmetu`,`typ_povinnosti`) VALUES (848,17,13,'PV');
INSERT INTO `povinnostVOboru` (`id`,`id_oboru`,`id_predmetu`,`typ_povinnosti`) VALUES (849,18,7,'PV');
INSERT INTO `povinnostVOboru` (`id`,`id_oboru`,`id_predmetu`,`typ_povinnosti`) VALUES (850,17,7,'PV');
INSERT INTO `povinnostVOboru` (`id`,`id_oboru`,`id_predmetu`,`typ_povinnosti`) VALUES (851,18,95,'PV');
INSERT INTO `povinnostVOboru` (`id`,`id_oboru`,`id_predmetu`,`typ_povinnosti`) VALUES (852,17,95,'PV');
INSERT INTO `povinnostVOboru` (`id`,`id_oboru`,`id_predmetu`,`typ_povinnosti`) VALUES (853,18,64,'PV');
INSERT INTO `povinnostVOboru` (`id`,`id_oboru`,`id_predmetu`,`typ_povinnosti`) VALUES (854,17,64,'PV');
INSERT INTO `povinnostVOboru` (`id`,`id_oboru`,`id_predmetu`,`typ_povinnosti`) VALUES (855,18,19,'PV');
INSERT INTO `povinnostVOboru` (`id`,`id_oboru`,`id_predmetu`,`typ_povinnosti`) VALUES (856,17,19,'PV');
INSERT INTO `povinnostVOboru` (`id`,`id_oboru`,`id_predmetu`,`typ_povinnosti`) VALUES (857,18,20,'PV');
INSERT INTO `povinnostVOboru` (`id`,`id_oboru`,`id_predmetu`,`typ_povinnosti`) VALUES (858,17,20,'PV');
INSERT INTO `povinnostVOboru` (`id`,`id_oboru`,`id_predmetu`,`typ_povinnosti`) VALUES (859,18,21,'PV');
INSERT INTO `povinnostVOboru` (`id`,`id_oboru`,`id_predmetu`,`typ_povinnosti`) VALUES (860,17,21,'PV');
INSERT INTO `povinnostVOboru` (`id`,`id_oboru`,`id_predmetu`,`typ_povinnosti`) VALUES (861,18,22,'PV');
INSERT INTO `povinnostVOboru` (`id`,`id_oboru`,`id_predmetu`,`typ_povinnosti`) VALUES (862,17,22,'PV');
INSERT INTO `povinnostVOboru` (`id`,`id_oboru`,`id_predmetu`,`typ_povinnosti`) VALUES (863,18,23,'PV');
INSERT INTO `povinnostVOboru` (`id`,`id_oboru`,`id_predmetu`,`typ_povinnosti`) VALUES (864,17,23,'PV');
INSERT INTO `povinnostVOboru` (`id`,`id_oboru`,`id_predmetu`,`typ_povinnosti`) VALUES (865,18,24,'PV');
INSERT INTO `povinnostVOboru` (`id`,`id_oboru`,`id_predmetu`,`typ_povinnosti`) VALUES (866,17,24,'PV');
INSERT INTO `povinnostVOboru` (`id`,`id_oboru`,`id_predmetu`,`typ_povinnosti`) VALUES (867,18,25,'PV');
INSERT INTO `povinnostVOboru` (`id`,`id_oboru`,`id_predmetu`,`typ_povinnosti`) VALUES (868,17,25,'PV');
INSERT INTO `povinnostVOboru` (`id`,`id_oboru`,`id_predmetu`,`typ_povinnosti`) VALUES (869,18,26,'PV');
INSERT INTO `povinnostVOboru` (`id`,`id_oboru`,`id_predmetu`,`typ_povinnosti`) VALUES (870,17,26,'PV');
INSERT INTO `povinnostVOboru` (`id`,`id_oboru`,`id_predmetu`,`typ_povinnosti`) VALUES (871,18,27,'PV');
INSERT INTO `povinnostVOboru` (`id`,`id_oboru`,`id_predmetu`,`typ_povinnosti`) VALUES (872,17,27,'PV');
INSERT INTO `povinnostVOboru` (`id`,`id_oboru`,`id_predmetu`,`typ_povinnosti`) VALUES (873,18,28,'PV');
INSERT INTO `povinnostVOboru` (`id`,`id_oboru`,`id_predmetu`,`typ_povinnosti`) VALUES (874,17,28,'PV');
INSERT INTO `povinnostVOboru` (`id`,`id_oboru`,`id_predmetu`,`typ_povinnosti`) VALUES (875,18,71,'PV');
INSERT INTO `povinnostVOboru` (`id`,`id_oboru`,`id_predmetu`,`typ_povinnosti`) VALUES (876,17,71,'PV');
INSERT INTO `povinnostVOboru` (`id`,`id_oboru`,`id_predmetu`,`typ_povinnosti`) VALUES (877,18,77,'PV');
INSERT INTO `povinnostVOboru` (`id`,`id_oboru`,`id_predmetu`,`typ_povinnosti`) VALUES (878,17,77,'PV');
INSERT INTO `povinnostVOboru` (`id`,`id_oboru`,`id_predmetu`,`typ_povinnosti`) VALUES (879,18,65,'PV');
INSERT INTO `povinnostVOboru` (`id`,`id_oboru`,`id_predmetu`,`typ_povinnosti`) VALUES (880,17,65,'PV');
INSERT INTO `povinnostVOboru` (`id`,`id_oboru`,`id_predmetu`,`typ_povinnosti`) VALUES (881,18,69,'V');
INSERT INTO `povinnostVOboru` (`id`,`id_oboru`,`id_predmetu`,`typ_povinnosti`) VALUES (882,17,69,'V');
INSERT INTO `povinnostVOboru` (`id`,`id_oboru`,`id_predmetu`,`typ_povinnosti`) VALUES (883,18,70,'V');
INSERT INTO `povinnostVOboru` (`id`,`id_oboru`,`id_predmetu`,`typ_povinnosti`) VALUES (884,17,70,'V');
INSERT INTO `povinnostVOboru` (`id`,`id_oboru`,`id_predmetu`,`typ_povinnosti`) VALUES (885,18,72,'V');
INSERT INTO `povinnostVOboru` (`id`,`id_oboru`,`id_predmetu`,`typ_povinnosti`) VALUES (886,17,72,'V');
INSERT INTO `povinnostVOboru` (`id`,`id_oboru`,`id_predmetu`,`typ_povinnosti`) VALUES (887,18,73,'V');
INSERT INTO `povinnostVOboru` (`id`,`id_oboru`,`id_predmetu`,`typ_povinnosti`) VALUES (888,17,73,'V');
INSERT INTO `povinnostVOboru` (`id`,`id_oboru`,`id_predmetu`,`typ_povinnosti`) VALUES (889,18,66,'V');
INSERT INTO `povinnostVOboru` (`id`,`id_oboru`,`id_predmetu`,`typ_povinnosti`) VALUES (890,17,66,'V');
INSERT INTO `povinnostVOboru` (`id`,`id_oboru`,`id_predmetu`,`typ_povinnosti`) VALUES (891,18,74,'V');
INSERT INTO `povinnostVOboru` (`id`,`id_oboru`,`id_predmetu`,`typ_povinnosti`) VALUES (892,17,74,'V');
INSERT INTO `povinnostVOboru` (`id`,`id_oboru`,`id_predmetu`,`typ_povinnosti`) VALUES (893,18,75,'V');
INSERT INTO `povinnostVOboru` (`id`,`id_oboru`,`id_predmetu`,`typ_povinnosti`) VALUES (894,17,75,'V');
INSERT INTO `povinnostVOboru` (`id`,`id_oboru`,`id_predmetu`,`typ_povinnosti`) VALUES (895,18,76,'V');
INSERT INTO `povinnostVOboru` (`id`,`id_oboru`,`id_predmetu`,`typ_povinnosti`) VALUES (896,17,76,'V');
INSERT INTO `povinnostVOboru` (`id`,`id_oboru`,`id_predmetu`,`typ_povinnosti`) VALUES (897,18,78,'V');
INSERT INTO `povinnostVOboru` (`id`,`id_oboru`,`id_predmetu`,`typ_povinnosti`) VALUES (898,17,78,'V');
INSERT INTO `povinnostVOboru` (`id`,`id_oboru`,`id_predmetu`,`typ_povinnosti`) VALUES (899,18,6,'V');
INSERT INTO `povinnostVOboru` (`id`,`id_oboru`,`id_predmetu`,`typ_povinnosti`) VALUES (900,17,6,'V');
INSERT INTO `povinnostVOboru` (`id`,`id_oboru`,`id_predmetu`,`typ_povinnosti`) VALUES (901,18,79,'V');
INSERT INTO `povinnostVOboru` (`id`,`id_oboru`,`id_predmetu`,`typ_povinnosti`) VALUES (902,17,79,'V');
INSERT INTO `povinnostVOboru` (`id`,`id_oboru`,`id_predmetu`,`typ_povinnosti`) VALUES (903,18,80,'V');
INSERT INTO `povinnostVOboru` (`id`,`id_oboru`,`id_predmetu`,`typ_povinnosti`) VALUES (904,17,80,'V');
INSERT INTO `povinnostVOboru` (`id`,`id_oboru`,`id_predmetu`,`typ_povinnosti`) VALUES (905,18,82,'V');
INSERT INTO `povinnostVOboru` (`id`,`id_oboru`,`id_predmetu`,`typ_povinnosti`) VALUES (906,17,82,'V');
INSERT INTO `povinnostVOboru` (`id`,`id_oboru`,`id_predmetu`,`typ_povinnosti`) VALUES (907,18,83,'V');
INSERT INTO `povinnostVOboru` (`id`,`id_oboru`,`id_predmetu`,`typ_povinnosti`) VALUES (908,17,83,'V');
INSERT INTO `povinnostVOboru` (`id`,`id_oboru`,`id_predmetu`,`typ_povinnosti`) VALUES (909,18,84,'V');
INSERT INTO `povinnostVOboru` (`id`,`id_oboru`,`id_predmetu`,`typ_povinnosti`) VALUES (910,17,84,'V');
INSERT INTO `povinnostVOboru` (`id`,`id_oboru`,`id_predmetu`,`typ_povinnosti`) VALUES (911,18,63,'V');
INSERT INTO `povinnostVOboru` (`id`,`id_oboru`,`id_predmetu`,`typ_povinnosti`) VALUES (912,17,63,'V');
INSERT INTO `povinnostVOboru` (`id`,`id_oboru`,`id_predmetu`,`typ_povinnosti`) VALUES (913,18,14,'V');
INSERT INTO `povinnostVOboru` (`id`,`id_oboru`,`id_predmetu`,`typ_povinnosti`) VALUES (914,17,14,'V');
INSERT INTO `povinnostVOboru` (`id`,`id_oboru`,`id_predmetu`,`typ_povinnosti`) VALUES (915,18,59,'V');
INSERT INTO `povinnostVOboru` (`id`,`id_oboru`,`id_predmetu`,`typ_povinnosti`) VALUES (916,17,59,'V');
INSERT INTO `povinnostVOboru` (`id`,`id_oboru`,`id_predmetu`,`typ_povinnosti`) VALUES (917,18,87,'V');
INSERT INTO `povinnostVOboru` (`id`,`id_oboru`,`id_predmetu`,`typ_povinnosti`) VALUES (918,17,87,'V');
INSERT INTO `povinnostVOboru` (`id`,`id_oboru`,`id_predmetu`,`typ_povinnosti`) VALUES (919,18,67,'V');
INSERT INTO `povinnostVOboru` (`id`,`id_oboru`,`id_predmetu`,`typ_povinnosti`) VALUES (920,17,67,'V');
INSERT INTO `povinnostVOboru` (`id`,`id_oboru`,`id_predmetu`,`typ_povinnosti`) VALUES (921,18,62,'V');
INSERT INTO `povinnostVOboru` (`id`,`id_oboru`,`id_predmetu`,`typ_povinnosti`) VALUES (922,17,62,'V');
INSERT INTO `povinnostVOboru` (`id`,`id_oboru`,`id_predmetu`,`typ_povinnosti`) VALUES (923,18,90,'V');
INSERT INTO `povinnostVOboru` (`id`,`id_oboru`,`id_predmetu`,`typ_povinnosti`) VALUES (924,17,90,'V');
INSERT INTO `povinnostVOboru` (`id`,`id_oboru`,`id_predmetu`,`typ_povinnosti`) VALUES (925,18,91,'V');
INSERT INTO `povinnostVOboru` (`id`,`id_oboru`,`id_predmetu`,`typ_povinnosti`) VALUES (926,17,91,'V');
INSERT INTO `povinnostVOboru` (`id`,`id_oboru`,`id_predmetu`,`typ_povinnosti`) VALUES (927,18,93,'V');
INSERT INTO `povinnostVOboru` (`id`,`id_oboru`,`id_predmetu`,`typ_povinnosti`) VALUES (928,17,93,'V');
INSERT INTO `povinnostVOboru` (`id`,`id_oboru`,`id_predmetu`,`typ_povinnosti`) VALUES (929,18,94,'V');
INSERT INTO `povinnostVOboru` (`id`,`id_oboru`,`id_predmetu`,`typ_povinnosti`) VALUES (930,17,94,'V');
INSERT INTO `povinnostVOboru` (`id`,`id_oboru`,`id_predmetu`,`typ_povinnosti`) VALUES (931,18,58,'V');
INSERT INTO `povinnostVOboru` (`id`,`id_oboru`,`id_predmetu`,`typ_povinnosti`) VALUES (932,17,58,'V');
INSERT INTO `povinnostVOboru` (`id`,`id_oboru`,`id_predmetu`,`typ_povinnosti`) VALUES (933,23,1,'P');
INSERT INTO `povinnostVOboru` (`id`,`id_oboru`,`id_predmetu`,`typ_povinnosti`) VALUES (934,23,2,'P');
INSERT INTO `povinnostVOboru` (`id`,`id_oboru`,`id_predmetu`,`typ_povinnosti`) VALUES (935,23,4,'V');
INSERT INTO `povinnostVOboru` (`id`,`id_oboru`,`id_predmetu`,`typ_povinnosti`) VALUES (936,21,9,'V');
INSERT INTO `povinnostVOboru` (`id`,`id_oboru`,`id_predmetu`,`typ_povinnosti`) VALUES (937,24,11,'P');
INSERT INTO `povinnostVOboru` (`id`,`id_oboru`,`id_predmetu`,`typ_povinnosti`) VALUES (938,22,12,'P');
INSERT INTO `povinnostVOboru` (`id`,`id_oboru`,`id_predmetu`,`typ_povinnosti`) VALUES (939,24,16,'P');
INSERT INTO `povinnostVOboru` (`id`,`id_oboru`,`id_predmetu`,`typ_povinnosti`) VALUES (940,23,16,'P');
INSERT INTO `povinnostVOboru` (`id`,`id_oboru`,`id_predmetu`,`typ_povinnosti`) VALUES (941,24,35,'P');
INSERT INTO `povinnostVOboru` (`id`,`id_oboru`,`id_predmetu`,`typ_povinnosti`) VALUES (942,23,35,'P');
INSERT INTO `povinnostVOboru` (`id`,`id_oboru`,`id_predmetu`,`typ_povinnosti`) VALUES (943,24,54,'P');
INSERT INTO `povinnostVOboru` (`id`,`id_oboru`,`id_predmetu`,`typ_povinnosti`) VALUES (944,23,54,'P');
INSERT INTO `povinnostVOboru` (`id`,`id_oboru`,`id_predmetu`,`typ_povinnosti`) VALUES (945,24,56,'P');
INSERT INTO `povinnostVOboru` (`id`,`id_oboru`,`id_predmetu`,`typ_povinnosti`) VALUES (946,23,56,'P');
INSERT INTO `povinnostVOboru` (`id`,`id_oboru`,`id_predmetu`,`typ_povinnosti`) VALUES (947,24,15,'PV');
INSERT INTO `povinnostVOboru` (`id`,`id_oboru`,`id_predmetu`,`typ_povinnosti`) VALUES (948,23,15,'PV');
INSERT INTO `povinnostVOboru` (`id`,`id_oboru`,`id_predmetu`,`typ_povinnosti`) VALUES (949,24,64,'PV');
INSERT INTO `povinnostVOboru` (`id`,`id_oboru`,`id_predmetu`,`typ_povinnosti`) VALUES (950,23,64,'PV');
INSERT INTO `povinnostVOboru` (`id`,`id_oboru`,`id_predmetu`,`typ_povinnosti`) VALUES (951,24,19,'PV');
INSERT INTO `povinnostVOboru` (`id`,`id_oboru`,`id_predmetu`,`typ_povinnosti`) VALUES (952,23,19,'PV');
INSERT INTO `povinnostVOboru` (`id`,`id_oboru`,`id_predmetu`,`typ_povinnosti`) VALUES (953,24,20,'PV');
INSERT INTO `povinnostVOboru` (`id`,`id_oboru`,`id_predmetu`,`typ_povinnosti`) VALUES (954,23,20,'PV');
INSERT INTO `povinnostVOboru` (`id`,`id_oboru`,`id_predmetu`,`typ_povinnosti`) VALUES (955,24,21,'PV');
INSERT INTO `povinnostVOboru` (`id`,`id_oboru`,`id_predmetu`,`typ_povinnosti`) VALUES (956,23,21,'PV');
INSERT INTO `povinnostVOboru` (`id`,`id_oboru`,`id_predmetu`,`typ_povinnosti`) VALUES (957,24,22,'PV');
INSERT INTO `povinnostVOboru` (`id`,`id_oboru`,`id_predmetu`,`typ_povinnosti`) VALUES (958,23,22,'PV');
INSERT INTO `povinnostVOboru` (`id`,`id_oboru`,`id_predmetu`,`typ_povinnosti`) VALUES (959,24,23,'PV');
INSERT INTO `povinnostVOboru` (`id`,`id_oboru`,`id_predmetu`,`typ_povinnosti`) VALUES (960,23,23,'PV');
INSERT INTO `povinnostVOboru` (`id`,`id_oboru`,`id_predmetu`,`typ_povinnosti`) VALUES (961,24,24,'PV');
INSERT INTO `povinnostVOboru` (`id`,`id_oboru`,`id_predmetu`,`typ_povinnosti`) VALUES (962,23,24,'PV');
INSERT INTO `povinnostVOboru` (`id`,`id_oboru`,`id_predmetu`,`typ_povinnosti`) VALUES (963,24,25,'PV');
INSERT INTO `povinnostVOboru` (`id`,`id_oboru`,`id_predmetu`,`typ_povinnosti`) VALUES (964,23,25,'PV');
INSERT INTO `povinnostVOboru` (`id`,`id_oboru`,`id_predmetu`,`typ_povinnosti`) VALUES (965,24,26,'PV');
INSERT INTO `povinnostVOboru` (`id`,`id_oboru`,`id_predmetu`,`typ_povinnosti`) VALUES (966,23,26,'PV');
INSERT INTO `povinnostVOboru` (`id`,`id_oboru`,`id_predmetu`,`typ_povinnosti`) VALUES (967,24,27,'PV');
INSERT INTO `povinnostVOboru` (`id`,`id_oboru`,`id_predmetu`,`typ_povinnosti`) VALUES (968,23,27,'PV');
INSERT INTO `povinnostVOboru` (`id`,`id_oboru`,`id_predmetu`,`typ_povinnosti`) VALUES (969,24,28,'PV');
INSERT INTO `povinnostVOboru` (`id`,`id_oboru`,`id_predmetu`,`typ_povinnosti`) VALUES (970,23,28,'PV');
INSERT INTO `povinnostVOboru` (`id`,`id_oboru`,`id_predmetu`,`typ_povinnosti`) VALUES (971,24,49,'PV');
INSERT INTO `povinnostVOboru` (`id`,`id_oboru`,`id_predmetu`,`typ_povinnosti`) VALUES (972,23,49,'PV');
INSERT INTO `povinnostVOboru` (`id`,`id_oboru`,`id_predmetu`,`typ_povinnosti`) VALUES (973,24,18,'V');
INSERT INTO `povinnostVOboru` (`id`,`id_oboru`,`id_predmetu`,`typ_povinnosti`) VALUES (974,23,18,'V');
INSERT INTO `povinnostVOboru` (`id`,`id_oboru`,`id_predmetu`,`typ_povinnosti`) VALUES (975,24,31,'V');
INSERT INTO `povinnostVOboru` (`id`,`id_oboru`,`id_predmetu`,`typ_povinnosti`) VALUES (976,23,31,'V');
INSERT INTO `povinnostVOboru` (`id`,`id_oboru`,`id_predmetu`,`typ_povinnosti`) VALUES (977,24,10,'V');
INSERT INTO `povinnostVOboru` (`id`,`id_oboru`,`id_predmetu`,`typ_povinnosti`) VALUES (978,23,10,'V');
INSERT INTO `povinnostVOboru` (`id`,`id_oboru`,`id_predmetu`,`typ_povinnosti`) VALUES (979,24,29,'V');
INSERT INTO `povinnostVOboru` (`id`,`id_oboru`,`id_predmetu`,`typ_povinnosti`) VALUES (980,23,29,'V');
INSERT INTO `povinnostVOboru` (`id`,`id_oboru`,`id_predmetu`,`typ_povinnosti`) VALUES (981,24,33,'V');
INSERT INTO `povinnostVOboru` (`id`,`id_oboru`,`id_predmetu`,`typ_povinnosti`) VALUES (982,23,33,'V');
INSERT INTO `povinnostVOboru` (`id`,`id_oboru`,`id_predmetu`,`typ_povinnosti`) VALUES (983,24,34,'V');
INSERT INTO `povinnostVOboru` (`id`,`id_oboru`,`id_predmetu`,`typ_povinnosti`) VALUES (984,23,34,'V');
INSERT INTO `povinnostVOboru` (`id`,`id_oboru`,`id_predmetu`,`typ_povinnosti`) VALUES (985,24,36,'V');
INSERT INTO `povinnostVOboru` (`id`,`id_oboru`,`id_predmetu`,`typ_povinnosti`) VALUES (986,23,36,'V');
INSERT INTO `povinnostVOboru` (`id`,`id_oboru`,`id_predmetu`,`typ_povinnosti`) VALUES (987,24,37,'V');
INSERT INTO `povinnostVOboru` (`id`,`id_oboru`,`id_predmetu`,`typ_povinnosti`) VALUES (988,23,37,'V');
INSERT INTO `povinnostVOboru` (`id`,`id_oboru`,`id_predmetu`,`typ_povinnosti`) VALUES (989,24,38,'V');
INSERT INTO `povinnostVOboru` (`id`,`id_oboru`,`id_predmetu`,`typ_povinnosti`) VALUES (990,23,38,'V');
INSERT INTO `povinnostVOboru` (`id`,`id_oboru`,`id_predmetu`,`typ_povinnosti`) VALUES (991,24,3,'V');
INSERT INTO `povinnostVOboru` (`id`,`id_oboru`,`id_predmetu`,`typ_povinnosti`) VALUES (992,23,3,'V');
INSERT INTO `povinnostVOboru` (`id`,`id_oboru`,`id_predmetu`,`typ_povinnosti`) VALUES (993,24,39,'V');
INSERT INTO `povinnostVOboru` (`id`,`id_oboru`,`id_predmetu`,`typ_povinnosti`) VALUES (994,23,39,'V');
INSERT INTO `povinnostVOboru` (`id`,`id_oboru`,`id_predmetu`,`typ_povinnosti`) VALUES (995,24,40,'V');
INSERT INTO `povinnostVOboru` (`id`,`id_oboru`,`id_predmetu`,`typ_povinnosti`) VALUES (996,23,40,'V');
INSERT INTO `povinnostVOboru` (`id`,`id_oboru`,`id_predmetu`,`typ_povinnosti`) VALUES (997,24,41,'V');
INSERT INTO `povinnostVOboru` (`id`,`id_oboru`,`id_predmetu`,`typ_povinnosti`) VALUES (998,23,41,'V');
INSERT INTO `povinnostVOboru` (`id`,`id_oboru`,`id_predmetu`,`typ_povinnosti`) VALUES (999,24,42,'V');
INSERT INTO `povinnostVOboru` (`id`,`id_oboru`,`id_predmetu`,`typ_povinnosti`) VALUES (1000,23,42,'V');
INSERT INTO `povinnostVOboru` (`id`,`id_oboru`,`id_predmetu`,`typ_povinnosti`) VALUES (1001,24,43,'V');
INSERT INTO `povinnostVOboru` (`id`,`id_oboru`,`id_predmetu`,`typ_povinnosti`) VALUES (1002,23,43,'V');
INSERT INTO `povinnostVOboru` (`id`,`id_oboru`,`id_predmetu`,`typ_povinnosti`) VALUES (1003,24,44,'V');
INSERT INTO `povinnostVOboru` (`id`,`id_oboru`,`id_predmetu`,`typ_povinnosti`) VALUES (1004,23,44,'V');
INSERT INTO `povinnostVOboru` (`id`,`id_oboru`,`id_predmetu`,`typ_povinnosti`) VALUES (1005,24,45,'V');
INSERT INTO `povinnostVOboru` (`id`,`id_oboru`,`id_predmetu`,`typ_povinnosti`) VALUES (1006,23,45,'V');
INSERT INTO `povinnostVOboru` (`id`,`id_oboru`,`id_predmetu`,`typ_povinnosti`) VALUES (1007,24,30,'V');
INSERT INTO `povinnostVOboru` (`id`,`id_oboru`,`id_predmetu`,`typ_povinnosti`) VALUES (1008,23,30,'V');
INSERT INTO `povinnostVOboru` (`id`,`id_oboru`,`id_predmetu`,`typ_povinnosti`) VALUES (1009,24,46,'V');
INSERT INTO `povinnostVOboru` (`id`,`id_oboru`,`id_predmetu`,`typ_povinnosti`) VALUES (1010,23,46,'V');
INSERT INTO `povinnostVOboru` (`id`,`id_oboru`,`id_predmetu`,`typ_povinnosti`) VALUES (1011,24,47,'V');
INSERT INTO `povinnostVOboru` (`id`,`id_oboru`,`id_predmetu`,`typ_povinnosti`) VALUES (1012,23,47,'V');
INSERT INTO `povinnostVOboru` (`id`,`id_oboru`,`id_predmetu`,`typ_povinnosti`) VALUES (1013,24,48,'V');
INSERT INTO `povinnostVOboru` (`id`,`id_oboru`,`id_predmetu`,`typ_povinnosti`) VALUES (1014,23,48,'V');
INSERT INTO `povinnostVOboru` (`id`,`id_oboru`,`id_predmetu`,`typ_povinnosti`) VALUES (1015,24,17,'V');
INSERT INTO `povinnostVOboru` (`id`,`id_oboru`,`id_predmetu`,`typ_povinnosti`) VALUES (1016,23,17,'V');
INSERT INTO `povinnostVOboru` (`id`,`id_oboru`,`id_predmetu`,`typ_povinnosti`) VALUES (1017,24,50,'V');
INSERT INTO `povinnostVOboru` (`id`,`id_oboru`,`id_predmetu`,`typ_povinnosti`) VALUES (1018,23,50,'V');
INSERT INTO `povinnostVOboru` (`id`,`id_oboru`,`id_predmetu`,`typ_povinnosti`) VALUES (1019,24,51,'V');
INSERT INTO `povinnostVOboru` (`id`,`id_oboru`,`id_predmetu`,`typ_povinnosti`) VALUES (1020,23,51,'V');
INSERT INTO `povinnostVOboru` (`id`,`id_oboru`,`id_predmetu`,`typ_povinnosti`) VALUES (1021,24,52,'V');
INSERT INTO `povinnostVOboru` (`id`,`id_oboru`,`id_predmetu`,`typ_povinnosti`) VALUES (1022,23,52,'V');
INSERT INTO `povinnostVOboru` (`id`,`id_oboru`,`id_predmetu`,`typ_povinnosti`) VALUES (1023,24,53,'V');
INSERT INTO `povinnostVOboru` (`id`,`id_oboru`,`id_predmetu`,`typ_povinnosti`) VALUES (1024,23,53,'V');
INSERT INTO `povinnostVOboru` (`id`,`id_oboru`,`id_predmetu`,`typ_povinnosti`) VALUES (1025,24,55,'V');
INSERT INTO `povinnostVOboru` (`id`,`id_oboru`,`id_predmetu`,`typ_povinnosti`) VALUES (1026,23,55,'V');
INSERT INTO `povinnostVOboru` (`id`,`id_oboru`,`id_predmetu`,`typ_povinnosti`) VALUES (1027,24,57,'V');
INSERT INTO `povinnostVOboru` (`id`,`id_oboru`,`id_predmetu`,`typ_povinnosti`) VALUES (1028,23,57,'V');
INSERT INTO `povinnostVOboru` (`id`,`id_oboru`,`id_predmetu`,`typ_povinnosti`) VALUES (1029,24,58,'V');
INSERT INTO `povinnostVOboru` (`id`,`id_oboru`,`id_predmetu`,`typ_povinnosti`) VALUES (1030,23,58,'V');
INSERT INTO `povinnostVOboru` (`id`,`id_oboru`,`id_predmetu`,`typ_povinnosti`) VALUES (1031,24,32,'V');
INSERT INTO `povinnostVOboru` (`id`,`id_oboru`,`id_predmetu`,`typ_povinnosti`) VALUES (1032,23,32,'V');
INSERT INTO `povinnostVOboru` (`id`,`id_oboru`,`id_predmetu`,`typ_povinnosti`) VALUES (1033,22,5,'P');
INSERT INTO `povinnostVOboru` (`id`,`id_oboru`,`id_predmetu`,`typ_povinnosti`) VALUES (1034,21,5,'P');
INSERT INTO `povinnostVOboru` (`id`,`id_oboru`,`id_predmetu`,`typ_povinnosti`) VALUES (1035,22,79,'P');
INSERT INTO `povinnostVOboru` (`id`,`id_oboru`,`id_predmetu`,`typ_povinnosti`) VALUES (1036,21,79,'P');
INSERT INTO `povinnostVOboru` (`id`,`id_oboru`,`id_predmetu`,`typ_povinnosti`) VALUES (1037,22,86,'P');
INSERT INTO `povinnostVOboru` (`id`,`id_oboru`,`id_predmetu`,`typ_povinnosti`) VALUES (1038,21,86,'P');
INSERT INTO `povinnostVOboru` (`id`,`id_oboru`,`id_predmetu`,`typ_povinnosti`) VALUES (1039,22,8,'P');
INSERT INTO `povinnostVOboru` (`id`,`id_oboru`,`id_predmetu`,`typ_povinnosti`) VALUES (1040,21,8,'P');
INSERT INTO `povinnostVOboru` (`id`,`id_oboru`,`id_predmetu`,`typ_povinnosti`) VALUES (1041,22,92,'P');
INSERT INTO `povinnostVOboru` (`id`,`id_oboru`,`id_predmetu`,`typ_povinnosti`) VALUES (1042,21,92,'P');
INSERT INTO `povinnostVOboru` (`id`,`id_oboru`,`id_predmetu`,`typ_povinnosti`) VALUES (1043,22,6,'PV');
INSERT INTO `povinnostVOboru` (`id`,`id_oboru`,`id_predmetu`,`typ_povinnosti`) VALUES (1044,21,6,'PV');
INSERT INTO `povinnostVOboru` (`id`,`id_oboru`,`id_predmetu`,`typ_povinnosti`) VALUES (1045,22,13,'PV');
INSERT INTO `povinnostVOboru` (`id`,`id_oboru`,`id_predmetu`,`typ_povinnosti`) VALUES (1046,21,13,'PV');
INSERT INTO `povinnostVOboru` (`id`,`id_oboru`,`id_predmetu`,`typ_povinnosti`) VALUES (1047,22,64,'PV');
INSERT INTO `povinnostVOboru` (`id`,`id_oboru`,`id_predmetu`,`typ_povinnosti`) VALUES (1048,21,64,'PV');
INSERT INTO `povinnostVOboru` (`id`,`id_oboru`,`id_predmetu`,`typ_povinnosti`) VALUES (1049,22,19,'PV');
INSERT INTO `povinnostVOboru` (`id`,`id_oboru`,`id_predmetu`,`typ_povinnosti`) VALUES (1050,21,19,'PV');
INSERT INTO `povinnostVOboru` (`id`,`id_oboru`,`id_predmetu`,`typ_povinnosti`) VALUES (1051,22,20,'PV');
INSERT INTO `povinnostVOboru` (`id`,`id_oboru`,`id_predmetu`,`typ_povinnosti`) VALUES (1052,21,20,'PV');
INSERT INTO `povinnostVOboru` (`id`,`id_oboru`,`id_predmetu`,`typ_povinnosti`) VALUES (1053,22,21,'PV');
INSERT INTO `povinnostVOboru` (`id`,`id_oboru`,`id_predmetu`,`typ_povinnosti`) VALUES (1054,21,21,'PV');
INSERT INTO `povinnostVOboru` (`id`,`id_oboru`,`id_predmetu`,`typ_povinnosti`) VALUES (1055,22,22,'PV');
INSERT INTO `povinnostVOboru` (`id`,`id_oboru`,`id_predmetu`,`typ_povinnosti`) VALUES (1056,21,22,'PV');
INSERT INTO `povinnostVOboru` (`id`,`id_oboru`,`id_predmetu`,`typ_povinnosti`) VALUES (1057,22,23,'PV');
INSERT INTO `povinnostVOboru` (`id`,`id_oboru`,`id_predmetu`,`typ_povinnosti`) VALUES (1058,21,23,'PV');
INSERT INTO `povinnostVOboru` (`id`,`id_oboru`,`id_predmetu`,`typ_povinnosti`) VALUES (1059,22,24,'PV');
INSERT INTO `povinnostVOboru` (`id`,`id_oboru`,`id_predmetu`,`typ_povinnosti`) VALUES (1060,21,24,'PV');
INSERT INTO `povinnostVOboru` (`id`,`id_oboru`,`id_predmetu`,`typ_povinnosti`) VALUES (1061,22,25,'PV');
INSERT INTO `povinnostVOboru` (`id`,`id_oboru`,`id_predmetu`,`typ_povinnosti`) VALUES (1062,21,25,'PV');
INSERT INTO `povinnostVOboru` (`id`,`id_oboru`,`id_predmetu`,`typ_povinnosti`) VALUES (1063,22,26,'PV');
INSERT INTO `povinnostVOboru` (`id`,`id_oboru`,`id_predmetu`,`typ_povinnosti`) VALUES (1064,21,26,'PV');
INSERT INTO `povinnostVOboru` (`id`,`id_oboru`,`id_predmetu`,`typ_povinnosti`) VALUES (1065,22,27,'PV');
INSERT INTO `povinnostVOboru` (`id`,`id_oboru`,`id_predmetu`,`typ_povinnosti`) VALUES (1066,21,27,'PV');
INSERT INTO `povinnostVOboru` (`id`,`id_oboru`,`id_predmetu`,`typ_povinnosti`) VALUES (1067,22,28,'PV');
INSERT INTO `povinnostVOboru` (`id`,`id_oboru`,`id_predmetu`,`typ_povinnosti`) VALUES (1068,21,28,'PV');
INSERT INTO `povinnostVOboru` (`id`,`id_oboru`,`id_predmetu`,`typ_povinnosti`) VALUES (1069,22,66,'PV');
INSERT INTO `povinnostVOboru` (`id`,`id_oboru`,`id_predmetu`,`typ_povinnosti`) VALUES (1070,21,66,'PV');
INSERT INTO `povinnostVOboru` (`id`,`id_oboru`,`id_predmetu`,`typ_povinnosti`) VALUES (1071,22,88,'PV');
INSERT INTO `povinnostVOboru` (`id`,`id_oboru`,`id_predmetu`,`typ_povinnosti`) VALUES (1072,21,88,'PV');
INSERT INTO `povinnostVOboru` (`id`,`id_oboru`,`id_predmetu`,`typ_povinnosti`) VALUES (1073,22,85,'PV');
INSERT INTO `povinnostVOboru` (`id`,`id_oboru`,`id_predmetu`,`typ_povinnosti`) VALUES (1074,21,85,'PV');
INSERT INTO `povinnostVOboru` (`id`,`id_oboru`,`id_predmetu`,`typ_povinnosti`) VALUES (1075,22,61,'PV');
INSERT INTO `povinnostVOboru` (`id`,`id_oboru`,`id_predmetu`,`typ_povinnosti`) VALUES (1076,21,61,'PV');
INSERT INTO `povinnostVOboru` (`id`,`id_oboru`,`id_predmetu`,`typ_povinnosti`) VALUES (1077,22,68,'PV');
INSERT INTO `povinnostVOboru` (`id`,`id_oboru`,`id_predmetu`,`typ_povinnosti`) VALUES (1078,21,68,'PV');
INSERT INTO `povinnostVOboru` (`id`,`id_oboru`,`id_predmetu`,`typ_povinnosti`) VALUES (1079,22,71,'PV');
INSERT INTO `povinnostVOboru` (`id`,`id_oboru`,`id_predmetu`,`typ_povinnosti`) VALUES (1080,21,71,'PV');
INSERT INTO `povinnostVOboru` (`id`,`id_oboru`,`id_predmetu`,`typ_povinnosti`) VALUES (1081,22,69,'V');
INSERT INTO `povinnostVOboru` (`id`,`id_oboru`,`id_predmetu`,`typ_povinnosti`) VALUES (1082,21,69,'V');
INSERT INTO `povinnostVOboru` (`id`,`id_oboru`,`id_predmetu`,`typ_povinnosti`) VALUES (1083,22,70,'V');
INSERT INTO `povinnostVOboru` (`id`,`id_oboru`,`id_predmetu`,`typ_povinnosti`) VALUES (1084,21,70,'V');
INSERT INTO `povinnostVOboru` (`id`,`id_oboru`,`id_predmetu`,`typ_povinnosti`) VALUES (1085,22,60,'V');
INSERT INTO `povinnostVOboru` (`id`,`id_oboru`,`id_predmetu`,`typ_povinnosti`) VALUES (1086,21,60,'V');
INSERT INTO `povinnostVOboru` (`id`,`id_oboru`,`id_predmetu`,`typ_povinnosti`) VALUES (1087,22,72,'V');
INSERT INTO `povinnostVOboru` (`id`,`id_oboru`,`id_predmetu`,`typ_povinnosti`) VALUES (1088,21,72,'V');
INSERT INTO `povinnostVOboru` (`id`,`id_oboru`,`id_predmetu`,`typ_povinnosti`) VALUES (1089,22,73,'V');
INSERT INTO `povinnostVOboru` (`id`,`id_oboru`,`id_predmetu`,`typ_povinnosti`) VALUES (1090,21,73,'V');
INSERT INTO `povinnostVOboru` (`id`,`id_oboru`,`id_predmetu`,`typ_povinnosti`) VALUES (1091,22,74,'V');
INSERT INTO `povinnostVOboru` (`id`,`id_oboru`,`id_predmetu`,`typ_povinnosti`) VALUES (1092,21,74,'V');
INSERT INTO `povinnostVOboru` (`id`,`id_oboru`,`id_predmetu`,`typ_povinnosti`) VALUES (1093,22,75,'V');
INSERT INTO `povinnostVOboru` (`id`,`id_oboru`,`id_predmetu`,`typ_povinnosti`) VALUES (1094,21,75,'V');
INSERT INTO `povinnostVOboru` (`id`,`id_oboru`,`id_predmetu`,`typ_povinnosti`) VALUES (1095,22,76,'V');
INSERT INTO `povinnostVOboru` (`id`,`id_oboru`,`id_predmetu`,`typ_povinnosti`) VALUES (1096,21,76,'V');
INSERT INTO `povinnostVOboru` (`id`,`id_oboru`,`id_predmetu`,`typ_povinnosti`) VALUES (1097,22,77,'V');
INSERT INTO `povinnostVOboru` (`id`,`id_oboru`,`id_predmetu`,`typ_povinnosti`) VALUES (1098,21,77,'V');
INSERT INTO `povinnostVOboru` (`id`,`id_oboru`,`id_predmetu`,`typ_povinnosti`) VALUES (1099,22,78,'V');
INSERT INTO `povinnostVOboru` (`id`,`id_oboru`,`id_predmetu`,`typ_povinnosti`) VALUES (1100,21,78,'V');
INSERT INTO `povinnostVOboru` (`id`,`id_oboru`,`id_predmetu`,`typ_povinnosti`) VALUES (1101,22,80,'V');
INSERT INTO `povinnostVOboru` (`id`,`id_oboru`,`id_predmetu`,`typ_povinnosti`) VALUES (1102,21,80,'V');
INSERT INTO `povinnostVOboru` (`id`,`id_oboru`,`id_predmetu`,`typ_povinnosti`) VALUES (1103,22,81,'V');
INSERT INTO `povinnostVOboru` (`id`,`id_oboru`,`id_predmetu`,`typ_povinnosti`) VALUES (1104,21,81,'V');
INSERT INTO `povinnostVOboru` (`id`,`id_oboru`,`id_predmetu`,`typ_povinnosti`) VALUES (1105,22,82,'V');
INSERT INTO `povinnostVOboru` (`id`,`id_oboru`,`id_predmetu`,`typ_povinnosti`) VALUES (1106,21,82,'V');
INSERT INTO `povinnostVOboru` (`id`,`id_oboru`,`id_predmetu`,`typ_povinnosti`) VALUES (1107,22,83,'V');
INSERT INTO `povinnostVOboru` (`id`,`id_oboru`,`id_predmetu`,`typ_povinnosti`) VALUES (1108,21,83,'V');
INSERT INTO `povinnostVOboru` (`id`,`id_oboru`,`id_predmetu`,`typ_povinnosti`) VALUES (1109,22,84,'V');
INSERT INTO `povinnostVOboru` (`id`,`id_oboru`,`id_predmetu`,`typ_povinnosti`) VALUES (1110,21,84,'V');
INSERT INTO `povinnostVOboru` (`id`,`id_oboru`,`id_predmetu`,`typ_povinnosti`) VALUES (1111,22,63,'V');
INSERT INTO `povinnostVOboru` (`id`,`id_oboru`,`id_predmetu`,`typ_povinnosti`) VALUES (1112,21,63,'V');
INSERT INTO `povinnostVOboru` (`id`,`id_oboru`,`id_predmetu`,`typ_povinnosti`) VALUES (1113,22,14,'V');
INSERT INTO `povinnostVOboru` (`id`,`id_oboru`,`id_predmetu`,`typ_povinnosti`) VALUES (1114,21,14,'V');
INSERT INTO `povinnostVOboru` (`id`,`id_oboru`,`id_predmetu`,`typ_povinnosti`) VALUES (1115,22,7,'V');
INSERT INTO `povinnostVOboru` (`id`,`id_oboru`,`id_predmetu`,`typ_povinnosti`) VALUES (1116,21,7,'V');
INSERT INTO `povinnostVOboru` (`id`,`id_oboru`,`id_predmetu`,`typ_povinnosti`) VALUES (1117,22,59,'V');
INSERT INTO `povinnostVOboru` (`id`,`id_oboru`,`id_predmetu`,`typ_povinnosti`) VALUES (1118,21,59,'V');
INSERT INTO `povinnostVOboru` (`id`,`id_oboru`,`id_predmetu`,`typ_povinnosti`) VALUES (1119,22,87,'V');
INSERT INTO `povinnostVOboru` (`id`,`id_oboru`,`id_predmetu`,`typ_povinnosti`) VALUES (1120,21,87,'V');
INSERT INTO `povinnostVOboru` (`id`,`id_oboru`,`id_predmetu`,`typ_povinnosti`) VALUES (1121,22,67,'V');
INSERT INTO `povinnostVOboru` (`id`,`id_oboru`,`id_predmetu`,`typ_povinnosti`) VALUES (1122,21,67,'V');
INSERT INTO `povinnostVOboru` (`id`,`id_oboru`,`id_predmetu`,`typ_povinnosti`) VALUES (1123,22,62,'V');
INSERT INTO `povinnostVOboru` (`id`,`id_oboru`,`id_predmetu`,`typ_povinnosti`) VALUES (1124,21,62,'V');
INSERT INTO `povinnostVOboru` (`id`,`id_oboru`,`id_predmetu`,`typ_povinnosti`) VALUES (1125,22,89,'V');
INSERT INTO `povinnostVOboru` (`id`,`id_oboru`,`id_predmetu`,`typ_povinnosti`) VALUES (1126,21,89,'V');
INSERT INTO `povinnostVOboru` (`id`,`id_oboru`,`id_predmetu`,`typ_povinnosti`) VALUES (1127,22,90,'V');
INSERT INTO `povinnostVOboru` (`id`,`id_oboru`,`id_predmetu`,`typ_povinnosti`) VALUES (1128,21,90,'V');
INSERT INTO `povinnostVOboru` (`id`,`id_oboru`,`id_predmetu`,`typ_povinnosti`) VALUES (1129,22,91,'V');
INSERT INTO `povinnostVOboru` (`id`,`id_oboru`,`id_predmetu`,`typ_povinnosti`) VALUES (1130,21,91,'V');
INSERT INTO `povinnostVOboru` (`id`,`id_oboru`,`id_predmetu`,`typ_povinnosti`) VALUES (1131,22,93,'V');
INSERT INTO `povinnostVOboru` (`id`,`id_oboru`,`id_predmetu`,`typ_povinnosti`) VALUES (1132,21,93,'V');
INSERT INTO `povinnostVOboru` (`id`,`id_oboru`,`id_predmetu`,`typ_povinnosti`) VALUES (1133,22,65,'V');
INSERT INTO `povinnostVOboru` (`id`,`id_oboru`,`id_predmetu`,`typ_povinnosti`) VALUES (1134,21,65,'V');
INSERT INTO `povinnostVOboru` (`id`,`id_oboru`,`id_predmetu`,`typ_povinnosti`) VALUES (1135,22,94,'V');
INSERT INTO `povinnostVOboru` (`id`,`id_oboru`,`id_predmetu`,`typ_povinnosti`) VALUES (1136,21,94,'V');
INSERT INTO `povinnostVOboru` (`id`,`id_oboru`,`id_predmetu`,`typ_povinnosti`) VALUES (1137,22,58,'V');
INSERT INTO `povinnostVOboru` (`id`,`id_oboru`,`id_predmetu`,`typ_povinnosti`) VALUES (1138,21,58,'V');
INSERT INTO `povinnostVOboru` (`id`,`id_oboru`,`id_predmetu`,`typ_povinnosti`) VALUES (1139,22,95,'V');
INSERT INTO `povinnostVOboru` (`id`,`id_oboru`,`id_predmetu`,`typ_povinnosti`) VALUES (1140,21,95,'V');
INSERT INTO `povinnostVOboru` (`id`,`id_oboru`,`id_predmetu`,`typ_povinnosti`) VALUES (1141,27,3,'P');
INSERT INTO `povinnostVOboru` (`id`,`id_oboru`,`id_predmetu`,`typ_povinnosti`) VALUES (1142,27,1,'P');
INSERT INTO `povinnostVOboru` (`id`,`id_oboru`,`id_predmetu`,`typ_povinnosti`) VALUES (1143,27,42,'P');
INSERT INTO `povinnostVOboru` (`id`,`id_oboru`,`id_predmetu`,`typ_povinnosti`) VALUES (1144,27,45,'P');
INSERT INTO `povinnostVOboru` (`id`,`id_oboru`,`id_predmetu`,`typ_povinnosti`) VALUES (1145,27,2,'P');
INSERT INTO `povinnostVOboru` (`id`,`id_oboru`,`id_predmetu`,`typ_povinnosti`) VALUES (1146,27,4,'V');
INSERT INTO `povinnostVOboru` (`id`,`id_oboru`,`id_predmetu`,`typ_povinnosti`) VALUES (1147,27,55,'V');
INSERT INTO `povinnostVOboru` (`id`,`id_oboru`,`id_predmetu`,`typ_povinnosti`) VALUES (1148,25,76,'P');
INSERT INTO `povinnostVOboru` (`id`,`id_oboru`,`id_predmetu`,`typ_povinnosti`) VALUES (1149,25,83,'P');
INSERT INTO `povinnostVOboru` (`id`,`id_oboru`,`id_predmetu`,`typ_povinnosti`) VALUES (1150,25,7,'P');
INSERT INTO `povinnostVOboru` (`id`,`id_oboru`,`id_predmetu`,`typ_povinnosti`) VALUES (1151,25,94,'P');
INSERT INTO `povinnostVOboru` (`id`,`id_oboru`,`id_predmetu`,`typ_povinnosti`) VALUES (1152,25,95,'P');
INSERT INTO `povinnostVOboru` (`id`,`id_oboru`,`id_predmetu`,`typ_povinnosti`) VALUES (1153,25,9,'V');
INSERT INTO `povinnostVOboru` (`id`,`id_oboru`,`id_predmetu`,`typ_povinnosti`) VALUES (1154,28,38,'P');
INSERT INTO `povinnostVOboru` (`id`,`id_oboru`,`id_predmetu`,`typ_povinnosti`) VALUES (1155,28,11,'P');
INSERT INTO `povinnostVOboru` (`id`,`id_oboru`,`id_predmetu`,`typ_povinnosti`) VALUES (1156,28,18,'V');
INSERT INTO `povinnostVOboru` (`id`,`id_oboru`,`id_predmetu`,`typ_povinnosti`) VALUES (1157,28,32,'V');
INSERT INTO `povinnostVOboru` (`id`,`id_oboru`,`id_predmetu`,`typ_povinnosti`) VALUES (1158,26,12,'P');
INSERT INTO `povinnostVOboru` (`id`,`id_oboru`,`id_predmetu`,`typ_povinnosti`) VALUES (1159,26,13,'V');
INSERT INTO `povinnostVOboru` (`id`,`id_oboru`,`id_predmetu`,`typ_povinnosti`) VALUES (1160,26,86,'V');
INSERT INTO `povinnostVOboru` (`id`,`id_oboru`,`id_predmetu`,`typ_povinnosti`) VALUES (1161,26,59,'V');
INSERT INTO `povinnostVOboru` (`id`,`id_oboru`,`id_predmetu`,`typ_povinnosti`) VALUES (1162,26,67,'V');
INSERT INTO `povinnostVOboru` (`id`,`id_oboru`,`id_predmetu`,`typ_povinnosti`) VALUES (1163,28,36,'PV');
INSERT INTO `povinnostVOboru` (`id`,`id_oboru`,`id_predmetu`,`typ_povinnosti`) VALUES (1164,27,36,'PV');
INSERT INTO `povinnostVOboru` (`id`,`id_oboru`,`id_predmetu`,`typ_povinnosti`) VALUES (1165,28,41,'PV');
INSERT INTO `povinnostVOboru` (`id`,`id_oboru`,`id_predmetu`,`typ_povinnosti`) VALUES (1166,27,41,'PV');
INSERT INTO `povinnostVOboru` (`id`,`id_oboru`,`id_predmetu`,`typ_povinnosti`) VALUES (1167,28,37,'PV');
INSERT INTO `povinnostVOboru` (`id`,`id_oboru`,`id_predmetu`,`typ_povinnosti`) VALUES (1168,27,37,'PV');
INSERT INTO `povinnostVOboru` (`id`,`id_oboru`,`id_predmetu`,`typ_povinnosti`) VALUES (1169,28,44,'PV');
INSERT INTO `povinnostVOboru` (`id`,`id_oboru`,`id_predmetu`,`typ_povinnosti`) VALUES (1170,27,44,'PV');
INSERT INTO `povinnostVOboru` (`id`,`id_oboru`,`id_predmetu`,`typ_povinnosti`) VALUES (1171,28,46,'PV');
INSERT INTO `povinnostVOboru` (`id`,`id_oboru`,`id_predmetu`,`typ_povinnosti`) VALUES (1172,27,46,'PV');
INSERT INTO `povinnostVOboru` (`id`,`id_oboru`,`id_predmetu`,`typ_povinnosti`) VALUES (1173,28,64,'PV');
INSERT INTO `povinnostVOboru` (`id`,`id_oboru`,`id_predmetu`,`typ_povinnosti`) VALUES (1174,27,64,'PV');
INSERT INTO `povinnostVOboru` (`id`,`id_oboru`,`id_predmetu`,`typ_povinnosti`) VALUES (1175,28,19,'PV');
INSERT INTO `povinnostVOboru` (`id`,`id_oboru`,`id_predmetu`,`typ_povinnosti`) VALUES (1176,27,19,'PV');
INSERT INTO `povinnostVOboru` (`id`,`id_oboru`,`id_predmetu`,`typ_povinnosti`) VALUES (1177,28,20,'PV');
INSERT INTO `povinnostVOboru` (`id`,`id_oboru`,`id_predmetu`,`typ_povinnosti`) VALUES (1178,27,20,'PV');
INSERT INTO `povinnostVOboru` (`id`,`id_oboru`,`id_predmetu`,`typ_povinnosti`) VALUES (1179,28,21,'PV');
INSERT INTO `povinnostVOboru` (`id`,`id_oboru`,`id_predmetu`,`typ_povinnosti`) VALUES (1180,27,21,'PV');
INSERT INTO `povinnostVOboru` (`id`,`id_oboru`,`id_predmetu`,`typ_povinnosti`) VALUES (1181,28,22,'PV');
INSERT INTO `povinnostVOboru` (`id`,`id_oboru`,`id_predmetu`,`typ_povinnosti`) VALUES (1182,27,22,'PV');
INSERT INTO `povinnostVOboru` (`id`,`id_oboru`,`id_predmetu`,`typ_povinnosti`) VALUES (1183,28,23,'PV');
INSERT INTO `povinnostVOboru` (`id`,`id_oboru`,`id_predmetu`,`typ_povinnosti`) VALUES (1184,27,23,'PV');
INSERT INTO `povinnostVOboru` (`id`,`id_oboru`,`id_predmetu`,`typ_povinnosti`) VALUES (1185,28,24,'PV');
INSERT INTO `povinnostVOboru` (`id`,`id_oboru`,`id_predmetu`,`typ_povinnosti`) VALUES (1186,27,24,'PV');
INSERT INTO `povinnostVOboru` (`id`,`id_oboru`,`id_predmetu`,`typ_povinnosti`) VALUES (1187,28,25,'PV');
INSERT INTO `povinnostVOboru` (`id`,`id_oboru`,`id_predmetu`,`typ_povinnosti`) VALUES (1188,27,25,'PV');
INSERT INTO `povinnostVOboru` (`id`,`id_oboru`,`id_predmetu`,`typ_povinnosti`) VALUES (1189,28,26,'PV');
INSERT INTO `povinnostVOboru` (`id`,`id_oboru`,`id_predmetu`,`typ_povinnosti`) VALUES (1190,27,26,'PV');
INSERT INTO `povinnostVOboru` (`id`,`id_oboru`,`id_predmetu`,`typ_povinnosti`) VALUES (1191,28,27,'PV');
INSERT INTO `povinnostVOboru` (`id`,`id_oboru`,`id_predmetu`,`typ_povinnosti`) VALUES (1192,27,27,'PV');
INSERT INTO `povinnostVOboru` (`id`,`id_oboru`,`id_predmetu`,`typ_povinnosti`) VALUES (1193,28,28,'PV');
INSERT INTO `povinnostVOboru` (`id`,`id_oboru`,`id_predmetu`,`typ_povinnosti`) VALUES (1194,27,28,'PV');
INSERT INTO `povinnostVOboru` (`id`,`id_oboru`,`id_predmetu`,`typ_povinnosti`) VALUES (1195,28,43,'PV');
INSERT INTO `povinnostVOboru` (`id`,`id_oboru`,`id_predmetu`,`typ_povinnosti`) VALUES (1196,27,43,'PV');
INSERT INTO `povinnostVOboru` (`id`,`id_oboru`,`id_predmetu`,`typ_povinnosti`) VALUES (1197,28,50,'PV');
INSERT INTO `povinnostVOboru` (`id`,`id_oboru`,`id_predmetu`,`typ_povinnosti`) VALUES (1198,27,50,'PV');
INSERT INTO `povinnostVOboru` (`id`,`id_oboru`,`id_predmetu`,`typ_povinnosti`) VALUES (1199,28,31,'V');
INSERT INTO `povinnostVOboru` (`id`,`id_oboru`,`id_predmetu`,`typ_povinnosti`) VALUES (1200,27,31,'V');
INSERT INTO `povinnostVOboru` (`id`,`id_oboru`,`id_predmetu`,`typ_povinnosti`) VALUES (1201,28,10,'V');
INSERT INTO `povinnostVOboru` (`id`,`id_oboru`,`id_predmetu`,`typ_povinnosti`) VALUES (1202,27,10,'V');
INSERT INTO `povinnostVOboru` (`id`,`id_oboru`,`id_predmetu`,`typ_povinnosti`) VALUES (1203,28,15,'V');
INSERT INTO `povinnostVOboru` (`id`,`id_oboru`,`id_predmetu`,`typ_povinnosti`) VALUES (1204,27,15,'V');
INSERT INTO `povinnostVOboru` (`id`,`id_oboru`,`id_predmetu`,`typ_povinnosti`) VALUES (1205,28,29,'V');
INSERT INTO `povinnostVOboru` (`id`,`id_oboru`,`id_predmetu`,`typ_povinnosti`) VALUES (1206,27,29,'V');
INSERT INTO `povinnostVOboru` (`id`,`id_oboru`,`id_predmetu`,`typ_povinnosti`) VALUES (1207,28,33,'V');
INSERT INTO `povinnostVOboru` (`id`,`id_oboru`,`id_predmetu`,`typ_povinnosti`) VALUES (1208,27,33,'V');
INSERT INTO `povinnostVOboru` (`id`,`id_oboru`,`id_predmetu`,`typ_povinnosti`) VALUES (1209,28,16,'V');
INSERT INTO `povinnostVOboru` (`id`,`id_oboru`,`id_predmetu`,`typ_povinnosti`) VALUES (1210,27,16,'V');
INSERT INTO `povinnostVOboru` (`id`,`id_oboru`,`id_predmetu`,`typ_povinnosti`) VALUES (1211,28,35,'V');
INSERT INTO `povinnostVOboru` (`id`,`id_oboru`,`id_predmetu`,`typ_povinnosti`) VALUES (1212,27,35,'V');
INSERT INTO `povinnostVOboru` (`id`,`id_oboru`,`id_predmetu`,`typ_povinnosti`) VALUES (1213,28,39,'V');
INSERT INTO `povinnostVOboru` (`id`,`id_oboru`,`id_predmetu`,`typ_povinnosti`) VALUES (1214,27,39,'V');
INSERT INTO `povinnostVOboru` (`id`,`id_oboru`,`id_predmetu`,`typ_povinnosti`) VALUES (1215,28,40,'V');
INSERT INTO `povinnostVOboru` (`id`,`id_oboru`,`id_predmetu`,`typ_povinnosti`) VALUES (1216,27,40,'V');
INSERT INTO `povinnostVOboru` (`id`,`id_oboru`,`id_predmetu`,`typ_povinnosti`) VALUES (1217,28,30,'V');
INSERT INTO `povinnostVOboru` (`id`,`id_oboru`,`id_predmetu`,`typ_povinnosti`) VALUES (1218,27,30,'V');
INSERT INTO `povinnostVOboru` (`id`,`id_oboru`,`id_predmetu`,`typ_povinnosti`) VALUES (1219,28,47,'V');
INSERT INTO `povinnostVOboru` (`id`,`id_oboru`,`id_predmetu`,`typ_povinnosti`) VALUES (1220,27,47,'V');
INSERT INTO `povinnostVOboru` (`id`,`id_oboru`,`id_predmetu`,`typ_povinnosti`) VALUES (1221,28,48,'V');
INSERT INTO `povinnostVOboru` (`id`,`id_oboru`,`id_predmetu`,`typ_povinnosti`) VALUES (1222,27,48,'V');
INSERT INTO `povinnostVOboru` (`id`,`id_oboru`,`id_predmetu`,`typ_povinnosti`) VALUES (1223,28,17,'V');
INSERT INTO `povinnostVOboru` (`id`,`id_oboru`,`id_predmetu`,`typ_povinnosti`) VALUES (1224,27,17,'V');
INSERT INTO `povinnostVOboru` (`id`,`id_oboru`,`id_predmetu`,`typ_povinnosti`) VALUES (1225,28,49,'V');
INSERT INTO `povinnostVOboru` (`id`,`id_oboru`,`id_predmetu`,`typ_povinnosti`) VALUES (1226,27,49,'V');
INSERT INTO `povinnostVOboru` (`id`,`id_oboru`,`id_predmetu`,`typ_povinnosti`) VALUES (1227,28,51,'V');
INSERT INTO `povinnostVOboru` (`id`,`id_oboru`,`id_predmetu`,`typ_povinnosti`) VALUES (1228,27,51,'V');
INSERT INTO `povinnostVOboru` (`id`,`id_oboru`,`id_predmetu`,`typ_povinnosti`) VALUES (1229,28,53,'V');
INSERT INTO `povinnostVOboru` (`id`,`id_oboru`,`id_predmetu`,`typ_povinnosti`) VALUES (1230,27,53,'V');
INSERT INTO `povinnostVOboru` (`id`,`id_oboru`,`id_predmetu`,`typ_povinnosti`) VALUES (1231,28,54,'V');
INSERT INTO `povinnostVOboru` (`id`,`id_oboru`,`id_predmetu`,`typ_povinnosti`) VALUES (1232,27,54,'V');
INSERT INTO `povinnostVOboru` (`id`,`id_oboru`,`id_predmetu`,`typ_povinnosti`) VALUES (1233,28,56,'V');
INSERT INTO `povinnostVOboru` (`id`,`id_oboru`,`id_predmetu`,`typ_povinnosti`) VALUES (1234,27,56,'V');
INSERT INTO `povinnostVOboru` (`id`,`id_oboru`,`id_predmetu`,`typ_povinnosti`) VALUES (1235,28,57,'V');
INSERT INTO `povinnostVOboru` (`id`,`id_oboru`,`id_predmetu`,`typ_povinnosti`) VALUES (1236,27,57,'V');
INSERT INTO `povinnostVOboru` (`id`,`id_oboru`,`id_predmetu`,`typ_povinnosti`) VALUES (1237,28,58,'V');
INSERT INTO `povinnostVOboru` (`id`,`id_oboru`,`id_predmetu`,`typ_povinnosti`) VALUES (1238,27,58,'V');
INSERT INTO `povinnostVOboru` (`id`,`id_oboru`,`id_predmetu`,`typ_povinnosti`) VALUES (1239,26,69,'PV');
INSERT INTO `povinnostVOboru` (`id`,`id_oboru`,`id_predmetu`,`typ_povinnosti`) VALUES (1240,25,69,'PV');
INSERT INTO `povinnostVOboru` (`id`,`id_oboru`,`id_predmetu`,`typ_povinnosti`) VALUES (1241,26,6,'PV');
INSERT INTO `povinnostVOboru` (`id`,`id_oboru`,`id_predmetu`,`typ_povinnosti`) VALUES (1242,25,6,'PV');
INSERT INTO `povinnostVOboru` (`id`,`id_oboru`,`id_predmetu`,`typ_povinnosti`) VALUES (1243,26,64,'PV');
INSERT INTO `povinnostVOboru` (`id`,`id_oboru`,`id_predmetu`,`typ_povinnosti`) VALUES (1244,25,64,'PV');
INSERT INTO `povinnostVOboru` (`id`,`id_oboru`,`id_predmetu`,`typ_povinnosti`) VALUES (1245,26,19,'PV');
INSERT INTO `povinnostVOboru` (`id`,`id_oboru`,`id_predmetu`,`typ_povinnosti`) VALUES (1246,25,19,'PV');
INSERT INTO `povinnostVOboru` (`id`,`id_oboru`,`id_predmetu`,`typ_povinnosti`) VALUES (1247,26,20,'PV');
INSERT INTO `povinnostVOboru` (`id`,`id_oboru`,`id_predmetu`,`typ_povinnosti`) VALUES (1248,25,20,'PV');
INSERT INTO `povinnostVOboru` (`id`,`id_oboru`,`id_predmetu`,`typ_povinnosti`) VALUES (1249,26,21,'PV');
INSERT INTO `povinnostVOboru` (`id`,`id_oboru`,`id_predmetu`,`typ_povinnosti`) VALUES (1250,25,21,'PV');
INSERT INTO `povinnostVOboru` (`id`,`id_oboru`,`id_predmetu`,`typ_povinnosti`) VALUES (1251,26,22,'PV');
INSERT INTO `povinnostVOboru` (`id`,`id_oboru`,`id_predmetu`,`typ_povinnosti`) VALUES (1252,25,22,'PV');
INSERT INTO `povinnostVOboru` (`id`,`id_oboru`,`id_predmetu`,`typ_povinnosti`) VALUES (1253,26,23,'PV');
INSERT INTO `povinnostVOboru` (`id`,`id_oboru`,`id_predmetu`,`typ_povinnosti`) VALUES (1254,25,23,'PV');
INSERT INTO `povinnostVOboru` (`id`,`id_oboru`,`id_predmetu`,`typ_povinnosti`) VALUES (1255,26,24,'PV');
INSERT INTO `povinnostVOboru` (`id`,`id_oboru`,`id_predmetu`,`typ_povinnosti`) VALUES (1256,25,24,'PV');
INSERT INTO `povinnostVOboru` (`id`,`id_oboru`,`id_predmetu`,`typ_povinnosti`) VALUES (1257,26,25,'PV');
INSERT INTO `povinnostVOboru` (`id`,`id_oboru`,`id_predmetu`,`typ_povinnosti`) VALUES (1258,25,25,'PV');
INSERT INTO `povinnostVOboru` (`id`,`id_oboru`,`id_predmetu`,`typ_povinnosti`) VALUES (1259,26,26,'PV');
INSERT INTO `povinnostVOboru` (`id`,`id_oboru`,`id_predmetu`,`typ_povinnosti`) VALUES (1260,25,26,'PV');
INSERT INTO `povinnostVOboru` (`id`,`id_oboru`,`id_predmetu`,`typ_povinnosti`) VALUES (1261,26,27,'PV');
INSERT INTO `povinnostVOboru` (`id`,`id_oboru`,`id_predmetu`,`typ_povinnosti`) VALUES (1262,25,27,'PV');
INSERT INTO `povinnostVOboru` (`id`,`id_oboru`,`id_predmetu`,`typ_povinnosti`) VALUES (1263,26,28,'PV');
INSERT INTO `povinnostVOboru` (`id`,`id_oboru`,`id_predmetu`,`typ_povinnosti`) VALUES (1264,25,28,'PV');
INSERT INTO `povinnostVOboru` (`id`,`id_oboru`,`id_predmetu`,`typ_povinnosti`) VALUES (1265,26,5,'PV');
INSERT INTO `povinnostVOboru` (`id`,`id_oboru`,`id_predmetu`,`typ_povinnosti`) VALUES (1266,25,5,'PV');
INSERT INTO `povinnostVOboru` (`id`,`id_oboru`,`id_predmetu`,`typ_povinnosti`) VALUES (1267,26,77,'PV');
INSERT INTO `povinnostVOboru` (`id`,`id_oboru`,`id_predmetu`,`typ_povinnosti`) VALUES (1268,25,77,'PV');
INSERT INTO `povinnostVOboru` (`id`,`id_oboru`,`id_predmetu`,`typ_povinnosti`) VALUES (1269,26,65,'PV');
INSERT INTO `povinnostVOboru` (`id`,`id_oboru`,`id_predmetu`,`typ_povinnosti`) VALUES (1270,25,65,'PV');
INSERT INTO `povinnostVOboru` (`id`,`id_oboru`,`id_predmetu`,`typ_povinnosti`) VALUES (1271,26,8,'PV');
INSERT INTO `povinnostVOboru` (`id`,`id_oboru`,`id_predmetu`,`typ_povinnosti`) VALUES (1272,25,8,'PV');
INSERT INTO `povinnostVOboru` (`id`,`id_oboru`,`id_predmetu`,`typ_povinnosti`) VALUES (1273,26,61,'PV');
INSERT INTO `povinnostVOboru` (`id`,`id_oboru`,`id_predmetu`,`typ_povinnosti`) VALUES (1274,25,61,'PV');
INSERT INTO `povinnostVOboru` (`id`,`id_oboru`,`id_predmetu`,`typ_povinnosti`) VALUES (1275,26,92,'PV');
INSERT INTO `povinnostVOboru` (`id`,`id_oboru`,`id_predmetu`,`typ_povinnosti`) VALUES (1276,25,92,'PV');
INSERT INTO `povinnostVOboru` (`id`,`id_oboru`,`id_predmetu`,`typ_povinnosti`) VALUES (1277,26,68,'V');
INSERT INTO `povinnostVOboru` (`id`,`id_oboru`,`id_predmetu`,`typ_povinnosti`) VALUES (1278,25,68,'V');
INSERT INTO `povinnostVOboru` (`id`,`id_oboru`,`id_predmetu`,`typ_povinnosti`) VALUES (1279,26,70,'V');
INSERT INTO `povinnostVOboru` (`id`,`id_oboru`,`id_predmetu`,`typ_povinnosti`) VALUES (1280,25,70,'V');
INSERT INTO `povinnostVOboru` (`id`,`id_oboru`,`id_predmetu`,`typ_povinnosti`) VALUES (1281,26,71,'V');
INSERT INTO `povinnostVOboru` (`id`,`id_oboru`,`id_predmetu`,`typ_povinnosti`) VALUES (1282,25,71,'V');
INSERT INTO `povinnostVOboru` (`id`,`id_oboru`,`id_predmetu`,`typ_povinnosti`) VALUES (1283,26,60,'V');
INSERT INTO `povinnostVOboru` (`id`,`id_oboru`,`id_predmetu`,`typ_povinnosti`) VALUES (1284,25,60,'V');
INSERT INTO `povinnostVOboru` (`id`,`id_oboru`,`id_predmetu`,`typ_povinnosti`) VALUES (1285,26,72,'V');
INSERT INTO `povinnostVOboru` (`id`,`id_oboru`,`id_predmetu`,`typ_povinnosti`) VALUES (1286,25,72,'V');
INSERT INTO `povinnostVOboru` (`id`,`id_oboru`,`id_predmetu`,`typ_povinnosti`) VALUES (1287,26,73,'V');
INSERT INTO `povinnostVOboru` (`id`,`id_oboru`,`id_predmetu`,`typ_povinnosti`) VALUES (1288,25,73,'V');
INSERT INTO `povinnostVOboru` (`id`,`id_oboru`,`id_predmetu`,`typ_povinnosti`) VALUES (1289,26,66,'V');
INSERT INTO `povinnostVOboru` (`id`,`id_oboru`,`id_predmetu`,`typ_povinnosti`) VALUES (1290,25,66,'V');
INSERT INTO `povinnostVOboru` (`id`,`id_oboru`,`id_predmetu`,`typ_povinnosti`) VALUES (1291,26,74,'V');
INSERT INTO `povinnostVOboru` (`id`,`id_oboru`,`id_predmetu`,`typ_povinnosti`) VALUES (1292,25,74,'V');
INSERT INTO `povinnostVOboru` (`id`,`id_oboru`,`id_predmetu`,`typ_povinnosti`) VALUES (1293,26,75,'V');
INSERT INTO `povinnostVOboru` (`id`,`id_oboru`,`id_predmetu`,`typ_povinnosti`) VALUES (1294,25,75,'V');
INSERT INTO `povinnostVOboru` (`id`,`id_oboru`,`id_predmetu`,`typ_povinnosti`) VALUES (1295,26,78,'V');
INSERT INTO `povinnostVOboru` (`id`,`id_oboru`,`id_predmetu`,`typ_povinnosti`) VALUES (1296,25,78,'V');
INSERT INTO `povinnostVOboru` (`id`,`id_oboru`,`id_predmetu`,`typ_povinnosti`) VALUES (1297,26,79,'V');
INSERT INTO `povinnostVOboru` (`id`,`id_oboru`,`id_predmetu`,`typ_povinnosti`) VALUES (1298,25,79,'V');
INSERT INTO `povinnostVOboru` (`id`,`id_oboru`,`id_predmetu`,`typ_povinnosti`) VALUES (1299,26,80,'V');
INSERT INTO `povinnostVOboru` (`id`,`id_oboru`,`id_predmetu`,`typ_povinnosti`) VALUES (1300,25,80,'V');
INSERT INTO `povinnostVOboru` (`id`,`id_oboru`,`id_predmetu`,`typ_povinnosti`) VALUES (1301,26,82,'V');
INSERT INTO `povinnostVOboru` (`id`,`id_oboru`,`id_predmetu`,`typ_povinnosti`) VALUES (1302,25,82,'V');
INSERT INTO `povinnostVOboru` (`id`,`id_oboru`,`id_predmetu`,`typ_povinnosti`) VALUES (1303,26,84,'V');
INSERT INTO `povinnostVOboru` (`id`,`id_oboru`,`id_predmetu`,`typ_povinnosti`) VALUES (1304,25,84,'V');
INSERT INTO `povinnostVOboru` (`id`,`id_oboru`,`id_predmetu`,`typ_povinnosti`) VALUES (1305,26,63,'V');
INSERT INTO `povinnostVOboru` (`id`,`id_oboru`,`id_predmetu`,`typ_povinnosti`) VALUES (1306,25,63,'V');
INSERT INTO `povinnostVOboru` (`id`,`id_oboru`,`id_predmetu`,`typ_povinnosti`) VALUES (1307,26,14,'V');
INSERT INTO `povinnostVOboru` (`id`,`id_oboru`,`id_predmetu`,`typ_povinnosti`) VALUES (1308,25,14,'V');
INSERT INTO `povinnostVOboru` (`id`,`id_oboru`,`id_predmetu`,`typ_povinnosti`) VALUES (1309,26,87,'V');
INSERT INTO `povinnostVOboru` (`id`,`id_oboru`,`id_predmetu`,`typ_povinnosti`) VALUES (1310,25,87,'V');
INSERT INTO `povinnostVOboru` (`id`,`id_oboru`,`id_predmetu`,`typ_povinnosti`) VALUES (1311,26,88,'V');
INSERT INTO `povinnostVOboru` (`id`,`id_oboru`,`id_predmetu`,`typ_povinnosti`) VALUES (1312,25,88,'V');
INSERT INTO `povinnostVOboru` (`id`,`id_oboru`,`id_predmetu`,`typ_povinnosti`) VALUES (1313,26,62,'V');
INSERT INTO `povinnostVOboru` (`id`,`id_oboru`,`id_predmetu`,`typ_povinnosti`) VALUES (1314,25,62,'V');
INSERT INTO `povinnostVOboru` (`id`,`id_oboru`,`id_predmetu`,`typ_povinnosti`) VALUES (1315,26,90,'V');
INSERT INTO `povinnostVOboru` (`id`,`id_oboru`,`id_predmetu`,`typ_povinnosti`) VALUES (1316,25,90,'V');
INSERT INTO `povinnostVOboru` (`id`,`id_oboru`,`id_predmetu`,`typ_povinnosti`) VALUES (1317,26,91,'V');
INSERT INTO `povinnostVOboru` (`id`,`id_oboru`,`id_predmetu`,`typ_povinnosti`) VALUES (1318,25,91,'V');
INSERT INTO `povinnostVOboru` (`id`,`id_oboru`,`id_predmetu`,`typ_povinnosti`) VALUES (1319,26,93,'V');
INSERT INTO `povinnostVOboru` (`id`,`id_oboru`,`id_predmetu`,`typ_povinnosti`) VALUES (1320,25,93,'V');
INSERT INTO `povinnostVOboru` (`id`,`id_oboru`,`id_predmetu`,`typ_povinnosti`) VALUES (1321,26,58,'V');
INSERT INTO `povinnostVOboru` (`id`,`id_oboru`,`id_predmetu`,`typ_povinnosti`) VALUES (1322,25,58,'V');
INSERT INTO `povinnostVOboru` (`id`,`id_oboru`,`id_predmetu`,`typ_povinnosti`) VALUES (1323,31,1,'P');
INSERT INTO `povinnostVOboru` (`id`,`id_oboru`,`id_predmetu`,`typ_povinnosti`) VALUES (1324,31,2,'P');
INSERT INTO `povinnostVOboru` (`id`,`id_oboru`,`id_predmetu`,`typ_povinnosti`) VALUES (1325,31,4,'V');
INSERT INTO `povinnostVOboru` (`id`,`id_oboru`,`id_predmetu`,`typ_povinnosti`) VALUES (1326,29,5,'P');
INSERT INTO `povinnostVOboru` (`id`,`id_oboru`,`id_predmetu`,`typ_povinnosti`) VALUES (1327,29,80,'P');
INSERT INTO `povinnostVOboru` (`id`,`id_oboru`,`id_predmetu`,`typ_povinnosti`) VALUES (1328,29,82,'P');
INSERT INTO `povinnostVOboru` (`id`,`id_oboru`,`id_predmetu`,`typ_povinnosti`) VALUES (1329,29,8,'P');
INSERT INTO `povinnostVOboru` (`id`,`id_oboru`,`id_predmetu`,`typ_povinnosti`) VALUES (1330,29,94,'P');
INSERT INTO `povinnostVOboru` (`id`,`id_oboru`,`id_predmetu`,`typ_povinnosti`) VALUES (1331,29,9,'V');
INSERT INTO `povinnostVOboru` (`id`,`id_oboru`,`id_predmetu`,`typ_povinnosti`) VALUES (1332,32,34,'P');
INSERT INTO `povinnostVOboru` (`id`,`id_oboru`,`id_predmetu`,`typ_povinnosti`) VALUES (1333,32,11,'P');
INSERT INTO `povinnostVOboru` (`id`,`id_oboru`,`id_predmetu`,`typ_povinnosti`) VALUES (1334,32,52,'P');
INSERT INTO `povinnostVOboru` (`id`,`id_oboru`,`id_predmetu`,`typ_povinnosti`) VALUES (1335,30,12,'P');
INSERT INTO `povinnostVOboru` (`id`,`id_oboru`,`id_predmetu`,`typ_povinnosti`) VALUES (1336,30,81,'P');
INSERT INTO `povinnostVOboru` (`id`,`id_oboru`,`id_predmetu`,`typ_povinnosti`) VALUES (1337,30,89,'P');
INSERT INTO `povinnostVOboru` (`id`,`id_oboru`,`id_predmetu`,`typ_povinnosti`) VALUES (1338,32,97,'PV');
INSERT INTO `povinnostVOboru` (`id`,`id_oboru`,`id_predmetu`,`typ_povinnosti`) VALUES (1339,31,97,'PV');
INSERT INTO `povinnostVOboru` (`id`,`id_oboru`,`id_predmetu`,`typ_povinnosti`) VALUES (1340,32,64,'PV');
INSERT INTO `povinnostVOboru` (`id`,`id_oboru`,`id_predmetu`,`typ_povinnosti`) VALUES (1341,31,64,'PV');
INSERT INTO `povinnostVOboru` (`id`,`id_oboru`,`id_predmetu`,`typ_povinnosti`) VALUES (1342,32,19,'PV');
INSERT INTO `povinnostVOboru` (`id`,`id_oboru`,`id_predmetu`,`typ_povinnosti`) VALUES (1343,31,19,'PV');
INSERT INTO `povinnostVOboru` (`id`,`id_oboru`,`id_predmetu`,`typ_povinnosti`) VALUES (1344,32,20,'PV');
INSERT INTO `povinnostVOboru` (`id`,`id_oboru`,`id_predmetu`,`typ_povinnosti`) VALUES (1345,31,20,'PV');
INSERT INTO `povinnostVOboru` (`id`,`id_oboru`,`id_predmetu`,`typ_povinnosti`) VALUES (1346,32,21,'PV');
INSERT INTO `povinnostVOboru` (`id`,`id_oboru`,`id_predmetu`,`typ_povinnosti`) VALUES (1347,31,21,'PV');
INSERT INTO `povinnostVOboru` (`id`,`id_oboru`,`id_predmetu`,`typ_povinnosti`) VALUES (1348,32,22,'PV');
INSERT INTO `povinnostVOboru` (`id`,`id_oboru`,`id_predmetu`,`typ_povinnosti`) VALUES (1349,31,22,'PV');
INSERT INTO `povinnostVOboru` (`id`,`id_oboru`,`id_predmetu`,`typ_povinnosti`) VALUES (1350,32,23,'PV');
INSERT INTO `povinnostVOboru` (`id`,`id_oboru`,`id_predmetu`,`typ_povinnosti`) VALUES (1351,31,23,'PV');
INSERT INTO `povinnostVOboru` (`id`,`id_oboru`,`id_predmetu`,`typ_povinnosti`) VALUES (1352,32,24,'PV');
INSERT INTO `povinnostVOboru` (`id`,`id_oboru`,`id_predmetu`,`typ_povinnosti`) VALUES (1353,31,24,'PV');
INSERT INTO `povinnostVOboru` (`id`,`id_oboru`,`id_predmetu`,`typ_povinnosti`) VALUES (1354,32,25,'PV');
INSERT INTO `povinnostVOboru` (`id`,`id_oboru`,`id_predmetu`,`typ_povinnosti`) VALUES (1355,31,25,'PV');
INSERT INTO `povinnostVOboru` (`id`,`id_oboru`,`id_predmetu`,`typ_povinnosti`) VALUES (1356,32,26,'PV');
INSERT INTO `povinnostVOboru` (`id`,`id_oboru`,`id_predmetu`,`typ_povinnosti`) VALUES (1357,31,26,'PV');
INSERT INTO `povinnostVOboru` (`id`,`id_oboru`,`id_predmetu`,`typ_povinnosti`) VALUES (1358,32,27,'PV');
INSERT INTO `povinnostVOboru` (`id`,`id_oboru`,`id_predmetu`,`typ_povinnosti`) VALUES (1359,31,27,'PV');
INSERT INTO `povinnostVOboru` (`id`,`id_oboru`,`id_predmetu`,`typ_povinnosti`) VALUES (1360,32,28,'PV');
INSERT INTO `povinnostVOboru` (`id`,`id_oboru`,`id_predmetu`,`typ_povinnosti`) VALUES (1361,31,28,'PV');
INSERT INTO `povinnostVOboru` (`id`,`id_oboru`,`id_predmetu`,`typ_povinnosti`) VALUES (1362,32,31,'PV');
INSERT INTO `povinnostVOboru` (`id`,`id_oboru`,`id_predmetu`,`typ_povinnosti`) VALUES (1363,31,31,'PV');
INSERT INTO `povinnostVOboru` (`id`,`id_oboru`,`id_predmetu`,`typ_povinnosti`) VALUES (1364,32,98,'PV');
INSERT INTO `povinnostVOboru` (`id`,`id_oboru`,`id_predmetu`,`typ_povinnosti`) VALUES (1365,31,98,'PV');
INSERT INTO `povinnostVOboru` (`id`,`id_oboru`,`id_predmetu`,`typ_povinnosti`) VALUES (1366,32,99,'PV');
INSERT INTO `povinnostVOboru` (`id`,`id_oboru`,`id_predmetu`,`typ_povinnosti`) VALUES (1367,31,99,'PV');
INSERT INTO `povinnostVOboru` (`id`,`id_oboru`,`id_predmetu`,`typ_povinnosti`) VALUES (1368,32,42,'PV');
INSERT INTO `povinnostVOboru` (`id`,`id_oboru`,`id_predmetu`,`typ_povinnosti`) VALUES (1369,31,42,'PV');
INSERT INTO `povinnostVOboru` (`id`,`id_oboru`,`id_predmetu`,`typ_povinnosti`) VALUES (1370,32,48,'PV');
INSERT INTO `povinnostVOboru` (`id`,`id_oboru`,`id_predmetu`,`typ_povinnosti`) VALUES (1371,31,48,'PV');
INSERT INTO `povinnostVOboru` (`id`,`id_oboru`,`id_predmetu`,`typ_povinnosti`) VALUES (1372,32,10,'V');
INSERT INTO `povinnostVOboru` (`id`,`id_oboru`,`id_predmetu`,`typ_povinnosti`) VALUES (1373,31,10,'V');
INSERT INTO `povinnostVOboru` (`id`,`id_oboru`,`id_predmetu`,`typ_povinnosti`) VALUES (1374,32,15,'V');
INSERT INTO `povinnostVOboru` (`id`,`id_oboru`,`id_predmetu`,`typ_povinnosti`) VALUES (1375,31,15,'V');
INSERT INTO `povinnostVOboru` (`id`,`id_oboru`,`id_predmetu`,`typ_povinnosti`) VALUES (1376,32,29,'V');
INSERT INTO `povinnostVOboru` (`id`,`id_oboru`,`id_predmetu`,`typ_povinnosti`) VALUES (1377,31,29,'V');
INSERT INTO `povinnostVOboru` (`id`,`id_oboru`,`id_predmetu`,`typ_povinnosti`) VALUES (1378,32,100,'V');
INSERT INTO `povinnostVOboru` (`id`,`id_oboru`,`id_predmetu`,`typ_povinnosti`) VALUES (1379,31,100,'V');
INSERT INTO `povinnostVOboru` (`id`,`id_oboru`,`id_predmetu`,`typ_povinnosti`) VALUES (1380,32,16,'V');
INSERT INTO `povinnostVOboru` (`id`,`id_oboru`,`id_predmetu`,`typ_povinnosti`) VALUES (1381,31,16,'V');
INSERT INTO `povinnostVOboru` (`id`,`id_oboru`,`id_predmetu`,`typ_povinnosti`) VALUES (1382,32,35,'V');
INSERT INTO `povinnostVOboru` (`id`,`id_oboru`,`id_predmetu`,`typ_povinnosti`) VALUES (1383,31,35,'V');
INSERT INTO `povinnostVOboru` (`id`,`id_oboru`,`id_predmetu`,`typ_povinnosti`) VALUES (1384,32,37,'V');
INSERT INTO `povinnostVOboru` (`id`,`id_oboru`,`id_predmetu`,`typ_povinnosti`) VALUES (1385,31,37,'V');
INSERT INTO `povinnostVOboru` (`id`,`id_oboru`,`id_predmetu`,`typ_povinnosti`) VALUES (1386,32,38,'V');
INSERT INTO `povinnostVOboru` (`id`,`id_oboru`,`id_predmetu`,`typ_povinnosti`) VALUES (1387,31,38,'V');
INSERT INTO `povinnostVOboru` (`id`,`id_oboru`,`id_predmetu`,`typ_povinnosti`) VALUES (1388,32,39,'V');
INSERT INTO `povinnostVOboru` (`id`,`id_oboru`,`id_predmetu`,`typ_povinnosti`) VALUES (1389,31,39,'V');
INSERT INTO `povinnostVOboru` (`id`,`id_oboru`,`id_predmetu`,`typ_povinnosti`) VALUES (1390,32,101,'V');
INSERT INTO `povinnostVOboru` (`id`,`id_oboru`,`id_predmetu`,`typ_povinnosti`) VALUES (1391,31,101,'V');
INSERT INTO `povinnostVOboru` (`id`,`id_oboru`,`id_predmetu`,`typ_povinnosti`) VALUES (1392,32,43,'V');
INSERT INTO `povinnostVOboru` (`id`,`id_oboru`,`id_predmetu`,`typ_povinnosti`) VALUES (1393,31,43,'V');
INSERT INTO `povinnostVOboru` (`id`,`id_oboru`,`id_predmetu`,`typ_povinnosti`) VALUES (1394,32,45,'V');
INSERT INTO `povinnostVOboru` (`id`,`id_oboru`,`id_predmetu`,`typ_povinnosti`) VALUES (1395,31,45,'V');
INSERT INTO `povinnostVOboru` (`id`,`id_oboru`,`id_predmetu`,`typ_povinnosti`) VALUES (1396,32,102,'V');
INSERT INTO `povinnostVOboru` (`id`,`id_oboru`,`id_predmetu`,`typ_povinnosti`) VALUES (1397,31,102,'V');
INSERT INTO `povinnostVOboru` (`id`,`id_oboru`,`id_predmetu`,`typ_povinnosti`) VALUES (1398,32,47,'V');
INSERT INTO `povinnostVOboru` (`id`,`id_oboru`,`id_predmetu`,`typ_povinnosti`) VALUES (1399,31,47,'V');
INSERT INTO `povinnostVOboru` (`id`,`id_oboru`,`id_predmetu`,`typ_povinnosti`) VALUES (1400,32,49,'V');
INSERT INTO `povinnostVOboru` (`id`,`id_oboru`,`id_predmetu`,`typ_povinnosti`) VALUES (1401,31,49,'V');
INSERT INTO `povinnostVOboru` (`id`,`id_oboru`,`id_predmetu`,`typ_povinnosti`) VALUES (1402,32,50,'V');
INSERT INTO `povinnostVOboru` (`id`,`id_oboru`,`id_predmetu`,`typ_povinnosti`) VALUES (1403,31,50,'V');
INSERT INTO `povinnostVOboru` (`id`,`id_oboru`,`id_predmetu`,`typ_povinnosti`) VALUES (1404,32,51,'V');
INSERT INTO `povinnostVOboru` (`id`,`id_oboru`,`id_predmetu`,`typ_povinnosti`) VALUES (1405,31,51,'V');
INSERT INTO `povinnostVOboru` (`id`,`id_oboru`,`id_predmetu`,`typ_povinnosti`) VALUES (1406,32,53,'V');
INSERT INTO `povinnostVOboru` (`id`,`id_oboru`,`id_predmetu`,`typ_povinnosti`) VALUES (1407,31,53,'V');
INSERT INTO `povinnostVOboru` (`id`,`id_oboru`,`id_predmetu`,`typ_povinnosti`) VALUES (1408,32,54,'V');
INSERT INTO `povinnostVOboru` (`id`,`id_oboru`,`id_predmetu`,`typ_povinnosti`) VALUES (1409,31,54,'V');
INSERT INTO `povinnostVOboru` (`id`,`id_oboru`,`id_predmetu`,`typ_povinnosti`) VALUES (1410,32,55,'V');
INSERT INTO `povinnostVOboru` (`id`,`id_oboru`,`id_predmetu`,`typ_povinnosti`) VALUES (1411,31,55,'V');
INSERT INTO `povinnostVOboru` (`id`,`id_oboru`,`id_predmetu`,`typ_povinnosti`) VALUES (1412,32,56,'V');
INSERT INTO `povinnostVOboru` (`id`,`id_oboru`,`id_predmetu`,`typ_povinnosti`) VALUES (1413,31,56,'V');
INSERT INTO `povinnostVOboru` (`id`,`id_oboru`,`id_predmetu`,`typ_povinnosti`) VALUES (1414,32,58,'V');
INSERT INTO `povinnostVOboru` (`id`,`id_oboru`,`id_predmetu`,`typ_povinnosti`) VALUES (1415,31,58,'V');
INSERT INTO `povinnostVOboru` (`id`,`id_oboru`,`id_predmetu`,`typ_povinnosti`) VALUES (1416,32,32,'V');
INSERT INTO `povinnostVOboru` (`id`,`id_oboru`,`id_predmetu`,`typ_povinnosti`) VALUES (1417,31,32,'V');
INSERT INTO `povinnostVOboru` (`id`,`id_oboru`,`id_predmetu`,`typ_povinnosti`) VALUES (1418,30,103,'PV');
INSERT INTO `povinnostVOboru` (`id`,`id_oboru`,`id_predmetu`,`typ_povinnosti`) VALUES (1419,29,103,'PV');
INSERT INTO `povinnostVOboru` (`id`,`id_oboru`,`id_predmetu`,`typ_povinnosti`) VALUES (1420,30,64,'PV');
INSERT INTO `povinnostVOboru` (`id`,`id_oboru`,`id_predmetu`,`typ_povinnosti`) VALUES (1421,29,64,'PV');
INSERT INTO `povinnostVOboru` (`id`,`id_oboru`,`id_predmetu`,`typ_povinnosti`) VALUES (1422,30,19,'PV');
INSERT INTO `povinnostVOboru` (`id`,`id_oboru`,`id_predmetu`,`typ_povinnosti`) VALUES (1423,29,19,'PV');
INSERT INTO `povinnostVOboru` (`id`,`id_oboru`,`id_predmetu`,`typ_povinnosti`) VALUES (1424,30,20,'PV');
INSERT INTO `povinnostVOboru` (`id`,`id_oboru`,`id_predmetu`,`typ_povinnosti`) VALUES (1425,29,20,'PV');
INSERT INTO `povinnostVOboru` (`id`,`id_oboru`,`id_predmetu`,`typ_povinnosti`) VALUES (1426,30,21,'PV');
INSERT INTO `povinnostVOboru` (`id`,`id_oboru`,`id_predmetu`,`typ_povinnosti`) VALUES (1427,29,21,'PV');
INSERT INTO `povinnostVOboru` (`id`,`id_oboru`,`id_predmetu`,`typ_povinnosti`) VALUES (1428,30,22,'PV');
INSERT INTO `povinnostVOboru` (`id`,`id_oboru`,`id_predmetu`,`typ_povinnosti`) VALUES (1429,29,22,'PV');
INSERT INTO `povinnostVOboru` (`id`,`id_oboru`,`id_predmetu`,`typ_povinnosti`) VALUES (1430,30,23,'PV');
INSERT INTO `povinnostVOboru` (`id`,`id_oboru`,`id_predmetu`,`typ_povinnosti`) VALUES (1431,29,23,'PV');
INSERT INTO `povinnostVOboru` (`id`,`id_oboru`,`id_predmetu`,`typ_povinnosti`) VALUES (1432,30,24,'PV');
INSERT INTO `povinnostVOboru` (`id`,`id_oboru`,`id_predmetu`,`typ_povinnosti`) VALUES (1433,29,24,'PV');
INSERT INTO `povinnostVOboru` (`id`,`id_oboru`,`id_predmetu`,`typ_povinnosti`) VALUES (1434,30,25,'PV');
INSERT INTO `povinnostVOboru` (`id`,`id_oboru`,`id_predmetu`,`typ_povinnosti`) VALUES (1435,29,25,'PV');
INSERT INTO `povinnostVOboru` (`id`,`id_oboru`,`id_predmetu`,`typ_povinnosti`) VALUES (1436,30,26,'PV');
INSERT INTO `povinnostVOboru` (`id`,`id_oboru`,`id_predmetu`,`typ_povinnosti`) VALUES (1437,29,26,'PV');
INSERT INTO `povinnostVOboru` (`id`,`id_oboru`,`id_predmetu`,`typ_povinnosti`) VALUES (1438,30,27,'PV');
INSERT INTO `povinnostVOboru` (`id`,`id_oboru`,`id_predmetu`,`typ_povinnosti`) VALUES (1439,29,27,'PV');
INSERT INTO `povinnostVOboru` (`id`,`id_oboru`,`id_predmetu`,`typ_povinnosti`) VALUES (1440,30,28,'PV');
INSERT INTO `povinnostVOboru` (`id`,`id_oboru`,`id_predmetu`,`typ_povinnosti`) VALUES (1441,29,28,'PV');
INSERT INTO `povinnostVOboru` (`id`,`id_oboru`,`id_predmetu`,`typ_povinnosti`) VALUES (1442,30,13,'PV');
INSERT INTO `povinnostVOboru` (`id`,`id_oboru`,`id_predmetu`,`typ_povinnosti`) VALUES (1443,29,13,'PV');
INSERT INTO `povinnostVOboru` (`id`,`id_oboru`,`id_predmetu`,`typ_povinnosti`) VALUES (1444,30,61,'PV');
INSERT INTO `povinnostVOboru` (`id`,`id_oboru`,`id_predmetu`,`typ_povinnosti`) VALUES (1445,29,61,'PV');
INSERT INTO `povinnostVOboru` (`id`,`id_oboru`,`id_predmetu`,`typ_povinnosti`) VALUES (1446,30,104,'PV');
INSERT INTO `povinnostVOboru` (`id`,`id_oboru`,`id_predmetu`,`typ_povinnosti`) VALUES (1447,29,104,'PV');
INSERT INTO `povinnostVOboru` (`id`,`id_oboru`,`id_predmetu`,`typ_povinnosti`) VALUES (1448,30,67,'PV');
INSERT INTO `povinnostVOboru` (`id`,`id_oboru`,`id_predmetu`,`typ_povinnosti`) VALUES (1449,29,67,'PV');
INSERT INTO `povinnostVOboru` (`id`,`id_oboru`,`id_predmetu`,`typ_povinnosti`) VALUES (1450,30,65,'PV');
INSERT INTO `povinnostVOboru` (`id`,`id_oboru`,`id_predmetu`,`typ_povinnosti`) VALUES (1451,29,65,'PV');
INSERT INTO `povinnostVOboru` (`id`,`id_oboru`,`id_predmetu`,`typ_povinnosti`) VALUES (1452,30,68,'V');
INSERT INTO `povinnostVOboru` (`id`,`id_oboru`,`id_predmetu`,`typ_povinnosti`) VALUES (1453,29,68,'V');
INSERT INTO `povinnostVOboru` (`id`,`id_oboru`,`id_predmetu`,`typ_povinnosti`) VALUES (1454,30,74,'V');
INSERT INTO `povinnostVOboru` (`id`,`id_oboru`,`id_predmetu`,`typ_povinnosti`) VALUES (1455,29,74,'V');
INSERT INTO `povinnostVOboru` (`id`,`id_oboru`,`id_predmetu`,`typ_povinnosti`) VALUES (1456,30,75,'V');
INSERT INTO `povinnostVOboru` (`id`,`id_oboru`,`id_predmetu`,`typ_povinnosti`) VALUES (1457,29,75,'V');
INSERT INTO `povinnostVOboru` (`id`,`id_oboru`,`id_predmetu`,`typ_povinnosti`) VALUES (1458,30,77,'V');
INSERT INTO `povinnostVOboru` (`id`,`id_oboru`,`id_predmetu`,`typ_povinnosti`) VALUES (1459,29,77,'V');
INSERT INTO `povinnostVOboru` (`id`,`id_oboru`,`id_predmetu`,`typ_povinnosti`) VALUES (1460,30,6,'V');
INSERT INTO `povinnostVOboru` (`id`,`id_oboru`,`id_predmetu`,`typ_povinnosti`) VALUES (1461,29,6,'V');
INSERT INTO `povinnostVOboru` (`id`,`id_oboru`,`id_predmetu`,`typ_povinnosti`) VALUES (1462,30,79,'V');
INSERT INTO `povinnostVOboru` (`id`,`id_oboru`,`id_predmetu`,`typ_povinnosti`) VALUES (1463,29,79,'V');
INSERT INTO `povinnostVOboru` (`id`,`id_oboru`,`id_predmetu`,`typ_povinnosti`) VALUES (1464,30,105,'V');
INSERT INTO `povinnostVOboru` (`id`,`id_oboru`,`id_predmetu`,`typ_povinnosti`) VALUES (1465,29,105,'V');
INSERT INTO `povinnostVOboru` (`id`,`id_oboru`,`id_predmetu`,`typ_povinnosti`) VALUES (1466,30,83,'V');
INSERT INTO `povinnostVOboru` (`id`,`id_oboru`,`id_predmetu`,`typ_povinnosti`) VALUES (1467,29,83,'V');
INSERT INTO `povinnostVOboru` (`id`,`id_oboru`,`id_predmetu`,`typ_povinnosti`) VALUES (1468,30,14,'V');
INSERT INTO `povinnostVOboru` (`id`,`id_oboru`,`id_predmetu`,`typ_povinnosti`) VALUES (1469,29,14,'V');
INSERT INTO `povinnostVOboru` (`id`,`id_oboru`,`id_predmetu`,`typ_povinnosti`) VALUES (1470,30,85,'V');
INSERT INTO `povinnostVOboru` (`id`,`id_oboru`,`id_predmetu`,`typ_povinnosti`) VALUES (1471,29,85,'V');
INSERT INTO `povinnostVOboru` (`id`,`id_oboru`,`id_predmetu`,`typ_povinnosti`) VALUES (1472,30,7,'V');
INSERT INTO `povinnostVOboru` (`id`,`id_oboru`,`id_predmetu`,`typ_povinnosti`) VALUES (1473,29,7,'V');
INSERT INTO `povinnostVOboru` (`id`,`id_oboru`,`id_predmetu`,`typ_povinnosti`) VALUES (1474,30,59,'V');
INSERT INTO `povinnostVOboru` (`id`,`id_oboru`,`id_predmetu`,`typ_povinnosti`) VALUES (1475,29,59,'V');
INSERT INTO `povinnostVOboru` (`id`,`id_oboru`,`id_predmetu`,`typ_povinnosti`) VALUES (1476,30,87,'V');
INSERT INTO `povinnostVOboru` (`id`,`id_oboru`,`id_predmetu`,`typ_povinnosti`) VALUES (1477,29,87,'V');
INSERT INTO `povinnostVOboru` (`id`,`id_oboru`,`id_predmetu`,`typ_povinnosti`) VALUES (1478,30,106,'V');
INSERT INTO `povinnostVOboru` (`id`,`id_oboru`,`id_predmetu`,`typ_povinnosti`) VALUES (1479,29,106,'V');
INSERT INTO `povinnostVOboru` (`id`,`id_oboru`,`id_predmetu`,`typ_povinnosti`) VALUES (1480,30,62,'V');
INSERT INTO `povinnostVOboru` (`id`,`id_oboru`,`id_predmetu`,`typ_povinnosti`) VALUES (1481,29,62,'V');
INSERT INTO `povinnostVOboru` (`id`,`id_oboru`,`id_predmetu`,`typ_povinnosti`) VALUES (1482,30,91,'V');
INSERT INTO `povinnostVOboru` (`id`,`id_oboru`,`id_predmetu`,`typ_povinnosti`) VALUES (1483,29,91,'V');
INSERT INTO `povinnostVOboru` (`id`,`id_oboru`,`id_predmetu`,`typ_povinnosti`) VALUES (1484,30,92,'V');
INSERT INTO `povinnostVOboru` (`id`,`id_oboru`,`id_predmetu`,`typ_povinnosti`) VALUES (1485,29,92,'V');
INSERT INTO `povinnostVOboru` (`id`,`id_oboru`,`id_predmetu`,`typ_povinnosti`) VALUES (1486,30,93,'V');
INSERT INTO `povinnostVOboru` (`id`,`id_oboru`,`id_predmetu`,`typ_povinnosti`) VALUES (1487,29,93,'V');
INSERT INTO `povinnostVOboru` (`id`,`id_oboru`,`id_predmetu`,`typ_povinnosti`) VALUES (1488,30,58,'V');
INSERT INTO `povinnostVOboru` (`id`,`id_oboru`,`id_predmetu`,`typ_povinnosti`) VALUES (1489,29,58,'V');
INSERT INTO `povinnostVOboru` (`id`,`id_oboru`,`id_predmetu`,`typ_povinnosti`) VALUES (1490,35,10,'P');
INSERT INTO `povinnostVOboru` (`id`,`id_oboru`,`id_predmetu`,`typ_povinnosti`) VALUES (1491,35,1,'P');
INSERT INTO `povinnostVOboru` (`id`,`id_oboru`,`id_predmetu`,`typ_povinnosti`) VALUES (1492,35,107,'P');
INSERT INTO `povinnostVOboru` (`id`,`id_oboru`,`id_predmetu`,`typ_povinnosti`) VALUES (1493,35,42,'P');
INSERT INTO `povinnostVOboru` (`id`,`id_oboru`,`id_predmetu`,`typ_povinnosti`) VALUES (1494,35,2,'P');
INSERT INTO `povinnostVOboru` (`id`,`id_oboru`,`id_predmetu`,`typ_povinnosti`) VALUES (1495,35,4,'V');
INSERT INTO `povinnostVOboru` (`id`,`id_oboru`,`id_predmetu`,`typ_povinnosti`) VALUES (1496,33,70,'P');
INSERT INTO `povinnostVOboru` (`id`,`id_oboru`,`id_predmetu`,`typ_povinnosti`) VALUES (1497,33,71,'P');
INSERT INTO `povinnostVOboru` (`id`,`id_oboru`,`id_predmetu`,`typ_povinnosti`) VALUES (1498,33,8,'P');
INSERT INTO `povinnostVOboru` (`id`,`id_oboru`,`id_predmetu`,`typ_povinnosti`) VALUES (1499,33,9,'V');
INSERT INTO `povinnostVOboru` (`id`,`id_oboru`,`id_predmetu`,`typ_povinnosti`) VALUES (1500,36,11,'P');
INSERT INTO `povinnostVOboru` (`id`,`id_oboru`,`id_predmetu`,`typ_povinnosti`) VALUES (1501,36,49,'P');
INSERT INTO `povinnostVOboru` (`id`,`id_oboru`,`id_predmetu`,`typ_povinnosti`) VALUES (1502,36,54,'P');
INSERT INTO `povinnostVOboru` (`id`,`id_oboru`,`id_predmetu`,`typ_povinnosti`) VALUES (1503,36,32,'P');
INSERT INTO `povinnostVOboru` (`id`,`id_oboru`,`id_predmetu`,`typ_povinnosti`) VALUES (1504,34,12,'P');
INSERT INTO `povinnostVOboru` (`id`,`id_oboru`,`id_predmetu`,`typ_povinnosti`) VALUES (1505,36,3,'PV');
INSERT INTO `povinnostVOboru` (`id`,`id_oboru`,`id_predmetu`,`typ_povinnosti`) VALUES (1506,35,3,'PV');
INSERT INTO `povinnostVOboru` (`id`,`id_oboru`,`id_predmetu`,`typ_povinnosti`) VALUES (1507,36,41,'PV');
INSERT INTO `povinnostVOboru` (`id`,`id_oboru`,`id_predmetu`,`typ_povinnosti`) VALUES (1508,35,41,'PV');
INSERT INTO `povinnostVOboru` (`id`,`id_oboru`,`id_predmetu`,`typ_povinnosti`) VALUES (1509,36,64,'PV');
INSERT INTO `povinnostVOboru` (`id`,`id_oboru`,`id_predmetu`,`typ_povinnosti`) VALUES (1510,35,64,'PV');
INSERT INTO `povinnostVOboru` (`id`,`id_oboru`,`id_predmetu`,`typ_povinnosti`) VALUES (1511,36,19,'PV');
INSERT INTO `povinnostVOboru` (`id`,`id_oboru`,`id_predmetu`,`typ_povinnosti`) VALUES (1512,35,19,'PV');
INSERT INTO `povinnostVOboru` (`id`,`id_oboru`,`id_predmetu`,`typ_povinnosti`) VALUES (1513,36,20,'PV');
INSERT INTO `povinnostVOboru` (`id`,`id_oboru`,`id_predmetu`,`typ_povinnosti`) VALUES (1514,35,20,'PV');
INSERT INTO `povinnostVOboru` (`id`,`id_oboru`,`id_predmetu`,`typ_povinnosti`) VALUES (1515,36,21,'PV');
INSERT INTO `povinnostVOboru` (`id`,`id_oboru`,`id_predmetu`,`typ_povinnosti`) VALUES (1516,35,21,'PV');
INSERT INTO `povinnostVOboru` (`id`,`id_oboru`,`id_predmetu`,`typ_povinnosti`) VALUES (1517,36,22,'PV');
INSERT INTO `povinnostVOboru` (`id`,`id_oboru`,`id_predmetu`,`typ_povinnosti`) VALUES (1518,35,22,'PV');
INSERT INTO `povinnostVOboru` (`id`,`id_oboru`,`id_predmetu`,`typ_povinnosti`) VALUES (1519,36,23,'PV');
INSERT INTO `povinnostVOboru` (`id`,`id_oboru`,`id_predmetu`,`typ_povinnosti`) VALUES (1520,35,23,'PV');
INSERT INTO `povinnostVOboru` (`id`,`id_oboru`,`id_predmetu`,`typ_povinnosti`) VALUES (1521,36,24,'PV');
INSERT INTO `povinnostVOboru` (`id`,`id_oboru`,`id_predmetu`,`typ_povinnosti`) VALUES (1522,35,24,'PV');
INSERT INTO `povinnostVOboru` (`id`,`id_oboru`,`id_predmetu`,`typ_povinnosti`) VALUES (1523,36,25,'PV');
INSERT INTO `povinnostVOboru` (`id`,`id_oboru`,`id_predmetu`,`typ_povinnosti`) VALUES (1524,35,25,'PV');
INSERT INTO `povinnostVOboru` (`id`,`id_oboru`,`id_predmetu`,`typ_povinnosti`) VALUES (1525,36,26,'PV');
INSERT INTO `povinnostVOboru` (`id`,`id_oboru`,`id_predmetu`,`typ_povinnosti`) VALUES (1526,35,26,'PV');
INSERT INTO `povinnostVOboru` (`id`,`id_oboru`,`id_predmetu`,`typ_povinnosti`) VALUES (1527,36,27,'PV');
INSERT INTO `povinnostVOboru` (`id`,`id_oboru`,`id_predmetu`,`typ_povinnosti`) VALUES (1528,35,27,'PV');
INSERT INTO `povinnostVOboru` (`id`,`id_oboru`,`id_predmetu`,`typ_povinnosti`) VALUES (1529,36,28,'PV');
INSERT INTO `povinnostVOboru` (`id`,`id_oboru`,`id_predmetu`,`typ_povinnosti`) VALUES (1530,35,28,'PV');
INSERT INTO `povinnostVOboru` (`id`,`id_oboru`,`id_predmetu`,`typ_povinnosti`) VALUES (1531,36,50,'PV');
INSERT INTO `povinnostVOboru` (`id`,`id_oboru`,`id_predmetu`,`typ_povinnosti`) VALUES (1532,35,50,'PV');
INSERT INTO `povinnostVOboru` (`id`,`id_oboru`,`id_predmetu`,`typ_povinnosti`) VALUES (1533,36,15,'PV');
INSERT INTO `povinnostVOboru` (`id`,`id_oboru`,`id_predmetu`,`typ_povinnosti`) VALUES (1534,35,15,'PV');
INSERT INTO `povinnostVOboru` (`id`,`id_oboru`,`id_predmetu`,`typ_povinnosti`) VALUES (1535,36,57,'PV');
INSERT INTO `povinnostVOboru` (`id`,`id_oboru`,`id_predmetu`,`typ_povinnosti`) VALUES (1536,35,57,'PV');
INSERT INTO `povinnostVOboru` (`id`,`id_oboru`,`id_predmetu`,`typ_povinnosti`) VALUES (1537,36,18,'V');
INSERT INTO `povinnostVOboru` (`id`,`id_oboru`,`id_predmetu`,`typ_povinnosti`) VALUES (1538,35,18,'V');
INSERT INTO `povinnostVOboru` (`id`,`id_oboru`,`id_predmetu`,`typ_povinnosti`) VALUES (1539,36,31,'V');
INSERT INTO `povinnostVOboru` (`id`,`id_oboru`,`id_predmetu`,`typ_povinnosti`) VALUES (1540,35,31,'V');
INSERT INTO `povinnostVOboru` (`id`,`id_oboru`,`id_predmetu`,`typ_povinnosti`) VALUES (1541,36,29,'V');
INSERT INTO `povinnostVOboru` (`id`,`id_oboru`,`id_predmetu`,`typ_povinnosti`) VALUES (1542,35,29,'V');
INSERT INTO `povinnostVOboru` (`id`,`id_oboru`,`id_predmetu`,`typ_povinnosti`) VALUES (1543,36,33,'V');
INSERT INTO `povinnostVOboru` (`id`,`id_oboru`,`id_predmetu`,`typ_povinnosti`) VALUES (1544,35,33,'V');
INSERT INTO `povinnostVOboru` (`id`,`id_oboru`,`id_predmetu`,`typ_povinnosti`) VALUES (1545,36,34,'V');
INSERT INTO `povinnostVOboru` (`id`,`id_oboru`,`id_predmetu`,`typ_povinnosti`) VALUES (1546,35,34,'V');
INSERT INTO `povinnostVOboru` (`id`,`id_oboru`,`id_predmetu`,`typ_povinnosti`) VALUES (1547,36,16,'V');
INSERT INTO `povinnostVOboru` (`id`,`id_oboru`,`id_predmetu`,`typ_povinnosti`) VALUES (1548,35,16,'V');
INSERT INTO `povinnostVOboru` (`id`,`id_oboru`,`id_predmetu`,`typ_povinnosti`) VALUES (1549,36,35,'V');
INSERT INTO `povinnostVOboru` (`id`,`id_oboru`,`id_predmetu`,`typ_povinnosti`) VALUES (1550,35,35,'V');
INSERT INTO `povinnostVOboru` (`id`,`id_oboru`,`id_predmetu`,`typ_povinnosti`) VALUES (1551,36,36,'V');
INSERT INTO `povinnostVOboru` (`id`,`id_oboru`,`id_predmetu`,`typ_povinnosti`) VALUES (1552,35,36,'V');
INSERT INTO `povinnostVOboru` (`id`,`id_oboru`,`id_predmetu`,`typ_povinnosti`) VALUES (1553,36,37,'V');
INSERT INTO `povinnostVOboru` (`id`,`id_oboru`,`id_predmetu`,`typ_povinnosti`) VALUES (1554,35,37,'V');
INSERT INTO `povinnostVOboru` (`id`,`id_oboru`,`id_predmetu`,`typ_povinnosti`) VALUES (1555,36,38,'V');
INSERT INTO `povinnostVOboru` (`id`,`id_oboru`,`id_predmetu`,`typ_povinnosti`) VALUES (1556,35,38,'V');
INSERT INTO `povinnostVOboru` (`id`,`id_oboru`,`id_predmetu`,`typ_povinnosti`) VALUES (1557,36,39,'V');
INSERT INTO `povinnostVOboru` (`id`,`id_oboru`,`id_predmetu`,`typ_povinnosti`) VALUES (1558,35,39,'V');
INSERT INTO `povinnostVOboru` (`id`,`id_oboru`,`id_predmetu`,`typ_povinnosti`) VALUES (1559,36,40,'V');
INSERT INTO `povinnostVOboru` (`id`,`id_oboru`,`id_predmetu`,`typ_povinnosti`) VALUES (1560,35,40,'V');
INSERT INTO `povinnostVOboru` (`id`,`id_oboru`,`id_predmetu`,`typ_povinnosti`) VALUES (1561,36,43,'V');
INSERT INTO `povinnostVOboru` (`id`,`id_oboru`,`id_predmetu`,`typ_povinnosti`) VALUES (1562,35,43,'V');
INSERT INTO `povinnostVOboru` (`id`,`id_oboru`,`id_predmetu`,`typ_povinnosti`) VALUES (1563,36,44,'V');
INSERT INTO `povinnostVOboru` (`id`,`id_oboru`,`id_predmetu`,`typ_povinnosti`) VALUES (1564,35,44,'V');
INSERT INTO `povinnostVOboru` (`id`,`id_oboru`,`id_predmetu`,`typ_povinnosti`) VALUES (1565,36,45,'V');
INSERT INTO `povinnostVOboru` (`id`,`id_oboru`,`id_predmetu`,`typ_povinnosti`) VALUES (1566,35,45,'V');
INSERT INTO `povinnostVOboru` (`id`,`id_oboru`,`id_predmetu`,`typ_povinnosti`) VALUES (1567,36,30,'V');
INSERT INTO `povinnostVOboru` (`id`,`id_oboru`,`id_predmetu`,`typ_povinnosti`) VALUES (1568,35,30,'V');
INSERT INTO `povinnostVOboru` (`id`,`id_oboru`,`id_predmetu`,`typ_povinnosti`) VALUES (1569,36,46,'V');
INSERT INTO `povinnostVOboru` (`id`,`id_oboru`,`id_predmetu`,`typ_povinnosti`) VALUES (1570,35,46,'V');
INSERT INTO `povinnostVOboru` (`id`,`id_oboru`,`id_predmetu`,`typ_povinnosti`) VALUES (1571,36,47,'V');
INSERT INTO `povinnostVOboru` (`id`,`id_oboru`,`id_predmetu`,`typ_povinnosti`) VALUES (1572,35,47,'V');
INSERT INTO `povinnostVOboru` (`id`,`id_oboru`,`id_predmetu`,`typ_povinnosti`) VALUES (1573,36,48,'V');
INSERT INTO `povinnostVOboru` (`id`,`id_oboru`,`id_predmetu`,`typ_povinnosti`) VALUES (1574,35,48,'V');
INSERT INTO `povinnostVOboru` (`id`,`id_oboru`,`id_predmetu`,`typ_povinnosti`) VALUES (1575,36,17,'V');
INSERT INTO `povinnostVOboru` (`id`,`id_oboru`,`id_predmetu`,`typ_povinnosti`) VALUES (1576,35,17,'V');
INSERT INTO `povinnostVOboru` (`id`,`id_oboru`,`id_predmetu`,`typ_povinnosti`) VALUES (1577,36,51,'V');
INSERT INTO `povinnostVOboru` (`id`,`id_oboru`,`id_predmetu`,`typ_povinnosti`) VALUES (1578,35,51,'V');
INSERT INTO `povinnostVOboru` (`id`,`id_oboru`,`id_predmetu`,`typ_povinnosti`) VALUES (1579,36,52,'V');
INSERT INTO `povinnostVOboru` (`id`,`id_oboru`,`id_predmetu`,`typ_povinnosti`) VALUES (1580,35,52,'V');
INSERT INTO `povinnostVOboru` (`id`,`id_oboru`,`id_predmetu`,`typ_povinnosti`) VALUES (1581,36,53,'V');
INSERT INTO `povinnostVOboru` (`id`,`id_oboru`,`id_predmetu`,`typ_povinnosti`) VALUES (1582,35,53,'V');
INSERT INTO `povinnostVOboru` (`id`,`id_oboru`,`id_predmetu`,`typ_povinnosti`) VALUES (1583,36,55,'V');
INSERT INTO `povinnostVOboru` (`id`,`id_oboru`,`id_predmetu`,`typ_povinnosti`) VALUES (1584,35,55,'V');
INSERT INTO `povinnostVOboru` (`id`,`id_oboru`,`id_predmetu`,`typ_povinnosti`) VALUES (1585,36,56,'V');
INSERT INTO `povinnostVOboru` (`id`,`id_oboru`,`id_predmetu`,`typ_povinnosti`) VALUES (1586,35,56,'V');
INSERT INTO `povinnostVOboru` (`id`,`id_oboru`,`id_predmetu`,`typ_povinnosti`) VALUES (1587,36,58,'V');
INSERT INTO `povinnostVOboru` (`id`,`id_oboru`,`id_predmetu`,`typ_povinnosti`) VALUES (1588,35,58,'V');
INSERT INTO `povinnostVOboru` (`id`,`id_oboru`,`id_predmetu`,`typ_povinnosti`) VALUES (1589,34,69,'PV');
INSERT INTO `povinnostVOboru` (`id`,`id_oboru`,`id_predmetu`,`typ_povinnosti`) VALUES (1590,33,69,'PV');
INSERT INTO `povinnostVOboru` (`id`,`id_oboru`,`id_predmetu`,`typ_povinnosti`) VALUES (1591,34,63,'PV');
INSERT INTO `povinnostVOboru` (`id`,`id_oboru`,`id_predmetu`,`typ_povinnosti`) VALUES (1592,33,63,'PV');
INSERT INTO `povinnostVOboru` (`id`,`id_oboru`,`id_predmetu`,`typ_povinnosti`) VALUES (1593,34,7,'PV');
INSERT INTO `povinnostVOboru` (`id`,`id_oboru`,`id_predmetu`,`typ_povinnosti`) VALUES (1594,33,7,'PV');
INSERT INTO `povinnostVOboru` (`id`,`id_oboru`,`id_predmetu`,`typ_povinnosti`) VALUES (1595,34,64,'PV');
INSERT INTO `povinnostVOboru` (`id`,`id_oboru`,`id_predmetu`,`typ_povinnosti`) VALUES (1596,33,64,'PV');
INSERT INTO `povinnostVOboru` (`id`,`id_oboru`,`id_predmetu`,`typ_povinnosti`) VALUES (1597,34,19,'PV');
INSERT INTO `povinnostVOboru` (`id`,`id_oboru`,`id_predmetu`,`typ_povinnosti`) VALUES (1598,33,19,'PV');
INSERT INTO `povinnostVOboru` (`id`,`id_oboru`,`id_predmetu`,`typ_povinnosti`) VALUES (1599,34,20,'PV');
INSERT INTO `povinnostVOboru` (`id`,`id_oboru`,`id_predmetu`,`typ_povinnosti`) VALUES (1600,33,20,'PV');
INSERT INTO `povinnostVOboru` (`id`,`id_oboru`,`id_predmetu`,`typ_povinnosti`) VALUES (1601,34,21,'PV');
INSERT INTO `povinnostVOboru` (`id`,`id_oboru`,`id_predmetu`,`typ_povinnosti`) VALUES (1602,33,21,'PV');
INSERT INTO `povinnostVOboru` (`id`,`id_oboru`,`id_predmetu`,`typ_povinnosti`) VALUES (1603,34,22,'PV');
INSERT INTO `povinnostVOboru` (`id`,`id_oboru`,`id_predmetu`,`typ_povinnosti`) VALUES (1604,33,22,'PV');
INSERT INTO `povinnostVOboru` (`id`,`id_oboru`,`id_predmetu`,`typ_povinnosti`) VALUES (1605,34,23,'PV');
INSERT INTO `povinnostVOboru` (`id`,`id_oboru`,`id_predmetu`,`typ_povinnosti`) VALUES (1606,33,23,'PV');
INSERT INTO `povinnostVOboru` (`id`,`id_oboru`,`id_predmetu`,`typ_povinnosti`) VALUES (1607,34,24,'PV');
INSERT INTO `povinnostVOboru` (`id`,`id_oboru`,`id_predmetu`,`typ_povinnosti`) VALUES (1608,33,24,'PV');
INSERT INTO `povinnostVOboru` (`id`,`id_oboru`,`id_predmetu`,`typ_povinnosti`) VALUES (1609,34,25,'PV');
INSERT INTO `povinnostVOboru` (`id`,`id_oboru`,`id_predmetu`,`typ_povinnosti`) VALUES (1610,33,25,'PV');
INSERT INTO `povinnostVOboru` (`id`,`id_oboru`,`id_predmetu`,`typ_povinnosti`) VALUES (1611,34,26,'PV');
INSERT INTO `povinnostVOboru` (`id`,`id_oboru`,`id_predmetu`,`typ_povinnosti`) VALUES (1612,33,26,'PV');
INSERT INTO `povinnostVOboru` (`id`,`id_oboru`,`id_predmetu`,`typ_povinnosti`) VALUES (1613,34,27,'PV');
INSERT INTO `povinnostVOboru` (`id`,`id_oboru`,`id_predmetu`,`typ_povinnosti`) VALUES (1614,33,27,'PV');
INSERT INTO `povinnostVOboru` (`id`,`id_oboru`,`id_predmetu`,`typ_povinnosti`) VALUES (1615,34,28,'PV');
INSERT INTO `povinnostVOboru` (`id`,`id_oboru`,`id_predmetu`,`typ_povinnosti`) VALUES (1616,33,28,'PV');
INSERT INTO `povinnostVOboru` (`id`,`id_oboru`,`id_predmetu`,`typ_povinnosti`) VALUES (1617,34,68,'PV');
INSERT INTO `povinnostVOboru` (`id`,`id_oboru`,`id_predmetu`,`typ_povinnosti`) VALUES (1618,33,68,'PV');
INSERT INTO `povinnostVOboru` (`id`,`id_oboru`,`id_predmetu`,`typ_povinnosti`) VALUES (1619,34,74,'PV');
INSERT INTO `povinnostVOboru` (`id`,`id_oboru`,`id_predmetu`,`typ_povinnosti`) VALUES (1620,33,74,'PV');
INSERT INTO `povinnostVOboru` (`id`,`id_oboru`,`id_predmetu`,`typ_povinnosti`) VALUES (1621,34,61,'PV');
INSERT INTO `povinnostVOboru` (`id`,`id_oboru`,`id_predmetu`,`typ_povinnosti`) VALUES (1622,33,61,'PV');
INSERT INTO `povinnostVOboru` (`id`,`id_oboru`,`id_predmetu`,`typ_povinnosti`) VALUES (1623,34,13,'PV');
INSERT INTO `povinnostVOboru` (`id`,`id_oboru`,`id_predmetu`,`typ_povinnosti`) VALUES (1624,33,13,'PV');
INSERT INTO `povinnostVOboru` (`id`,`id_oboru`,`id_predmetu`,`typ_povinnosti`) VALUES (1625,34,14,'PV');
INSERT INTO `povinnostVOboru` (`id`,`id_oboru`,`id_predmetu`,`typ_povinnosti`) VALUES (1626,33,14,'PV');
INSERT INTO `povinnostVOboru` (`id`,`id_oboru`,`id_predmetu`,`typ_povinnosti`) VALUES (1627,34,67,'PV');
INSERT INTO `povinnostVOboru` (`id`,`id_oboru`,`id_predmetu`,`typ_povinnosti`) VALUES (1628,33,67,'PV');
INSERT INTO `povinnostVOboru` (`id`,`id_oboru`,`id_predmetu`,`typ_povinnosti`) VALUES (1629,34,6,'PV');
INSERT INTO `povinnostVOboru` (`id`,`id_oboru`,`id_predmetu`,`typ_povinnosti`) VALUES (1630,33,6,'PV');
INSERT INTO `povinnostVOboru` (`id`,`id_oboru`,`id_predmetu`,`typ_povinnosti`) VALUES (1631,34,95,'PV');
INSERT INTO `povinnostVOboru` (`id`,`id_oboru`,`id_predmetu`,`typ_povinnosti`) VALUES (1632,33,95,'PV');
INSERT INTO `povinnostVOboru` (`id`,`id_oboru`,`id_predmetu`,`typ_povinnosti`) VALUES (1633,34,60,'V');
INSERT INTO `povinnostVOboru` (`id`,`id_oboru`,`id_predmetu`,`typ_povinnosti`) VALUES (1634,33,60,'V');
INSERT INTO `povinnostVOboru` (`id`,`id_oboru`,`id_predmetu`,`typ_povinnosti`) VALUES (1635,34,72,'V');
INSERT INTO `povinnostVOboru` (`id`,`id_oboru`,`id_predmetu`,`typ_povinnosti`) VALUES (1636,33,72,'V');
INSERT INTO `povinnostVOboru` (`id`,`id_oboru`,`id_predmetu`,`typ_povinnosti`) VALUES (1637,34,73,'V');
INSERT INTO `povinnostVOboru` (`id`,`id_oboru`,`id_predmetu`,`typ_povinnosti`) VALUES (1638,33,73,'V');
INSERT INTO `povinnostVOboru` (`id`,`id_oboru`,`id_predmetu`,`typ_povinnosti`) VALUES (1639,34,66,'V');
INSERT INTO `povinnostVOboru` (`id`,`id_oboru`,`id_predmetu`,`typ_povinnosti`) VALUES (1640,33,66,'V');
INSERT INTO `povinnostVOboru` (`id`,`id_oboru`,`id_predmetu`,`typ_povinnosti`) VALUES (1641,34,5,'V');
INSERT INTO `povinnostVOboru` (`id`,`id_oboru`,`id_predmetu`,`typ_povinnosti`) VALUES (1642,33,5,'V');
INSERT INTO `povinnostVOboru` (`id`,`id_oboru`,`id_predmetu`,`typ_povinnosti`) VALUES (1643,34,75,'V');
INSERT INTO `povinnostVOboru` (`id`,`id_oboru`,`id_predmetu`,`typ_povinnosti`) VALUES (1644,33,75,'V');
INSERT INTO `povinnostVOboru` (`id`,`id_oboru`,`id_predmetu`,`typ_povinnosti`) VALUES (1645,34,76,'V');
INSERT INTO `povinnostVOboru` (`id`,`id_oboru`,`id_predmetu`,`typ_povinnosti`) VALUES (1646,33,76,'V');
INSERT INTO `povinnostVOboru` (`id`,`id_oboru`,`id_predmetu`,`typ_povinnosti`) VALUES (1647,34,77,'V');
INSERT INTO `povinnostVOboru` (`id`,`id_oboru`,`id_predmetu`,`typ_povinnosti`) VALUES (1648,33,77,'V');
INSERT INTO `povinnostVOboru` (`id`,`id_oboru`,`id_predmetu`,`typ_povinnosti`) VALUES (1649,34,78,'V');
INSERT INTO `povinnostVOboru` (`id`,`id_oboru`,`id_predmetu`,`typ_povinnosti`) VALUES (1650,33,78,'V');
INSERT INTO `povinnostVOboru` (`id`,`id_oboru`,`id_predmetu`,`typ_povinnosti`) VALUES (1651,34,79,'V');
INSERT INTO `povinnostVOboru` (`id`,`id_oboru`,`id_predmetu`,`typ_povinnosti`) VALUES (1652,33,79,'V');
INSERT INTO `povinnostVOboru` (`id`,`id_oboru`,`id_predmetu`,`typ_povinnosti`) VALUES (1653,34,80,'V');
INSERT INTO `povinnostVOboru` (`id`,`id_oboru`,`id_predmetu`,`typ_povinnosti`) VALUES (1654,33,80,'V');
INSERT INTO `povinnostVOboru` (`id`,`id_oboru`,`id_predmetu`,`typ_povinnosti`) VALUES (1655,34,81,'V');
INSERT INTO `povinnostVOboru` (`id`,`id_oboru`,`id_predmetu`,`typ_povinnosti`) VALUES (1656,33,81,'V');
INSERT INTO `povinnostVOboru` (`id`,`id_oboru`,`id_predmetu`,`typ_povinnosti`) VALUES (1657,34,82,'V');
INSERT INTO `povinnostVOboru` (`id`,`id_oboru`,`id_predmetu`,`typ_povinnosti`) VALUES (1658,33,82,'V');
INSERT INTO `povinnostVOboru` (`id`,`id_oboru`,`id_predmetu`,`typ_povinnosti`) VALUES (1659,34,83,'V');
INSERT INTO `povinnostVOboru` (`id`,`id_oboru`,`id_predmetu`,`typ_povinnosti`) VALUES (1660,33,83,'V');
INSERT INTO `povinnostVOboru` (`id`,`id_oboru`,`id_predmetu`,`typ_povinnosti`) VALUES (1661,34,84,'V');
INSERT INTO `povinnostVOboru` (`id`,`id_oboru`,`id_predmetu`,`typ_povinnosti`) VALUES (1662,33,84,'V');
INSERT INTO `povinnostVOboru` (`id`,`id_oboru`,`id_predmetu`,`typ_povinnosti`) VALUES (1663,34,85,'V');
INSERT INTO `povinnostVOboru` (`id`,`id_oboru`,`id_predmetu`,`typ_povinnosti`) VALUES (1664,33,85,'V');
INSERT INTO `povinnostVOboru` (`id`,`id_oboru`,`id_predmetu`,`typ_povinnosti`) VALUES (1665,34,86,'V');
INSERT INTO `povinnostVOboru` (`id`,`id_oboru`,`id_predmetu`,`typ_povinnosti`) VALUES (1666,33,86,'V');
INSERT INTO `povinnostVOboru` (`id`,`id_oboru`,`id_predmetu`,`typ_povinnosti`) VALUES (1667,34,59,'V');
INSERT INTO `povinnostVOboru` (`id`,`id_oboru`,`id_predmetu`,`typ_povinnosti`) VALUES (1668,33,59,'V');
INSERT INTO `povinnostVOboru` (`id`,`id_oboru`,`id_predmetu`,`typ_povinnosti`) VALUES (1669,34,87,'V');
INSERT INTO `povinnostVOboru` (`id`,`id_oboru`,`id_predmetu`,`typ_povinnosti`) VALUES (1670,33,87,'V');
INSERT INTO `povinnostVOboru` (`id`,`id_oboru`,`id_predmetu`,`typ_povinnosti`) VALUES (1671,34,88,'V');
INSERT INTO `povinnostVOboru` (`id`,`id_oboru`,`id_predmetu`,`typ_povinnosti`) VALUES (1672,33,88,'V');
INSERT INTO `povinnostVOboru` (`id`,`id_oboru`,`id_predmetu`,`typ_povinnosti`) VALUES (1673,34,62,'V');
INSERT INTO `povinnostVOboru` (`id`,`id_oboru`,`id_predmetu`,`typ_povinnosti`) VALUES (1674,33,62,'V');
INSERT INTO `povinnostVOboru` (`id`,`id_oboru`,`id_predmetu`,`typ_povinnosti`) VALUES (1675,34,89,'V');
INSERT INTO `povinnostVOboru` (`id`,`id_oboru`,`id_predmetu`,`typ_povinnosti`) VALUES (1676,33,89,'V');
INSERT INTO `povinnostVOboru` (`id`,`id_oboru`,`id_predmetu`,`typ_povinnosti`) VALUES (1677,34,108,'V');
INSERT INTO `povinnostVOboru` (`id`,`id_oboru`,`id_predmetu`,`typ_povinnosti`) VALUES (1678,33,108,'V');
INSERT INTO `povinnostVOboru` (`id`,`id_oboru`,`id_predmetu`,`typ_povinnosti`) VALUES (1679,34,90,'V');
INSERT INTO `povinnostVOboru` (`id`,`id_oboru`,`id_predmetu`,`typ_povinnosti`) VALUES (1680,33,90,'V');
INSERT INTO `povinnostVOboru` (`id`,`id_oboru`,`id_predmetu`,`typ_povinnosti`) VALUES (1681,34,91,'V');
INSERT INTO `povinnostVOboru` (`id`,`id_oboru`,`id_predmetu`,`typ_povinnosti`) VALUES (1682,33,91,'V');
INSERT INTO `povinnostVOboru` (`id`,`id_oboru`,`id_predmetu`,`typ_povinnosti`) VALUES (1683,34,92,'V');
INSERT INTO `povinnostVOboru` (`id`,`id_oboru`,`id_predmetu`,`typ_povinnosti`) VALUES (1684,33,92,'V');
INSERT INTO `povinnostVOboru` (`id`,`id_oboru`,`id_predmetu`,`typ_povinnosti`) VALUES (1685,34,93,'V');
INSERT INTO `povinnostVOboru` (`id`,`id_oboru`,`id_predmetu`,`typ_povinnosti`) VALUES (1686,33,93,'V');
INSERT INTO `povinnostVOboru` (`id`,`id_oboru`,`id_predmetu`,`typ_povinnosti`) VALUES (1687,34,65,'V');
INSERT INTO `povinnostVOboru` (`id`,`id_oboru`,`id_predmetu`,`typ_povinnosti`) VALUES (1688,33,65,'V');
INSERT INTO `povinnostVOboru` (`id`,`id_oboru`,`id_predmetu`,`typ_povinnosti`) VALUES (1689,34,94,'V');
INSERT INTO `povinnostVOboru` (`id`,`id_oboru`,`id_predmetu`,`typ_povinnosti`) VALUES (1690,33,94,'V');
INSERT INTO `povinnostVOboru` (`id`,`id_oboru`,`id_predmetu`,`typ_povinnosti`) VALUES (1691,34,58,'V');
INSERT INTO `povinnostVOboru` (`id`,`id_oboru`,`id_predmetu`,`typ_povinnosti`) VALUES (1692,33,58,'V');
INSERT INTO `povinnostVOboru` (`id`,`id_oboru`,`id_predmetu`,`typ_povinnosti`) VALUES (1693,39,109,'P');
INSERT INTO `povinnostVOboru` (`id`,`id_oboru`,`id_predmetu`,`typ_povinnosti`) VALUES (1694,39,110,'P');
INSERT INTO `povinnostVOboru` (`id`,`id_oboru`,`id_predmetu`,`typ_povinnosti`) VALUES (1695,39,111,'P');
INSERT INTO `povinnostVOboru` (`id`,`id_oboru`,`id_predmetu`,`typ_povinnosti`) VALUES (1696,39,112,'P');
INSERT INTO `povinnostVOboru` (`id`,`id_oboru`,`id_predmetu`,`typ_povinnosti`) VALUES (1697,39,21,'V');
INSERT INTO `povinnostVOboru` (`id`,`id_oboru`,`id_predmetu`,`typ_povinnosti`) VALUES (1698,39,22,'V');
INSERT INTO `povinnostVOboru` (`id`,`id_oboru`,`id_predmetu`,`typ_povinnosti`) VALUES (1699,39,23,'V');
INSERT INTO `povinnostVOboru` (`id`,`id_oboru`,`id_predmetu`,`typ_povinnosti`) VALUES (1700,39,24,'V');
INSERT INTO `povinnostVOboru` (`id`,`id_oboru`,`id_predmetu`,`typ_povinnosti`) VALUES (1701,39,25,'V');
INSERT INTO `povinnostVOboru` (`id`,`id_oboru`,`id_predmetu`,`typ_povinnosti`) VALUES (1702,39,26,'V');
INSERT INTO `povinnostVOboru` (`id`,`id_oboru`,`id_predmetu`,`typ_povinnosti`) VALUES (1703,39,113,'V');
INSERT INTO `povinnostVOboru` (`id`,`id_oboru`,`id_predmetu`,`typ_povinnosti`) VALUES (1704,39,114,'V');
INSERT INTO `povinnostVOboru` (`id`,`id_oboru`,`id_predmetu`,`typ_povinnosti`) VALUES (1705,39,115,'V');
INSERT INTO `povinnostVOboru` (`id`,`id_oboru`,`id_predmetu`,`typ_povinnosti`) VALUES (1706,39,116,'V');
INSERT INTO `povinnostVOboru` (`id`,`id_oboru`,`id_predmetu`,`typ_povinnosti`) VALUES (1707,39,117,'V');
INSERT INTO `povinnostVOboru` (`id`,`id_oboru`,`id_predmetu`,`typ_povinnosti`) VALUES (1708,39,118,'V');
INSERT INTO `povinnostVOboru` (`id`,`id_oboru`,`id_predmetu`,`typ_povinnosti`) VALUES (1709,39,119,'V');
INSERT INTO `povinnostVOboru` (`id`,`id_oboru`,`id_predmetu`,`typ_povinnosti`) VALUES (1710,39,27,'V');
INSERT INTO `povinnostVOboru` (`id`,`id_oboru`,`id_predmetu`,`typ_povinnosti`) VALUES (1711,39,28,'V');
INSERT INTO `povinnostVOboru` (`id`,`id_oboru`,`id_predmetu`,`typ_povinnosti`) VALUES (1712,37,120,'P');
INSERT INTO `povinnostVOboru` (`id`,`id_oboru`,`id_predmetu`,`typ_povinnosti`) VALUES (1713,37,121,'P');
INSERT INTO `povinnostVOboru` (`id`,`id_oboru`,`id_predmetu`,`typ_povinnosti`) VALUES (1714,37,122,'P');
INSERT INTO `povinnostVOboru` (`id`,`id_oboru`,`id_predmetu`,`typ_povinnosti`) VALUES (1715,37,123,'P');
INSERT INTO `povinnostVOboru` (`id`,`id_oboru`,`id_predmetu`,`typ_povinnosti`) VALUES (1716,37,124,'PV');
INSERT INTO `povinnostVOboru` (`id`,`id_oboru`,`id_predmetu`,`typ_povinnosti`) VALUES (1717,37,125,'PV');
INSERT INTO `povinnostVOboru` (`id`,`id_oboru`,`id_predmetu`,`typ_povinnosti`) VALUES (1718,37,126,'PV');
INSERT INTO `povinnostVOboru` (`id`,`id_oboru`,`id_predmetu`,`typ_povinnosti`) VALUES (1719,37,127,'PV');
INSERT INTO `povinnostVOboru` (`id`,`id_oboru`,`id_predmetu`,`typ_povinnosti`) VALUES (1720,37,128,'PV');
INSERT INTO `povinnostVOboru` (`id`,`id_oboru`,`id_predmetu`,`typ_povinnosti`) VALUES (1721,37,129,'PV');
INSERT INTO `povinnostVOboru` (`id`,`id_oboru`,`id_predmetu`,`typ_povinnosti`) VALUES (1722,37,20,'V');
INSERT INTO `povinnostVOboru` (`id`,`id_oboru`,`id_predmetu`,`typ_povinnosti`) VALUES (1723,37,22,'V');
INSERT INTO `povinnostVOboru` (`id`,`id_oboru`,`id_predmetu`,`typ_povinnosti`) VALUES (1724,37,23,'V');
INSERT INTO `povinnostVOboru` (`id`,`id_oboru`,`id_predmetu`,`typ_povinnosti`) VALUES (1725,37,24,'V');
INSERT INTO `povinnostVOboru` (`id`,`id_oboru`,`id_predmetu`,`typ_povinnosti`) VALUES (1726,37,25,'V');
INSERT INTO `povinnostVOboru` (`id`,`id_oboru`,`id_predmetu`,`typ_povinnosti`) VALUES (1727,37,26,'V');
INSERT INTO `povinnostVOboru` (`id`,`id_oboru`,`id_predmetu`,`typ_povinnosti`) VALUES (1728,37,130,'V');
INSERT INTO `povinnostVOboru` (`id`,`id_oboru`,`id_predmetu`,`typ_povinnosti`) VALUES (1729,37,131,'V');
INSERT INTO `povinnostVOboru` (`id`,`id_oboru`,`id_predmetu`,`typ_povinnosti`) VALUES (1730,37,132,'V');
INSERT INTO `povinnostVOboru` (`id`,`id_oboru`,`id_predmetu`,`typ_povinnosti`) VALUES (1731,37,133,'V');
INSERT INTO `povinnostVOboru` (`id`,`id_oboru`,`id_predmetu`,`typ_povinnosti`) VALUES (1732,37,134,'V');
INSERT INTO `povinnostVOboru` (`id`,`id_oboru`,`id_predmetu`,`typ_povinnosti`) VALUES (1733,37,135,'V');
INSERT INTO `povinnostVOboru` (`id`,`id_oboru`,`id_predmetu`,`typ_povinnosti`) VALUES (1734,37,136,'V');
INSERT INTO `povinnostVOboru` (`id`,`id_oboru`,`id_predmetu`,`typ_povinnosti`) VALUES (1735,37,137,'V');
INSERT INTO `povinnostVOboru` (`id`,`id_oboru`,`id_predmetu`,`typ_povinnosti`) VALUES (1736,37,138,'V');
INSERT INTO `povinnostVOboru` (`id`,`id_oboru`,`id_predmetu`,`typ_povinnosti`) VALUES (1737,37,28,'V');
INSERT INTO `povinnostVOboru` (`id`,`id_oboru`,`id_predmetu`,`typ_povinnosti`) VALUES (1738,40,139,'P');
INSERT INTO `povinnostVOboru` (`id`,`id_oboru`,`id_predmetu`,`typ_povinnosti`) VALUES (1739,40,140,'P');
INSERT INTO `povinnostVOboru` (`id`,`id_oboru`,`id_predmetu`,`typ_povinnosti`) VALUES (1740,40,141,'P');
INSERT INTO `povinnostVOboru` (`id`,`id_oboru`,`id_predmetu`,`typ_povinnosti`) VALUES (1741,40,142,'P');
INSERT INTO `povinnostVOboru` (`id`,`id_oboru`,`id_predmetu`,`typ_povinnosti`) VALUES (1742,40,143,'P');
INSERT INTO `povinnostVOboru` (`id`,`id_oboru`,`id_predmetu`,`typ_povinnosti`) VALUES (1743,40,124,'PV');
INSERT INTO `povinnostVOboru` (`id`,`id_oboru`,`id_predmetu`,`typ_povinnosti`) VALUES (1744,40,125,'PV');
INSERT INTO `povinnostVOboru` (`id`,`id_oboru`,`id_predmetu`,`typ_povinnosti`) VALUES (1745,40,126,'PV');
INSERT INTO `povinnostVOboru` (`id`,`id_oboru`,`id_predmetu`,`typ_povinnosti`) VALUES (1746,40,127,'PV');
INSERT INTO `povinnostVOboru` (`id`,`id_oboru`,`id_predmetu`,`typ_povinnosti`) VALUES (1747,40,128,'PV');
INSERT INTO `povinnostVOboru` (`id`,`id_oboru`,`id_predmetu`,`typ_povinnosti`) VALUES (1748,40,64,'V');
INSERT INTO `povinnostVOboru` (`id`,`id_oboru`,`id_predmetu`,`typ_povinnosti`) VALUES (1749,40,19,'V');
INSERT INTO `povinnostVOboru` (`id`,`id_oboru`,`id_predmetu`,`typ_povinnosti`) VALUES (1750,40,20,'V');
INSERT INTO `povinnostVOboru` (`id`,`id_oboru`,`id_predmetu`,`typ_povinnosti`) VALUES (1751,40,144,'V');
INSERT INTO `povinnostVOboru` (`id`,`id_oboru`,`id_predmetu`,`typ_povinnosti`) VALUES (1752,40,145,'V');
INSERT INTO `povinnostVOboru` (`id`,`id_oboru`,`id_predmetu`,`typ_povinnosti`) VALUES (1753,40,146,'V');
INSERT INTO `povinnostVOboru` (`id`,`id_oboru`,`id_predmetu`,`typ_povinnosti`) VALUES (1754,40,147,'V');
INSERT INTO `povinnostVOboru` (`id`,`id_oboru`,`id_predmetu`,`typ_povinnosti`) VALUES (1755,40,148,'V');
INSERT INTO `povinnostVOboru` (`id`,`id_oboru`,`id_predmetu`,`typ_povinnosti`) VALUES (1756,40,149,'V');
INSERT INTO `povinnostVOboru` (`id`,`id_oboru`,`id_predmetu`,`typ_povinnosti`) VALUES (1757,40,150,'V');
INSERT INTO `povinnostVOboru` (`id`,`id_oboru`,`id_predmetu`,`typ_povinnosti`) VALUES (1758,40,151,'V');
INSERT INTO `povinnostVOboru` (`id`,`id_oboru`,`id_predmetu`,`typ_povinnosti`) VALUES (1759,40,152,'V');
INSERT INTO `povinnostVOboru` (`id`,`id_oboru`,`id_predmetu`,`typ_povinnosti`) VALUES (1760,40,153,'V');
INSERT INTO `povinnostVOboru` (`id`,`id_oboru`,`id_predmetu`,`typ_povinnosti`) VALUES (1761,40,154,'V');
INSERT INTO `povinnostVOboru` (`id`,`id_oboru`,`id_predmetu`,`typ_povinnosti`) VALUES (1762,40,155,'V');
INSERT INTO `povinnostVOboru` (`id`,`id_oboru`,`id_predmetu`,`typ_povinnosti`) VALUES (1763,40,156,'V');
INSERT INTO `povinnostVOboru` (`id`,`id_oboru`,`id_predmetu`,`typ_povinnosti`) VALUES (1764,40,157,'V');
INSERT INTO `povinnostVOboru` (`id`,`id_oboru`,`id_predmetu`,`typ_povinnosti`) VALUES (1765,40,158,'V');
INSERT INTO `povinnostVOboru` (`id`,`id_oboru`,`id_predmetu`,`typ_povinnosti`) VALUES (1766,40,159,'V');
INSERT INTO `povinnostVOboru` (`id`,`id_oboru`,`id_predmetu`,`typ_povinnosti`) VALUES (1767,40,160,'V');
INSERT INTO `povinnostVOboru` (`id`,`id_oboru`,`id_predmetu`,`typ_povinnosti`) VALUES (1768,40,161,'V');
INSERT INTO `povinnostVOboru` (`id`,`id_oboru`,`id_predmetu`,`typ_povinnosti`) VALUES (1769,40,58,'V');
INSERT INTO `povinnostVOboru` (`id`,`id_oboru`,`id_predmetu`,`typ_povinnosti`) VALUES (1770,38,162,'P');
INSERT INTO `povinnostVOboru` (`id`,`id_oboru`,`id_predmetu`,`typ_povinnosti`) VALUES (1771,38,163,'P');
INSERT INTO `povinnostVOboru` (`id`,`id_oboru`,`id_predmetu`,`typ_povinnosti`) VALUES (1772,38,164,'P');
INSERT INTO `povinnostVOboru` (`id`,`id_oboru`,`id_predmetu`,`typ_povinnosti`) VALUES (1773,38,165,'P');
INSERT INTO `povinnostVOboru` (`id`,`id_oboru`,`id_predmetu`,`typ_povinnosti`) VALUES (1774,38,166,'P');
INSERT INTO `povinnostVOboru` (`id`,`id_oboru`,`id_predmetu`,`typ_povinnosti`) VALUES (1775,38,167,'PV');
INSERT INTO `povinnostVOboru` (`id`,`id_oboru`,`id_predmetu`,`typ_povinnosti`) VALUES (1776,38,168,'PV');
INSERT INTO `povinnostVOboru` (`id`,`id_oboru`,`id_predmetu`,`typ_povinnosti`) VALUES (1777,38,129,'PV');
INSERT INTO `povinnostVOboru` (`id`,`id_oboru`,`id_predmetu`,`typ_povinnosti`) VALUES (1778,38,64,'V');
INSERT INTO `povinnostVOboru` (`id`,`id_oboru`,`id_predmetu`,`typ_povinnosti`) VALUES (1779,38,169,'V');
INSERT INTO `povinnostVOboru` (`id`,`id_oboru`,`id_predmetu`,`typ_povinnosti`) VALUES (1780,38,170,'V');
INSERT INTO `povinnostVOboru` (`id`,`id_oboru`,`id_predmetu`,`typ_povinnosti`) VALUES (1781,38,171,'V');
INSERT INTO `povinnostVOboru` (`id`,`id_oboru`,`id_predmetu`,`typ_povinnosti`) VALUES (1782,38,19,'V');
INSERT INTO `povinnostVOboru` (`id`,`id_oboru`,`id_predmetu`,`typ_povinnosti`) VALUES (1783,38,21,'V');
INSERT INTO `povinnostVOboru` (`id`,`id_oboru`,`id_predmetu`,`typ_povinnosti`) VALUES (1784,38,172,'V');
INSERT INTO `povinnostVOboru` (`id`,`id_oboru`,`id_predmetu`,`typ_povinnosti`) VALUES (1785,38,173,'V');
INSERT INTO `povinnostVOboru` (`id`,`id_oboru`,`id_predmetu`,`typ_povinnosti`) VALUES (1786,38,174,'V');
INSERT INTO `povinnostVOboru` (`id`,`id_oboru`,`id_predmetu`,`typ_povinnosti`) VALUES (1787,38,175,'V');
INSERT INTO `povinnostVOboru` (`id`,`id_oboru`,`id_predmetu`,`typ_povinnosti`) VALUES (1788,38,176,'V');
INSERT INTO `povinnostVOboru` (`id`,`id_oboru`,`id_predmetu`,`typ_povinnosti`) VALUES (1789,38,177,'V');
INSERT INTO `povinnostVOboru` (`id`,`id_oboru`,`id_predmetu`,`typ_povinnosti`) VALUES (1790,38,178,'V');
INSERT INTO `povinnostVOboru` (`id`,`id_oboru`,`id_predmetu`,`typ_povinnosti`) VALUES (1791,38,179,'V');
INSERT INTO `povinnostVOboru` (`id`,`id_oboru`,`id_predmetu`,`typ_povinnosti`) VALUES (1792,38,180,'V');
INSERT INTO `povinnostVOboru` (`id`,`id_oboru`,`id_predmetu`,`typ_povinnosti`) VALUES (1793,38,181,'V');
INSERT INTO `povinnostVOboru` (`id`,`id_oboru`,`id_predmetu`,`typ_povinnosti`) VALUES (1794,38,151,'V');
INSERT INTO `povinnostVOboru` (`id`,`id_oboru`,`id_predmetu`,`typ_povinnosti`) VALUES (1795,38,152,'V');
INSERT INTO `povinnostVOboru` (`id`,`id_oboru`,`id_predmetu`,`typ_povinnosti`) VALUES (1796,38,153,'V');
INSERT INTO `povinnostVOboru` (`id`,`id_oboru`,`id_predmetu`,`typ_povinnosti`) VALUES (1797,38,182,'V');
INSERT INTO `povinnostVOboru` (`id`,`id_oboru`,`id_predmetu`,`typ_povinnosti`) VALUES (1798,38,183,'V');
INSERT INTO `povinnostVOboru` (`id`,`id_oboru`,`id_predmetu`,`typ_povinnosti`) VALUES (1799,38,157,'V');
INSERT INTO `povinnostVOboru` (`id`,`id_oboru`,`id_predmetu`,`typ_povinnosti`) VALUES (1800,38,184,'V');
INSERT INTO `povinnostVOboru` (`id`,`id_oboru`,`id_predmetu`,`typ_povinnosti`) VALUES (1801,38,185,'V');
INSERT INTO `povinnostVOboru` (`id`,`id_oboru`,`id_predmetu`,`typ_povinnosti`) VALUES (1802,38,27,'V');
INSERT INTO `povinnostVOboru` (`id`,`id_oboru`,`id_predmetu`,`typ_povinnosti`) VALUES (1803,38,158,'V');
INSERT INTO `povinnostVOboru` (`id`,`id_oboru`,`id_predmetu`,`typ_povinnosti`) VALUES (1804,38,186,'V');
INSERT INTO `povinnostVOboru` (`id`,`id_oboru`,`id_predmetu`,`typ_povinnosti`) VALUES (1805,38,58,'V');
INSERT INTO `povinnostVOboru` (`id`,`id_oboru`,`id_predmetu`,`typ_povinnosti`) VALUES (1806,42,187,'P');
INSERT INTO `povinnostVOboru` (`id`,`id_oboru`,`id_predmetu`,`typ_povinnosti`) VALUES (1807,42,188,'P');
INSERT INTO `povinnostVOboru` (`id`,`id_oboru`,`id_predmetu`,`typ_povinnosti`) VALUES (1808,42,189,'P');
INSERT INTO `povinnostVOboru` (`id`,`id_oboru`,`id_predmetu`,`typ_povinnosti`) VALUES (1809,42,190,'P');
INSERT INTO `povinnostVOboru` (`id`,`id_oboru`,`id_predmetu`,`typ_povinnosti`) VALUES (1810,42,191,'P');
INSERT INTO `povinnostVOboru` (`id`,`id_oboru`,`id_predmetu`,`typ_povinnosti`) VALUES (1811,42,192,'P');
INSERT INTO `povinnostVOboru` (`id`,`id_oboru`,`id_predmetu`,`typ_povinnosti`) VALUES (1812,42,193,'V');
INSERT INTO `povinnostVOboru` (`id`,`id_oboru`,`id_predmetu`,`typ_povinnosti`) VALUES (1813,42,194,'V');
INSERT INTO `povinnostVOboru` (`id`,`id_oboru`,`id_predmetu`,`typ_povinnosti`) VALUES (1814,42,195,'V');
INSERT INTO `povinnostVOboru` (`id`,`id_oboru`,`id_predmetu`,`typ_povinnosti`) VALUES (1815,42,196,'V');
INSERT INTO `povinnostVOboru` (`id`,`id_oboru`,`id_predmetu`,`typ_povinnosti`) VALUES (1816,41,197,'P');
INSERT INTO `povinnostVOboru` (`id`,`id_oboru`,`id_predmetu`,`typ_povinnosti`) VALUES (1817,41,198,'V');
INSERT INTO `povinnostVOboru` (`id`,`id_oboru`,`id_predmetu`,`typ_povinnosti`) VALUES (1818,41,199,'V');
INSERT INTO `povinnostVOboru` (`id`,`id_oboru`,`id_predmetu`,`typ_povinnosti`) VALUES (1819,41,200,'V');

/*
-- Query: SELECT * FROM planovaniRozvrhu.pozadavkyNaRozvrh
LIMIT 0, 5000

-- Date: 2018-01-02 20:27
*/
DELETE FROM pozadavkyNaRozvrh where id > 0;
INSERT INTO `pozadavkyNaRozvrh` (`id`,`id_predmetu`,`id_vyucujiciho`,`typ`,`skupin`,`kapacita`,`hodin`,`tyden`,`mistnosti`,`poznamka`) VALUES (1,18,64,'přednáška','1',35,3,'každý','','');
INSERT INTO `pozadavkyNaRozvrh` (`id`,`id_predmetu`,`id_vyucujiciho`,`typ`,`skupin`,`kapacita`,`hodin`,`tyden`,`mistnosti`,`poznamka`) VALUES (2,31,76,'přednáška','1',100,3,'každý','D0206, E112','Ideálně jako vloni, tj. čtvrtek odpoledne (13-16)');
INSERT INTO `pozadavkyNaRozvrh` (`id`,`id_predmetu`,`id_vyucujiciho`,`typ`,`skupin`,`kapacita`,`hodin`,`tyden`,`mistnosti`,`poznamka`) VALUES (3,10,NULL,'přednáška','1',154,3,'každý','','Ideální jsou úterky. Pokud bych si mohl vymýšlet, tak nejlepší je dát ráno v úterý jeden předmět a po obědě druhý.');
INSERT INTO `pozadavkyNaRozvrh` (`id`,`id_predmetu`,`id_vyucujiciho`,`typ`,`skupin`,`kapacita`,`hodin`,`tyden`,`mistnosti`,`poznamka`) VALUES (4,15,26,'přednáška','1',200,3,'každý','','Potřeboval bych mít BMS a BIS ve středu, tak od 9 do 17, v libovolném pořadí');
INSERT INTO `pozadavkyNaRozvrh` (`id`,`id_predmetu`,`id_vyucujiciho`,`typ`,`skupin`,`kapacita`,`hodin`,`tyden`,`mistnosti`,`poznamka`) VALUES (5,29,26,'přednáška','1',150,3,'každý','','Potřeboval bych mít BMS a BIS ve středu, tak od 9 do 17, v libovolném pořadí');
INSERT INTO `pozadavkyNaRozvrh` (`id`,`id_predmetu`,`id_vyucujiciho`,`typ`,`skupin`,`kapacita`,`hodin`,`tyden`,`mistnosti`,`poznamka`) VALUES (6,34,79,'přednáška','1',50,2,'každý','','');
INSERT INTO `pozadavkyNaRozvrh` (`id`,`id_predmetu`,`id_vyucujiciho`,`typ`,`skupin`,`kapacita`,`hodin`,`tyden`,`mistnosti`,`poznamka`) VALUES (7,16,12,'přednáška','1',20,3,'každý','A112/113','Prosím ne ve stejný den jako STI.');
INSERT INTO `pozadavkyNaRozvrh` (`id`,`id_predmetu`,`id_vyucujiciho`,`typ`,`skupin`,`kapacita`,`hodin`,`tyden`,`mistnosti`,`poznamka`) VALUES (8,21,69,'přednáška','1',80,2,'každý','G202','Blok společně s PRM a RET');
INSERT INTO `pozadavkyNaRozvrh` (`id`,`id_predmetu`,`id_vyucujiciho`,`typ`,`skupin`,`kapacita`,`hodin`,`tyden`,`mistnosti`,`poznamka`) VALUES (9,36,17,'přednáška','1',80,2,'každý','G202, E105','');
INSERT INTO `pozadavkyNaRozvrh` (`id`,`id_predmetu`,`id_vyucujiciho`,`typ`,`skupin`,`kapacita`,`hodin`,`tyden`,`mistnosti`,`poznamka`) VALUES (10,37,87,'přednáška','1',40,2,'každý','','');
INSERT INTO `pozadavkyNaRozvrh` (`id`,`id_predmetu`,`id_vyucujiciho`,`typ`,`skupin`,`kapacita`,`hodin`,`tyden`,`mistnosti`,`poznamka`) VALUES (11,38,83,'přednáška','1',80,2,'každý','','');
INSERT INTO `pozadavkyNaRozvrh` (`id`,`id_predmetu`,`id_vyucujiciho`,`typ`,`skupin`,`kapacita`,`hodin`,`tyden`,`mistnosti`,`poznamka`) VALUES (12,3,8,'přednáška','1',200,3,'každý','','');
INSERT INTO `pozadavkyNaRozvrh` (`id`,`id_predmetu`,`id_vyucujiciho`,`typ`,`skupin`,`kapacita`,`hodin`,`tyden`,`mistnosti`,`poznamka`) VALUES (13,139,78,'přednáška','2',300,3,'každý','','Potřebovala bych, aby druhé přednášky během týdne z IFJ a IAL, byly ve stejný den za sebou.');
INSERT INTO `pozadavkyNaRozvrh` (`id`,`id_predmetu`,`id_vyucujiciho`,`typ`,`skupin`,`kapacita`,`hodin`,`tyden`,`mistnosti`,`poznamka`) VALUES (14,109,187,'přednáška','1',350,4,'každý','D105+D0207','');
INSERT INTO `pozadavkyNaRozvrh` (`id`,`id_predmetu`,`id_vyucujiciho`,`typ`,`skupin`,`kapacita`,`hodin`,`tyden`,`mistnosti`,`poznamka`) VALUES (15,109,188,'přednáška','1',350,4,'každý','T12','');
INSERT INTO `pozadavkyNaRozvrh` (`id`,`id_predmetu`,`id_vyucujiciho`,`typ`,`skupin`,`kapacita`,`hodin`,`tyden`,`mistnosti`,`poznamka`) VALUES (16,110,165,'přednáška','2',350,3,'každý','','Pokud možno jako minulý rok (2 hod. + 1 hod. před cvičením)');
INSERT INTO `pozadavkyNaRozvrh` (`id`,`id_predmetu`,`id_vyucujiciho`,`typ`,`skupin`,`kapacita`,`hodin`,`tyden`,`mistnosti`,`poznamka`) VALUES (17,110,165,'cvičení','2',350,1,'každý','','Pokud možno jako minulý rok');
INSERT INTO `pozadavkyNaRozvrh` (`id`,`id_predmetu`,`id_vyucujiciho`,`typ`,`skupin`,`kapacita`,`hodin`,`tyden`,`mistnosti`,`poznamka`) VALUES (18,140,78,'přednáška','2',300,3,'každý','','Potřebovala bych, aby druhé přednášky během týdne z IFJ a IAL, byly ve stejný den za sebou.');
INSERT INTO `pozadavkyNaRozvrh` (`id`,`id_predmetu`,`id_vyucujiciho`,`typ`,`skupin`,`kapacita`,`hodin`,`tyden`,`mistnosti`,`poznamka`) VALUES (19,187,35,'přednáška','1',400,2,'každý','','');
INSERT INTO `pozadavkyNaRozvrh` (`id`,`id_predmetu`,`id_vyucujiciho`,`typ`,`skupin`,`kapacita`,`hodin`,`tyden`,`mistnosti`,`poznamka`) VALUES (20,144,246,'poč.lab.','1',20,2,'každý','Je zapotřebí laboratoř, kde je 20 míst, projektor a možnost, aby studenti použili vlastní notebooky.','Za Marka Gráce vložil Tomáš Vojnar.');
INSERT INTO `pozadavkyNaRozvrh` (`id`,`id_predmetu`,`id_vyucujiciho`,`typ`,`skupin`,`kapacita`,`hodin`,`tyden`,`mistnosti`,`poznamka`) VALUES (21,188,68,'přednáška','1',400,3,'každý','','Nedávat do kolize s INP');
INSERT INTO `pozadavkyNaRozvrh` (`id`,`id_predmetu`,`id_vyucujiciho`,`typ`,`skupin`,`kapacita`,`hodin`,`tyden`,`mistnosti`,`poznamka`) VALUES (22,189,127,'přednáška','1',450,3,'každý','','');
INSERT INTO `pozadavkyNaRozvrh` (`id`,`id_predmetu`,`id_vyucujiciho`,`typ`,`skupin`,`kapacita`,`hodin`,`tyden`,`mistnosti`,`poznamka`) VALUES (23,146,75,'přednáška','1',60,2,'každý','','bez kolize AIS, PDI a SRI');
INSERT INTO `pozadavkyNaRozvrh` (`id`,`id_predmetu`,`id_vyucujiciho`,`typ`,`skupin`,`kapacita`,`hodin`,`tyden`,`mistnosti`,`poznamka`) VALUES (24,141,220,'přednáška','2',300,2,'každý','T10/T12','');
INSERT INTO `pozadavkyNaRozvrh` (`id`,`id_predmetu`,`id_vyucujiciho`,`typ`,`skupin`,`kapacita`,`hodin`,`tyden`,`mistnosti`,`poznamka`) VALUES (25,142,34,'přednáška','2',300,3,'každý','','');
INSERT INTO `pozadavkyNaRozvrh` (`id`,`id_predmetu`,`id_vyucujiciho`,`typ`,`skupin`,`kapacita`,`hodin`,`tyden`,`mistnosti`,`poznamka`) VALUES (26,149,201,'cvičení','1',150,2,'každý','','nesmí být v kolizi s přednáškami a cvičeními IZP (Smrčka), s přednáškami SMT (Rogalewicz) a s přednáškami IMS (Peringer).');
INSERT INTO `pozadavkyNaRozvrh` (`id`,`id_predmetu`,`id_vyucujiciho`,`typ`,`skupin`,`kapacita`,`hodin`,`tyden`,`mistnosti`,`poznamka`) VALUES (27,193,141,'přednáška','1',430,3,'každý','D105, D0207','Dát do bloku za IMS (ideálně IPZ od 11:00, v horším případě od 10:00).');
INSERT INTO `pozadavkyNaRozvrh` (`id`,`id_predmetu`,`id_vyucujiciho`,`typ`,`skupin`,`kapacita`,`hodin`,`tyden`,`mistnosti`,`poznamka`) VALUES (28,117,79,'přednáška','1',160,2,'každý','','');
INSERT INTO `pozadavkyNaRozvrh` (`id`,`id_predmetu`,`id_vyucujiciho`,`typ`,`skupin`,`kapacita`,`hodin`,`tyden`,`mistnosti`,`poznamka`) VALUES (29,143,32,'přednáška','2',300,3,'každý','','');
INSERT INTO `pozadavkyNaRozvrh` (`id`,`id_predmetu`,`id_vyucujiciho`,`typ`,`skupin`,`kapacita`,`hodin`,`tyden`,`mistnosti`,`poznamka`) VALUES (30,143,32,'cvičení','1',20,2,'lichý','','Numerická cvičení - počet skupin odhadnout');
INSERT INTO `pozadavkyNaRozvrh` (`id`,`id_predmetu`,`id_vyucujiciho`,`typ`,`skupin`,`kapacita`,`hodin`,`tyden`,`mistnosti`,`poznamka`) VALUES (31,192,100,'poč.lab.','1',410,2,'každý','O203 a O204 - obě místnosti - učíme propojeně','');
INSERT INTO `pozadavkyNaRozvrh` (`id`,`id_predmetu`,`id_vyucujiciho`,`typ`,`skupin`,`kapacita`,`hodin`,`tyden`,`mistnosti`,`poznamka`) VALUES (32,111,196,'přednáška','1',350,3,'každý','','');
INSERT INTO `pozadavkyNaRozvrh` (`id`,`id_predmetu`,`id_vyucujiciho`,`typ`,`skupin`,`kapacita`,`hodin`,`tyden`,`mistnosti`,`poznamka`) VALUES (33,111,197,'přednáška','1',350,3,'každý','D105 + D0207','Prosím, neplánovat těsně po jiné přednášce 1BIT (ani před) - studenti se ještě nevydrží tak dlouho soustředit. Také prosím naplánovat na jiný den, než bude mít přednášku Radek - při vzájemném záskoku je 6 hodin přednášek těžko zvládnutelných. Děkuji.');
INSERT INTO `pozadavkyNaRozvrh` (`id`,`id_predmetu`,`id_vyucujiciho`,`typ`,`skupin`,`kapacita`,`hodin`,`tyden`,`mistnosti`,`poznamka`) VALUES (34,112,154,'přednáška','1',360,3,'každý','D105+D020x','Přednášky (1BIA, 1BIB), pokud možno plánovat na začátku týdne dva dny za sebou.');
INSERT INTO `pozadavkyNaRozvrh` (`id`,`id_predmetu`,`id_vyucujiciho`,`typ`,`skupin`,`kapacita`,`hodin`,`tyden`,`mistnosti`,`poznamka`) VALUES (35,112,201,'přednáška','1',360,3,'každý','D105+D020x','Přednášky (1BIA, 1BIB), pokud možno plánovat dva dny za sebou.');
INSERT INTO `pozadavkyNaRozvrh` (`id`,`id_predmetu`,`id_vyucujiciho`,`typ`,`skupin`,`kapacita`,`hodin`,`tyden`,`mistnosti`,`poznamka`) VALUES (36,112,201,'cvičení','1',360,1,'každý','D105+D020x','Demonstrační cvičení v týdnu navázat hned na 1 hodinovou přednášku dané skupiny.');
INSERT INTO `pozadavkyNaRozvrh` (`id`,`id_predmetu`,`id_vyucujiciho`,`typ`,`skupin`,`kapacita`,`hodin`,`tyden`,`mistnosti`,`poznamka`) VALUES (37,112,201,'cvičení','1',360,1,'každý','D105+D020x','Demonstrační cvičení v týdnu navázat hned na 1 hodinovou přednášku dané skupiny.');
INSERT INTO `pozadavkyNaRozvrh` (`id`,`id_predmetu`,`id_vyucujiciho`,`typ`,`skupin`,`kapacita`,`hodin`,`tyden`,`mistnosti`,`poznamka`) VALUES (38,195,257,'přednáška','1',60,2,'každý','G202 popř. E104, E105','');
INSERT INTO `pozadavkyNaRozvrh` (`id`,`id_predmetu`,`id_vyucujiciho`,`typ`,`skupin`,`kapacita`,`hodin`,`tyden`,`mistnosti`,`poznamka`) VALUES (39,1,1,'přednáška','1',450,4,'každý','','2x 2 hod. přednášky s cvičením týdně, min. ob 1 den (nejlépe Po+Čt, případně Út+Čt)');
INSERT INTO `pozadavkyNaRozvrh` (`id`,`id_predmetu`,`id_vyucujiciho`,`typ`,`skupin`,`kapacita`,`hodin`,`tyden`,`mistnosti`,`poznamka`) VALUES (40,NULL,102,'přednáška','1',40,3,'každý','','');
INSERT INTO `pozadavkyNaRozvrh` (`id`,`id_predmetu`,`id_vyucujiciho`,`typ`,`skupin`,`kapacita`,`hodin`,`tyden`,`mistnosti`,`poznamka`) VALUES (41,41,8,'přednáška','1',64,2,'každý','','');
INSERT INTO `pozadavkyNaRozvrh` (`id`,`id_predmetu`,`id_vyucujiciho`,`typ`,`skupin`,`kapacita`,`hodin`,`tyden`,`mistnosti`,`poznamka`) VALUES (42,42,13,'přednáška','1',190,2,'každý','','');
INSERT INTO `pozadavkyNaRozvrh` (`id`,`id_predmetu`,`id_vyucujiciho`,`typ`,`skupin`,`kapacita`,`hodin`,`tyden`,`mistnosti`,`poznamka`) VALUES (43,42,75,'poč.lab.','1',40,8,'každý','N103+N104, N104+N105, N203+N204, N204+N205 (vždy spojené s odstraněnou stěnou)','');
INSERT INTO `pozadavkyNaRozvrh` (`id`,`id_predmetu`,`id_vyucujiciho`,`typ`,`skupin`,`kapacita`,`hodin`,`tyden`,`mistnosti`,`poznamka`) VALUES (44,NULL,102,'přednáška','1',40,2,'každý','','');
INSERT INTO `pozadavkyNaRozvrh` (`id`,`id_predmetu`,`id_vyucujiciho`,`typ`,`skupin`,`kapacita`,`hodin`,`tyden`,`mistnosti`,`poznamka`) VALUES (45,44,102,'přednáška','1',64,2,'každý','','Martin Čadík: pokud bych si mohl vybrat, tak ani PGP ani POV bych nechtěl mít v pátek nebo v pondělí');
INSERT INTO `pozadavkyNaRozvrh` (`id`,`id_predmetu`,`id_vyucujiciho`,`typ`,`skupin`,`kapacita`,`hodin`,`tyden`,`mistnosti`,`poznamka`) VALUES (46,45,83,'přednáška','1',154,3,'každý','','');
INSERT INTO `pozadavkyNaRozvrh` (`id`,`id_predmetu`,`id_vyucujiciho`,`typ`,`skupin`,`kapacita`,`hodin`,`tyden`,`mistnosti`,`poznamka`) VALUES (47,30,73,'přednáška','1',90,3,'každý','','');
INSERT INTO `pozadavkyNaRozvrh` (`id`,`id_predmetu`,`id_vyucujiciho`,`typ`,`skupin`,`kapacita`,`hodin`,`tyden`,`mistnosti`,`poznamka`) VALUES (48,46,102,'přednáška','1',80,2,'každý','','Martin Čadík: pokud bych si mohl vybrat, tak ani PGP ani POV bych nechtěl mít v pátek nebo v pondělí');
INSERT INTO `pozadavkyNaRozvrh` (`id`,`id_predmetu`,`id_vyucujiciho`,`typ`,`skupin`,`kapacita`,`hodin`,`tyden`,`mistnosti`,`poznamka`) VALUES (49,27,69,'přednáška','1',80,2,'každý','G202','Blok společně s FIT a RET');
INSERT INTO `pozadavkyNaRozvrh` (`id`,`id_predmetu`,`id_vyucujiciho`,`typ`,`skupin`,`kapacita`,`hodin`,`tyden`,`mistnosti`,`poznamka`) VALUES (50,28,69,'přednáška','1',80,2,'každý','G202','Blok společně s FIT a PRM');
INSERT INTO `pozadavkyNaRozvrh` (`id`,`id_predmetu`,`id_vyucujiciho`,`typ`,`skupin`,`kapacita`,`hodin`,`tyden`,`mistnosti`,`poznamka`) VALUES (51,47,113,'přednáška','1',50,2,'každý','E104, E105','');
INSERT INTO `pozadavkyNaRozvrh` (`id`,`id_predmetu`,`id_vyucujiciho`,`typ`,`skupin`,`kapacita`,`hodin`,`tyden`,`mistnosti`,`poznamka`) VALUES (52,48,115,'přednáška','1',32,2,'každý','A112/3, E104/5','rozvrhovat pro předn. sk. 1/2MIT; prosím o bezkoliznost s rozvrhem IMP v 3BIT');
INSERT INTO `pozadavkyNaRozvrh` (`id`,`id_predmetu`,`id_vyucujiciho`,`typ`,`skupin`,`kapacita`,`hodin`,`tyden`,`mistnosti`,`poznamka`) VALUES (53,17,NULL,'přednáška','1',80,2,'každý','','Ideální jsou úterky. Pokud bych si mohl vymýšlet, tak nejlepší je dát ráno v úterý jeden předmět a po obědě druhý.');
INSERT INTO `pozadavkyNaRozvrh` (`id`,`id_predmetu`,`id_vyucujiciho`,`typ`,`skupin`,`kapacita`,`hodin`,`tyden`,`mistnosti`,`poznamka`) VALUES (54,49,116,'přednáška','1',100,2,'každý','','');
INSERT INTO `pozadavkyNaRozvrh` (`id`,`id_predmetu`,`id_vyucujiciho`,`typ`,`skupin`,`kapacita`,`hodin`,`tyden`,`mistnosti`,`poznamka`) VALUES (55,50,33,'přednáška','1',120,2,'každý','','Uvítám stejné zařazení jako v minulých letech, tj. přednáška a hned poté democvičení. Ideálně v podvečer, na konci výukového dne, po/ut.');
INSERT INTO `pozadavkyNaRozvrh` (`id`,`id_predmetu`,`id_vyucujiciho`,`typ`,`skupin`,`kapacita`,`hodin`,`tyden`,`mistnosti`,`poznamka`) VALUES (56,51,NULL,'cvičení','1',300,3,'každý','D105','Synchronizace s TIN/MAT/STI - prosim naplanovat na jiny den nez tyto predmety. Nejlépe až po MAT.');
INSERT INTO `pozadavkyNaRozvrh` (`id`,`id_predmetu`,`id_vyucujiciho`,`typ`,`skupin`,`kapacita`,`hodin`,`tyden`,`mistnosti`,`poznamka`) VALUES (57,52,79,'přednáška','1',50,2,'každý','','');
INSERT INTO `pozadavkyNaRozvrh` (`id`,`id_predmetu`,`id_vyucujiciho`,`typ`,`skupin`,`kapacita`,`hodin`,`tyden`,`mistnosti`,`poznamka`) VALUES (58,4,12,'cvičení','1',300,3,'každý','D105','Prosím v týdnu až po konání TIN, prosím ne ve stejný den jako FAV.');
INSERT INTO `pozadavkyNaRozvrh` (`id`,`id_predmetu`,`id_vyucujiciho`,`typ`,`skupin`,`kapacita`,`hodin`,`tyden`,`mistnosti`,`poznamka`) VALUES (59,53,83,'přednáška','1',90,2,'každý','','Po přednášce v posluchárně 1 volnou hodinu pro případné přetažení');
INSERT INTO `pozadavkyNaRozvrh` (`id`,`id_predmetu`,`id_vyucujiciho`,`typ`,`skupin`,`kapacita`,`hodin`,`tyden`,`mistnosti`,`poznamka`) VALUES (60,2,3,'přednáška','1',550,3,'každý','','');
INSERT INTO `pozadavkyNaRozvrh` (`id`,`id_predmetu`,`id_vyucujiciho`,`typ`,`skupin`,`kapacita`,`hodin`,`tyden`,`mistnosti`,`poznamka`) VALUES (61,55,122,'přednáška','1',150,2,'každý','menší, s ohledem na počet přihlášených studentů','');
INSERT INTO `pozadavkyNaRozvrh` (`id`,`id_predmetu`,`id_vyucujiciho`,`typ`,`skupin`,`kapacita`,`hodin`,`tyden`,`mistnosti`,`poznamka`) VALUES (62,32,78,'přednáška','1',154,3,'každý','','');
INSERT INTO `pozadavkyNaRozvrh` (`id`,`id_predmetu`,`id_vyucujiciho`,`typ`,`skupin`,`kapacita`,`hodin`,`tyden`,`mistnosti`,`poznamka`) VALUES (63,32,76,'přednáška','1',100,3,'každý','','ideálně jako vloni, tj. Po 10-13');
INSERT INTO `pozadavkyNaRozvrh` (`id`,`id_predmetu`,`id_vyucujiciho`,`typ`,`skupin`,`kapacita`,`hodin`,`tyden`,`mistnosti`,`poznamka`) VALUES (64,68,27,'přednáška','1',90,2,'každý','','');
INSERT INTO `pozadavkyNaRozvrh` (`id`,`id_predmetu`,`id_vyucujiciho`,`typ`,`skupin`,`kapacita`,`hodin`,`tyden`,`mistnosti`,`poznamka`) VALUES (65,69,64,'přednáška','1',60,3,'každý','','');
INSERT INTO `pozadavkyNaRozvrh` (`id`,`id_predmetu`,`id_vyucujiciho`,`typ`,`skupin`,`kapacita`,`hodin`,`tyden`,`mistnosti`,`poznamka`) VALUES (66,70,11,'přednáška','1',60,2,'každý','','');
INSERT INTO `pozadavkyNaRozvrh` (`id`,`id_predmetu`,`id_vyucujiciho`,`typ`,`skupin`,`kapacita`,`hodin`,`tyden`,`mistnosti`,`poznamka`) VALUES (67,70,11,'přednáška','1',60,2,'každý','','');
INSERT INTO `pozadavkyNaRozvrh` (`id`,`id_predmetu`,`id_vyucujiciho`,`typ`,`skupin`,`kapacita`,`hodin`,`tyden`,`mistnosti`,`poznamka`) VALUES (68,71,34,'přednáška','1',70,2,'každý','E104, E105','');
INSERT INTO `pozadavkyNaRozvrh` (`id`,`id_predmetu`,`id_vyucujiciho`,`typ`,`skupin`,`kapacita`,`hodin`,`tyden`,`mistnosti`,`poznamka`) VALUES (69,74,31,'přednáška','1',40,2,'každý','E104, G202','vždy až po 10té hodině. Ne v době plánované přednášky BIN prof. L. Sekaniny');
INSERT INTO `pozadavkyNaRozvrh` (`id`,`id_predmetu`,`id_vyucujiciho`,`typ`,`skupin`,`kapacita`,`hodin`,`tyden`,`mistnosti`,`poznamka`) VALUES (70,74,NULL,'přednáška','1',40,2,'každý','E104, G202','');
INSERT INTO `pozadavkyNaRozvrh` (`id`,`id_predmetu`,`id_vyucujiciho`,`typ`,`skupin`,`kapacita`,`hodin`,`tyden`,`mistnosti`,`poznamka`) VALUES (71,20,69,'přednáška','1',80,2,'každý','G202','Blok společně s PRM a RET');
INSERT INTO `pozadavkyNaRozvrh` (`id`,`id_predmetu`,`id_vyucujiciho`,`typ`,`skupin`,`kapacita`,`hodin`,`tyden`,`mistnosti`,`poznamka`) VALUES (72,5,13,'přednáška','1',300,2,'každý','','Učím zároveň IPP, takže je nutné dát jiný termín');
INSERT INTO `pozadavkyNaRozvrh` (`id`,`id_predmetu`,`id_vyucujiciho`,`typ`,`skupin`,`kapacita`,`hodin`,`tyden`,`mistnosti`,`poznamka`) VALUES (73,75,99,'přednáška','1',64,2,'každý','','');
INSERT INTO `pozadavkyNaRozvrh` (`id`,`id_predmetu`,`id_vyucujiciho`,`typ`,`skupin`,`kapacita`,`hodin`,`tyden`,`mistnosti`,`poznamka`) VALUES (74,78,NULL,'přednáška','1',90,2,'každý','','');
INSERT INTO `pozadavkyNaRozvrh` (`id`,`id_predmetu`,`id_vyucujiciho`,`typ`,`skupin`,`kapacita`,`hodin`,`tyden`,`mistnosti`,`poznamka`) VALUES (75,174,205,'přednáška','1',50,2,'každý','','Prosím nikoliv ranní termíny (do 9:30h)');
INSERT INTO `pozadavkyNaRozvrh` (`id`,`id_predmetu`,`id_vyucujiciho`,`typ`,`skupin`,`kapacita`,`hodin`,`tyden`,`mistnosti`,`poznamka`) VALUES (76,167,127,'přednáška','1',300,2,'každý','','');
INSERT INTO `pozadavkyNaRozvrh` (`id`,`id_predmetu`,`id_vyucujiciho`,`typ`,`skupin`,`kapacita`,`hodin`,`tyden`,`mistnosti`,`poznamka`) VALUES (77,162,76,'přednáška','2',250,3,'každý','','Dny mohou být jako vloni, tj. pondělí a čtvrtek, ale aby končila alespoň jedna skupina nejpozději v 17:00 (dr.Bartík) a druhá nejpozději v 18:00 hod. (toto omezení platí i pro ostatní dny)');
INSERT INTO `pozadavkyNaRozvrh` (`id`,`id_predmetu`,`id_vyucujiciho`,`typ`,`skupin`,`kapacita`,`hodin`,`tyden`,`mistnosti`,`poznamka`) VALUES (78,168,196,'přednáška','1',300,2,'každý','','Nejdříve v 9:00 (rozvoz dětí), nejlépe dopoledne.');
INSERT INTO `pozadavkyNaRozvrh` (`id`,`id_predmetu`,`id_vyucujiciho`,`typ`,`skupin`,`kapacita`,`hodin`,`tyden`,`mistnosti`,`poznamka`) VALUES (79,133,127,'přednáška','1',300,3,'každý','','');
INSERT INTO `pozadavkyNaRozvrh` (`id`,`id_predmetu`,`id_vyucujiciho`,`typ`,`skupin`,`kapacita`,`hodin`,`tyden`,`mistnosti`,`poznamka`) VALUES (80,175,262,'přednáška','1',65,3,'každý','','pokud mozno ne zadny den dopoledne');
INSERT INTO `pozadavkyNaRozvrh` (`id`,`id_predmetu`,`id_vyucujiciho`,`typ`,`skupin`,`kapacita`,`hodin`,`tyden`,`mistnosti`,`poznamka`) VALUES (81,121,187,'přednáška','1',300,2,'každý','D105, T10/1.36','Jako minulý rok (obě skupiny ve stejný čas)');
INSERT INTO `pozadavkyNaRozvrh` (`id`,`id_predmetu`,`id_vyucujiciho`,`typ`,`skupin`,`kapacita`,`hodin`,`tyden`,`mistnosti`,`poznamka`) VALUES (82,198,257,'přednáška','1',60,2,'každý','G202','');
INSERT INTO `pozadavkyNaRozvrh` (`id`,`id_predmetu`,`id_vyucujiciho`,`typ`,`skupin`,`kapacita`,`hodin`,`tyden`,`mistnosti`,`poznamka`) VALUES (83,122,11,'přednáška','2',300,4,'každý','','3 hod. přednášky a 1 hod. cvičení');
INSERT INTO `pozadavkyNaRozvrh` (`id`,`id_predmetu`,`id_vyucujiciho`,`typ`,`skupin`,`kapacita`,`hodin`,`tyden`,`mistnosti`,`poznamka`) VALUES (84,123,12,'přednáška','2',300,3,'každý','D105, D0206, D0207','Prosím o výuku obou skupin v jednom dni: před a po obědě.');
INSERT INTO `pozadavkyNaRozvrh` (`id`,`id_predmetu`,`id_vyucujiciho`,`typ`,`skupin`,`kapacita`,`hodin`,`tyden`,`mistnosti`,`poznamka`) VALUES (85,163,20,'přednáška','2',300,3,'každý','','Přednášky budou možná zkráceny na 2 hod.');
INSERT INTO `pozadavkyNaRozvrh` (`id`,`id_predmetu`,`id_vyucujiciho`,`typ`,`skupin`,`kapacita`,`hodin`,`tyden`,`mistnosti`,`poznamka`) VALUES (86,164,13,'přednáška','2',300,3,'každý','','Učím také FLP, takže v jiné termíny.');
INSERT INTO `pozadavkyNaRozvrh` (`id`,`id_predmetu`,`id_vyucujiciho`,`typ`,`skupin`,`kapacita`,`hodin`,`tyden`,`mistnosti`,`poznamka`) VALUES (87,135,124,'přednáška','1',300,2,'každý','','');
INSERT INTO `pozadavkyNaRozvrh` (`id`,`id_predmetu`,`id_vyucujiciho`,`typ`,`skupin`,`kapacita`,`hodin`,`tyden`,`mistnosti`,`poznamka`) VALUES (88,120,112,'přednáška','2',300,3,'každý','','');
INSERT INTO `pozadavkyNaRozvrh` (`id`,`id_predmetu`,`id_vyucujiciho`,`typ`,`skupin`,`kapacita`,`hodin`,`tyden`,`mistnosti`,`poznamka`) VALUES (89,179,141,'přednáška','1',80,2,'každý','','');
INSERT INTO `pozadavkyNaRozvrh` (`id`,`id_predmetu`,`id_vyucujiciho`,`typ`,`skupin`,`kapacita`,`hodin`,`tyden`,`mistnosti`,`poznamka`) VALUES (90,180,201,'přednáška','1',80,2,'každý','','Nepřekrývat s přednáškou IOS (Operační systémy), učím i tam.');
INSERT INTO `pozadavkyNaRozvrh` (`id`,`id_predmetu`,`id_vyucujiciho`,`typ`,`skupin`,`kapacita`,`hodin`,`tyden`,`mistnosti`,`poznamka`) VALUES (91,137,197,'přednáška','1',300,2,'lichý','D105 (+ D0207)','Ta D0207 není nezbytně nutná, ale umožnila by navýšení kapacity předmětu v případě potřeby.');
INSERT INTO `pozadavkyNaRozvrh` (`id`,`id_predmetu`,`id_vyucujiciho`,`typ`,`skupin`,`kapacita`,`hodin`,`tyden`,`mistnosti`,`poznamka`) VALUES (92,138,NULL,'přednáška','1',400,2,'každý','','');
INSERT INTO `pozadavkyNaRozvrh` (`id`,`id_predmetu`,`id_vyucujiciho`,`typ`,`skupin`,`kapacita`,`hodin`,`tyden`,`mistnosti`,`poznamka`) VALUES (93,165,106,'přednáška','2',300,3,'každý','','nejlépe opět obě přednášky v jeden den, tedy dopoledne 1 skupina a odpoledne 2 skupina');
INSERT INTO `pozadavkyNaRozvrh` (`id`,`id_predmetu`,`id_vyucujiciho`,`typ`,`skupin`,`kapacita`,`hodin`,`tyden`,`mistnosti`,`poznamka`) VALUES (94,166,116,'přednáška','2',250,2,'každý','','');
INSERT INTO `pozadavkyNaRozvrh` (`id`,`id_predmetu`,`id_vyucujiciho`,`typ`,`skupin`,`kapacita`,`hodin`,`tyden`,`mistnosti`,`poznamka`) VALUES (95,169,257,'přednáška','1',72,2,'každý','','musí být v jiném termínu než přednáška z IMU');
INSERT INTO `pozadavkyNaRozvrh` (`id`,`id_predmetu`,`id_vyucujiciho`,`typ`,`skupin`,`kapacita`,`hodin`,`tyden`,`mistnosti`,`poznamka`) VALUES (96,82,154,'přednáška','1',150,2,'každý','E112','Na přednášku navázat 1 hod. demonstrační cvičení. Jiný den než PMA.');
INSERT INTO `pozadavkyNaRozvrh` (`id`,`id_predmetu`,`id_vyucujiciho`,`typ`,`skupin`,`kapacita`,`hodin`,`tyden`,`mistnosti`,`poznamka`) VALUES (97,82,155,'cvičení','1',150,1,'každý','E112','Demonstrační cvičení - navázat na přednášku MPR');
INSERT INTO `pozadavkyNaRozvrh` (`id`,`id_predmetu`,`id_vyucujiciho`,`typ`,`skupin`,`kapacita`,`hodin`,`tyden`,`mistnosti`,`poznamka`) VALUES (98,83,102,'přednáška','1',90,2,'každý','','');
INSERT INTO `pozadavkyNaRozvrh` (`id`,`id_predmetu`,`id_vyucujiciho`,`typ`,`skupin`,`kapacita`,`hodin`,`tyden`,`mistnosti`,`poznamka`) VALUES (99,7,21,'přednáška','1',300,4,'každý','','3 hod. přednášky, pak 1 hod. cvičení');
INSERT INTO `pozadavkyNaRozvrh` (`id`,`id_predmetu`,`id_vyucujiciho`,`typ`,`skupin`,`kapacita`,`hodin`,`tyden`,`mistnosti`,`poznamka`) VALUES (100,59,35,'přednáška','1',70,3,'každý','','');
INSERT INTO `pozadavkyNaRozvrh` (`id`,`id_predmetu`,`id_vyucujiciho`,`typ`,`skupin`,`kapacita`,`hodin`,`tyden`,`mistnosti`,`poznamka`) VALUES (101,87,154,'přednáška','1',40,2,'každý','A112','Na přednášku bezprostředně navázat 2 hodiny cvičení. Jiný den než MPR.');
INSERT INTO `pozadavkyNaRozvrh` (`id`,`id_predmetu`,`id_vyucujiciho`,`typ`,`skupin`,`kapacita`,`hodin`,`tyden`,`mistnosti`,`poznamka`) VALUES (102,87,154,'cvičení','2',20,2,'každý','A112','Jedno cvičení navázat bezprostředně na přednášku, druhé cvičení ten stejný den v pozdnějších hodinách (například 17:00 - 18:50).');
INSERT INTO `pozadavkyNaRozvrh` (`id`,`id_predmetu`,`id_vyucujiciho`,`typ`,`skupin`,`kapacita`,`hodin`,`tyden`,`mistnosti`,`poznamka`) VALUES (103,87,68,'přednáška','1',40,2,'každý','A112','Na přednášku bezprostředně navázat 2 hodiny cvičení');
INSERT INTO `pozadavkyNaRozvrh` (`id`,`id_predmetu`,`id_vyucujiciho`,`typ`,`skupin`,`kapacita`,`hodin`,`tyden`,`mistnosti`,`poznamka`) VALUES (104,87,68,'cvičení','2',20,2,'každý','A112','Jedno cvičení navázat bezprostředně na přednášku, druhé cvičení ten stejný den v pozdnějších hodinách (například 17:00 - 18:50).');
INSERT INTO `pozadavkyNaRozvrh` (`id`,`id_predmetu`,`id_vyucujiciho`,`typ`,`skupin`,`kapacita`,`hodin`,`tyden`,`mistnosti`,`poznamka`) VALUES (105,87,155,'přednáška','1',40,2,'každý','A112','Na přednášku bezprostředně navázat 2 hodiny cvičení');
INSERT INTO `pozadavkyNaRozvrh` (`id`,`id_predmetu`,`id_vyucujiciho`,`typ`,`skupin`,`kapacita`,`hodin`,`tyden`,`mistnosti`,`poznamka`) VALUES (106,87,155,'cvičení','2',20,2,'každý','A112','Jedno cvičení navázat bezprostředně na přednášku, druhé cvičení ten stejný den v pozdnějších hodinách (například 17:00 - 18:50).');
INSERT INTO `pozadavkyNaRozvrh` (`id`,`id_predmetu`,`id_vyucujiciho`,`typ`,`skupin`,`kapacita`,`hodin`,`tyden`,`mistnosti`,`poznamka`) VALUES (107,67,87,'přednáška','1',100,3,'každý','D0206,D20207','');
INSERT INTO `pozadavkyNaRozvrh` (`id`,`id_predmetu`,`id_vyucujiciho`,`typ`,`skupin`,`kapacita`,`hodin`,`tyden`,`mistnosti`,`poznamka`) VALUES (108,27,69,'přednáška','1',80,2,'každý','G202','Blok společně s FIK a RET');
INSERT INTO `pozadavkyNaRozvrh` (`id`,`id_predmetu`,`id_vyucujiciho`,`typ`,`skupin`,`kapacita`,`hodin`,`tyden`,`mistnosti`,`poznamka`) VALUES (109,28,69,'přednáška','1',80,2,'každý','G202','Blok společně s FIK a PRM');
INSERT INTO `pozadavkyNaRozvrh` (`id`,`id_predmetu`,`id_vyucujiciho`,`typ`,`skupin`,`kapacita`,`hodin`,`tyden`,`mistnosti`,`poznamka`) VALUES (110,88,NULL,'přednáška','1',30,2,'každý','A112 / A113','');
INSERT INTO `pozadavkyNaRozvrh` (`id`,`id_predmetu`,`id_vyucujiciho`,`typ`,`skupin`,`kapacita`,`hodin`,`tyden`,`mistnosti`,`poznamka`) VALUES (111,92,165,'přednáška','1',80,2,'každý','','');
INSERT INTO `pozadavkyNaRozvrh` (`id`,`id_predmetu`,`id_vyucujiciho`,`typ`,`skupin`,`kapacita`,`hodin`,`tyden`,`mistnosti`,`poznamka`) VALUES (112,93,101,'přednáška','1',72,2,'každý','E104, E105','');
INSERT INTO `pozadavkyNaRozvrh` (`id`,`id_predmetu`,`id_vyucujiciho`,`typ`,`skupin`,`kapacita`,`hodin`,`tyden`,`mistnosti`,`poznamka`) VALUES (113,65,35,'přednáška','1',200,3,'každý','','');
INSERT INTO `pozadavkyNaRozvrh` (`id`,`id_predmetu`,`id_vyucujiciho`,`typ`,`skupin`,`kapacita`,`hodin`,`tyden`,`mistnosti`,`poznamka`) VALUES (114,94,102,'přednáška','1',150,2,'každý','','');
INSERT INTO `pozadavkyNaRozvrh` (`id`,`id_predmetu`,`id_vyucujiciho`,`typ`,`skupin`,`kapacita`,`hodin`,`tyden`,`mistnosti`,`poznamka`) VALUES (115,95,32,'přednáška','1',90,26,'každý','','');

/*
-- Query: SELECT * FROM planovaniRozvrhu.pozadavkyNaZkousky
LIMIT 0, 5000

-- Date: 2018-01-02 20:27
*/
DELETE FROM pozadavkyNaZkousky where id > 0;
INSERT INTO `pozadavkyNaZkousky` (`id`,`id_predmetu`,`id_zkousejiciho`,`rozsaz`,`poznamka`) VALUES (1,18,64,'ob1','Pokud možno dopoledne');
INSERT INTO `pozadavkyNaZkousky` (`id`,`id_predmetu`,`id_zkousejiciho`,`rozsaz`,`poznamka`) VALUES (2,31,76,'ob1','');
INSERT INTO `pozadavkyNaZkousky` (`id`,`id_predmetu`,`id_zkousejiciho`,`rozsaz`,`poznamka`) VALUES (3,15,26,'ob1','');
INSERT INTO `pozadavkyNaZkousky` (`id`,`id_predmetu`,`id_zkousejiciho`,`rozsaz`,`poznamka`) VALUES (4,29,26,'ob1','');
INSERT INTO `pozadavkyNaZkousky` (`id`,`id_predmetu`,`id_zkousejiciho`,`rozsaz`,`poznamka`) VALUES (5,34,79,'ob1','');
INSERT INTO `pozadavkyNaZkousky` (`id`,`id_predmetu`,`id_zkousejiciho`,`rozsaz`,`poznamka`) VALUES (6,16,12,'ob1','Větší mezery mezi termíny, aby se studenti mohli připravit');
INSERT INTO `pozadavkyNaZkousky` (`id`,`id_predmetu`,`id_zkousejiciho`,`rozsaz`,`poznamka`) VALUES (7,37,87,'ob1','');
INSERT INTO `pozadavkyNaZkousky` (`id`,`id_predmetu`,`id_zkousejiciho`,`rozsaz`,`poznamka`) VALUES (8,3,8,'ob1','');
INSERT INTO `pozadavkyNaZkousky` (`id`,`id_predmetu`,`id_zkousejiciho`,`rozsaz`,`poznamka`) VALUES (9,139,236,'ob1','');
INSERT INTO `pozadavkyNaZkousky` (`id`,`id_predmetu`,`id_zkousejiciho`,`rozsaz`,`poznamka`) VALUES (10,139,236,'ob1','');
INSERT INTO `pozadavkyNaZkousky` (`id`,`id_predmetu`,`id_zkousejiciho`,`rozsaz`,`poznamka`) VALUES (11,109,187,'ob1','');
INSERT INTO `pozadavkyNaZkousky` (`id`,`id_predmetu`,`id_zkousejiciho`,`rozsaz`,`poznamka`) VALUES (12,110,165,'ob1','');
INSERT INTO `pozadavkyNaZkousky` (`id`,`id_predmetu`,`id_zkousejiciho`,`rozsaz`,`poznamka`) VALUES (13,140,80,'ob1','');
INSERT INTO `pozadavkyNaZkousky` (`id`,`id_predmetu`,`id_zkousejiciho`,`rozsaz`,`poznamka`) VALUES (14,187,35,'ob1','');
INSERT INTO `pozadavkyNaZkousky` (`id`,`id_predmetu`,`id_zkousejiciho`,`rozsaz`,`poznamka`) VALUES (15,188,NULL,'ob1','');
INSERT INTO `pozadavkyNaZkousky` (`id`,`id_predmetu`,`id_zkousejiciho`,`rozsaz`,`poznamka`) VALUES (16,188,NULL,'ob1','První termín 13.1. nebo později.');
INSERT INTO `pozadavkyNaZkousky` (`id`,`id_predmetu`,`id_zkousejiciho`,`rozsaz`,`poznamka`) VALUES (17,189,127,'vedle sebe','první termín v D105 2*2h, mezi prvním a druhým termínem _minimálně_ 10 dnů, (čas raději odpoledne)');
INSERT INTO `pozadavkyNaZkousky` (`id`,`id_predmetu`,`id_zkousejiciho`,`rozsaz`,`poznamka`) VALUES (18,141,220,'ob1','');
INSERT INTO `pozadavkyNaZkousky` (`id`,`id_predmetu`,`id_zkousejiciho`,`rozsaz`,`poznamka`) VALUES (19,193,141,'ob1','');
INSERT INTO `pozadavkyNaZkousky` (`id`,`id_predmetu`,`id_zkousejiciho`,`rozsaz`,`poznamka`) VALUES (20,190,19,'ob1','5 termínů (variantní), plánovat 3');
INSERT INTO `pozadavkyNaZkousky` (`id`,`id_predmetu`,`id_zkousejiciho`,`rozsaz`,`poznamka`) VALUES (21,143,32,'ob1','');
INSERT INTO `pozadavkyNaZkousky` (`id`,`id_predmetu`,`id_zkousejiciho`,`rozsaz`,`poznamka`) VALUES (22,111,197,'ob1','');
INSERT INTO `pozadavkyNaZkousky` (`id`,`id_predmetu`,`id_zkousejiciho`,`rozsaz`,`poznamka`) VALUES (23,112,154,'ob1','IZP - jeden turnus, okno 3 hod.');
INSERT INTO `pozadavkyNaZkousky` (`id`,`id_predmetu`,`id_zkousejiciho`,`rozsaz`,`poznamka`) VALUES (24,1,1,'ob1','');
INSERT INTO `pozadavkyNaZkousky` (`id`,`id_predmetu`,`id_zkousejiciho`,`rozsaz`,`poznamka`) VALUES (25,42,13,'ob1','Mezi prvním a druhým termínem bych rád více, jak 7 dní');
INSERT INTO `pozadavkyNaZkousky` (`id`,`id_predmetu`,`id_zkousejiciho`,`rozsaz`,`poznamka`) VALUES (26,48,115,'ob2','!!! prosím o bezkoliznost s termíny zkoušek pro IMP a IEL !!!');
INSERT INTO `pozadavkyNaZkousky` (`id`,`id_predmetu`,`id_zkousejiciho`,`rozsaz`,`poznamka`) VALUES (27,49,116,'vedle sebe','');
INSERT INTO `pozadavkyNaZkousky` (`id`,`id_predmetu`,`id_zkousejiciho`,`rozsaz`,`poznamka`) VALUES (28,52,79,'ob1','');
INSERT INTO `pozadavkyNaZkousky` (`id`,`id_predmetu`,`id_zkousejiciho`,`rozsaz`,`poznamka`) VALUES (29,2,3,'ob2','');
INSERT INTO `pozadavkyNaZkousky` (`id`,`id_predmetu`,`id_zkousejiciho`,`rozsaz`,`poznamka`) VALUES (30,32,76,'ob1','');
INSERT INTO `pozadavkyNaZkousky` (`id`,`id_predmetu`,`id_zkousejiciho`,`rozsaz`,`poznamka`) VALUES (31,68,27,'ob1','Nekolidovat s PRL a IZU');
INSERT INTO `pozadavkyNaZkousky` (`id`,`id_predmetu`,`id_zkousejiciho`,`rozsaz`,`poznamka`) VALUES (32,69,64,'ob1','');
INSERT INTO `pozadavkyNaZkousky` (`id`,`id_predmetu`,`id_zkousejiciho`,`rozsaz`,`poznamka`) VALUES (33,74,NULL,'ob1','mezi termíny týden pauza, do 25.5. řádný a 1.opr. termín, nebo viz nemohu zkoušet');
INSERT INTO `pozadavkyNaZkousky` (`id`,`id_predmetu`,`id_zkousejiciho`,`rozsaz`,`poznamka`) VALUES (34,5,13,'ob2','Připravuji, zkouším a opravuji i IPP. Nutně na každý termín vyhradit pro zkoušku 3 hodiny.');
INSERT INTO `pozadavkyNaZkousky` (`id`,`id_predmetu`,`id_zkousejiciho`,`rozsaz`,`poznamka`) VALUES (35,76,142,'ob1','');
INSERT INTO `pozadavkyNaZkousky` (`id`,`id_predmetu`,`id_zkousejiciho`,`rozsaz`,`poznamka`) VALUES (36,77,121,'ob1','');
INSERT INTO `pozadavkyNaZkousky` (`id`,`id_predmetu`,`id_zkousejiciho`,`rozsaz`,`poznamka`) VALUES (37,78,NULL,'ob1','');
INSERT INTO `pozadavkyNaZkousky` (`id`,`id_predmetu`,`id_zkousejiciho`,`rozsaz`,`poznamka`) VALUES (38,174,205,'ob1','');
INSERT INTO `pozadavkyNaZkousky` (`id`,`id_predmetu`,`id_zkousejiciho`,`rozsaz`,`poznamka`) VALUES (39,162,76,'ob1','V 1. týdnu zkouškového období ještě budou probíhat obhajoby projektů');
INSERT INTO `pozadavkyNaZkousky` (`id`,`id_predmetu`,`id_zkousejiciho`,`rozsaz`,`poznamka`) VALUES (40,132,228,'ob1','Zkouška trvá max 1,5 hodiny.');
INSERT INTO `pozadavkyNaZkousky` (`id`,`id_predmetu`,`id_zkousejiciho`,`rozsaz`,`poznamka`) VALUES (41,133,127,'vedle sebe','prvni termin: nahusto, D105; druhy a treti mozno planovat spolecne s SNT(magistri)');
INSERT INTO `pozadavkyNaZkousky` (`id`,`id_predmetu`,`id_zkousejiciho`,`rozsaz`,`poznamka`) VALUES (42,175,262,'ob2','');
INSERT INTO `pozadavkyNaZkousky` (`id`,`id_predmetu`,`id_zkousejiciho`,`rozsaz`,`poznamka`) VALUES (43,121,216,'ob1','');
INSERT INTO `pozadavkyNaZkousky` (`id`,`id_predmetu`,`id_zkousejiciho`,`rozsaz`,`poznamka`) VALUES (44,122,8,'ob1','');
INSERT INTO `pozadavkyNaZkousky` (`id`,`id_predmetu`,`id_zkousejiciho`,`rozsaz`,`poznamka`) VALUES (45,123,12,'ob2','');
INSERT INTO `pozadavkyNaZkousky` (`id`,`id_predmetu`,`id_zkousejiciho`,`rozsaz`,`poznamka`) VALUES (46,164,13,'ob2','Připravuji, zkouším a opravuji také FLP, dr. Křivka zase GAL. Na každý termín je třeba timeslot 3 hodiny, zkouška trvá 120 minut a tedy 2 hodiny nestačí na organizaci a uskutečnění zkoušky');
INSERT INTO `pozadavkyNaZkousky` (`id`,`id_predmetu`,`id_zkousejiciho`,`rozsaz`,`poznamka`) VALUES (47,135,124,'ob1','');
INSERT INTO `pozadavkyNaZkousky` (`id`,`id_predmetu`,`id_zkousejiciho`,`rozsaz`,`poznamka`) VALUES (48,120,112,'ob1','Výjezdní zasedání ÚITS');
INSERT INTO `pozadavkyNaZkousky` (`id`,`id_predmetu`,`id_zkousejiciho`,`rozsaz`,`poznamka`) VALUES (49,120,112,'ob1','PROSÍM dát mezi první a druhý termín nejméně 10 dní, rychleji 500 písemek neopravím.');
INSERT INTO `pozadavkyNaZkousky` (`id`,`id_predmetu`,`id_zkousejiciho`,`rozsaz`,`poznamka`) VALUES (50,120,112,'ob1','PROSÍM dát mezi první a druhý termín nejméně 10 dní, rychleji 500 písemek neopravím.');
INSERT INTO `pozadavkyNaZkousky` (`id`,`id_predmetu`,`id_zkousejiciho`,`rozsaz`,`poznamka`) VALUES (51,165,106,'vedle sebe','');
INSERT INTO `pozadavkyNaZkousky` (`id`,`id_predmetu`,`id_zkousejiciho`,`rozsaz`,`poznamka`) VALUES (52,166,27,'vedle sebe','Nekolidovat s AGS a PRL');
INSERT INTO `pozadavkyNaZkousky` (`id`,`id_predmetu`,`id_zkousejiciho`,`rozsaz`,`poznamka`) VALUES (53,166,116,'vedle sebe','');
INSERT INTO `pozadavkyNaZkousky` (`id`,`id_predmetu`,`id_zkousejiciho`,`rozsaz`,`poznamka`) VALUES (54,82,154,'ob1','');
INSERT INTO `pozadavkyNaZkousky` (`id`,`id_predmetu`,`id_zkousejiciho`,`rozsaz`,`poznamka`) VALUES (55,7,21,'ob1','Řádný termín');
INSERT INTO `pozadavkyNaZkousky` (`id`,`id_predmetu`,`id_zkousejiciho`,`rozsaz`,`poznamka`) VALUES (56,7,21,'ob1','1. opravný termín zkoušky PDS');
INSERT INTO `pozadavkyNaZkousky` (`id`,`id_predmetu`,`id_zkousejiciho`,`rozsaz`,`poznamka`) VALUES (57,7,21,'ob1','2. opravný termín zkoušky PDS');
INSERT INTO `pozadavkyNaZkousky` (`id`,`id_predmetu`,`id_zkousejiciho`,`rozsaz`,`poznamka`) VALUES (58,86,3,'ob1','');
INSERT INTO `pozadavkyNaZkousky` (`id`,`id_predmetu`,`id_zkousejiciho`,`rozsaz`,`poznamka`) VALUES (59,86,3,'ob1','');
INSERT INTO `pozadavkyNaZkousky` (`id`,`id_predmetu`,`id_zkousejiciho`,`rozsaz`,`poznamka`) VALUES (60,86,3,'ob1','');
INSERT INTO `pozadavkyNaZkousky` (`id`,`id_predmetu`,`id_zkousejiciho`,`rozsaz`,`poznamka`) VALUES (61,67,87,'ob1','');
INSERT INTO `pozadavkyNaZkousky` (`id`,`id_predmetu`,`id_zkousejiciho`,`rozsaz`,`poznamka`) VALUES (62,8,27,'ob1','Nekolidovat s AGS a IZU');
INSERT INTO `pozadavkyNaZkousky` (`id`,`id_predmetu`,`id_zkousejiciho`,`rozsaz`,`poznamka`) VALUES (63,61,127,'ob1','druhy a treti termin nejlepe planovat spolecne s IJC(bakalari)');
INSERT INTO `pozadavkyNaZkousky` (`id`,`id_predmetu`,`id_zkousejiciho`,`rozsaz`,`poznamka`) VALUES (64,92,165,'ob1','');
INSERT INTO `pozadavkyNaZkousky` (`id`,`id_predmetu`,`id_zkousejiciho`,`rozsaz`,`poznamka`) VALUES (65,95,32,'ob2','jakykoliv termin');

/*
-- Query: SELECT * FROM planovaniRozvrhu.terminyPozadavkuNaZkousky
LIMIT 0, 5000

-- Date: 2018-01-02 20:30
*/
DELETE FROM terminyPozadavkuNaZkousky where id > 0;
INSERT INTO `terminyPozadavkuNaZkousky` (`id`,`id_pozadavkuNaZkousky`,`typ`,`termin`,`datum_od`,`datum_do`,`den`,`cas_od`,`cas_do`,`hod.`,`pocet_kol`,`pref_mistnosti`,`poznamka`) VALUES (1,2,'vyhovující','všechny','2016-01-11','2016-02-05','-','08:00:00.000000','16:50:00.000000',2,1,'E112, D0206','1. týden v lednu ještě obhajoby projktů');
INSERT INTO `terminyPozadavkuNaZkousky` (`id`,`id_pozadavkuNaZkousky`,`typ`,`termin`,`datum_od`,`datum_do`,`den`,`cas_od`,`cas_do`,`hod.`,`pocet_kol`,`pref_mistnosti`,`poznamka`) VALUES (2,2,'nemožný',NULL,'2016-01-11','2016-01-31','úterý','08:00:00.000000','11:50:00.000000',NULL,NULL,NULL,'Kolegia rektora než bude nový děkan');
INSERT INTO `terminyPozadavkuNaZkousky` (`id`,`id_pozadavkuNaZkousky`,`typ`,`termin`,`datum_od`,`datum_do`,`den`,`cas_od`,`cas_do`,`hod.`,`pocet_kol`,`pref_mistnosti`,`poznamka`) VALUES (3,2,'nemožný',NULL,'2016-01-11','2016-01-31','čtvrtek','09:00:00.000000','12:50:00.000000',NULL,NULL,NULL,'Kolegia děkana než bude nový děkan');
INSERT INTO `terminyPozadavkuNaZkousky` (`id`,`id_pozadavkuNaZkousky`,`typ`,`termin`,`datum_od`,`datum_do`,`den`,`cas_od`,`cas_do`,`hod.`,`pocet_kol`,`pref_mistnosti`,`poznamka`) VALUES (4,2,'nemožný',NULL,'2016-01-04','2016-01-08','-','07:00:00.000000','20:50:00.000000',NULL,NULL,NULL,'1. týden v lednu ještě obhajoby projktů');
INSERT INTO `terminyPozadavkuNaZkousky` (`id`,`id_pozadavkuNaZkousky`,`typ`,`termin`,`datum_od`,`datum_do`,`den`,`cas_od`,`cas_do`,`hod.`,`pocet_kol`,`pref_mistnosti`,`poznamka`) VALUES (5,5,'nemožný',NULL,'2016-01-04','2016-02-05','pátek','07:00:00.000000','20:50:00.000000',NULL,NULL,NULL,'');
INSERT INTO `terminyPozadavkuNaZkousky` (`id`,`id_pozadavkuNaZkousky`,`typ`,`termin`,`datum_od`,`datum_do`,`den`,`cas_od`,`cas_do`,`hod.`,`pocet_kol`,`pref_mistnosti`,`poznamka`) VALUES (6,6,'nemožný',NULL,'2016-01-18','2015-01-22','-','07:00:00.000000','20:50:00.000000',NULL,NULL,NULL,'');
INSERT INTO `terminyPozadavkuNaZkousky` (`id`,`id_pozadavkuNaZkousky`,`typ`,`termin`,`datum_od`,`datum_do`,`den`,`cas_od`,`cas_do`,`hod.`,`pocet_kol`,`pref_mistnosti`,`poznamka`) VALUES (7,7,'vyhovující','všechny','2016-01-04','2016-02-05','středa','07:00:00.000000','20:50:00.000000',2,1,'A113','test');
INSERT INTO `terminyPozadavkuNaZkousky` (`id`,`id_pozadavkuNaZkousky`,`typ`,`termin`,`datum_od`,`datum_do`,`den`,`cas_od`,`cas_do`,`hod.`,`pocet_kol`,`pref_mistnosti`,`poznamka`) VALUES (8,7,'nemožný',NULL,'2016-01-04','2016-02-05','čtvrtek','07:00:00.000000','12:50:00.000000',NULL,NULL,NULL,'kolegium');
INSERT INTO `terminyPozadavkuNaZkousky` (`id`,`id_pozadavkuNaZkousky`,`typ`,`termin`,`datum_od`,`datum_do`,`den`,`cas_od`,`cas_do`,`hod.`,`pocet_kol`,`pref_mistnosti`,`poznamka`) VALUES (9,8,'nemožný',NULL,'2016-01-04','2016-02-05','úterý','13:00:00.000000','15:50:00.000000',NULL,NULL,NULL,'AS FIT');
INSERT INTO `terminyPozadavkuNaZkousky` (`id`,`id_pozadavkuNaZkousky`,`typ`,`termin`,`datum_od`,`datum_do`,`den`,`cas_od`,`cas_do`,`hod.`,`pocet_kol`,`pref_mistnosti`,`poznamka`) VALUES (10,8,'nemožný',NULL,'2016-01-04','2016-02-05','-','07:00:00.000000','20:50:00.000000',NULL,NULL,NULL,'');
INSERT INTO `terminyPozadavkuNaZkousky` (`id`,`id_pozadavkuNaZkousky`,`typ`,`termin`,`datum_od`,`datum_do`,`den`,`cas_od`,`cas_do`,`hod.`,`pocet_kol`,`pref_mistnosti`,`poznamka`) VALUES (11,9,'vyhovující','1. termín','2016-01-04','2016-02-05','-','07:00:00.000000','20:50:00.000000',3,1,'','');
INSERT INTO `terminyPozadavkuNaZkousky` (`id`,`id_pozadavkuNaZkousky`,`typ`,`termin`,`datum_od`,`datum_do`,`den`,`cas_od`,`cas_do`,`hod.`,`pocet_kol`,`pref_mistnosti`,`poznamka`) VALUES (12,9,'vyhovující','2. termín','2016-01-04','2016-02-05','-','07:00:00.000000','20:50:00.000000',3,1,'','');
INSERT INTO `terminyPozadavkuNaZkousky` (`id`,`id_pozadavkuNaZkousky`,`typ`,`termin`,`datum_od`,`datum_do`,`den`,`cas_od`,`cas_do`,`hod.`,`pocet_kol`,`pref_mistnosti`,`poznamka`) VALUES (13,9,'vyhovující','3. termín','2016-01-04','2016-02-05','-','07:00:00.000000','20:50:00.000000',2,1,'','');
INSERT INTO `terminyPozadavkuNaZkousky` (`id`,`id_pozadavkuNaZkousky`,`typ`,`termin`,`datum_od`,`datum_do`,`den`,`cas_od`,`cas_do`,`hod.`,`pocet_kol`,`pref_mistnosti`,`poznamka`) VALUES (14,9,'nemožný',NULL,'2016-01-25','2016-01-27','-','07:00:00.000000','20:50:00.000000',NULL,NULL,NULL,'Gaudeamus Praha');
INSERT INTO `terminyPozadavkuNaZkousky` (`id`,`id_pozadavkuNaZkousky`,`typ`,`termin`,`datum_od`,`datum_do`,`den`,`cas_od`,`cas_do`,`hod.`,`pocet_kol`,`pref_mistnosti`,`poznamka`) VALUES (15,10,'nemožný',NULL,'2016-01-25','2016-01-27','-','07:00:00.000000','20:50:00.000000',NULL,NULL,NULL,'Gaudeamus Praha');
INSERT INTO `terminyPozadavkuNaZkousky` (`id`,`id_pozadavkuNaZkousky`,`typ`,`termin`,`datum_od`,`datum_do`,`den`,`cas_od`,`cas_do`,`hod.`,`pocet_kol`,`pref_mistnosti`,`poznamka`) VALUES (16,11,'vyhovující','1. termín','2016-01-05','2016-01-05','-','10:00:00.000000','12:50:00.000000',2,1,'D105, D0206, E112','10:45 - 12:45, BIA na FIT, BIB na FEKT');
INSERT INTO `terminyPozadavkuNaZkousky` (`id`,`id_pozadavkuNaZkousky`,`typ`,`termin`,`datum_od`,`datum_do`,`den`,`cas_od`,`cas_do`,`hod.`,`pocet_kol`,`pref_mistnosti`,`poznamka`) VALUES (17,11,'vyhovující','2. termín','2016-01-22','2016-01-22','-','13:00:00.000000','15:50:00.000000',2,1,'D105, D0206, D0207','13:15 - 15:15, BIA na FIT, BIB na FEKT');
INSERT INTO `terminyPozadavkuNaZkousky` (`id`,`id_pozadavkuNaZkousky`,`typ`,`termin`,`datum_od`,`datum_do`,`den`,`cas_od`,`cas_do`,`hod.`,`pocet_kol`,`pref_mistnosti`,`poznamka`) VALUES (18,11,'vyhovující','3. termín','2016-02-02','2016-02-02','-','11:00:00.000000','13:50:00.000000',2,1,'D105, D0207','11:15 - 13:15, BIA na FIT, BIB na FEKT');
INSERT INTO `terminyPozadavkuNaZkousky` (`id`,`id_pozadavkuNaZkousky`,`typ`,`termin`,`datum_od`,`datum_do`,`den`,`cas_od`,`cas_do`,`hod.`,`pocet_kol`,`pref_mistnosti`,`poznamka`) VALUES (19,12,'vyhovující','předtermín','2015-12-18','2015-12-18','pátek','14:00:00.000000','16:50:00.000000',3,1,'','');
INSERT INTO `terminyPozadavkuNaZkousky` (`id`,`id_pozadavkuNaZkousky`,`typ`,`termin`,`datum_od`,`datum_do`,`den`,`cas_od`,`cas_do`,`hod.`,`pocet_kol`,`pref_mistnosti`,`poznamka`) VALUES (20,12,'vyhovující','1. termín','2016-01-08','2016-01-08','pátek','07:00:00.000000','20:50:00.000000',3,1,'','');
INSERT INTO `terminyPozadavkuNaZkousky` (`id`,`id_pozadavkuNaZkousky`,`typ`,`termin`,`datum_od`,`datum_do`,`den`,`cas_od`,`cas_do`,`hod.`,`pocet_kol`,`pref_mistnosti`,`poznamka`) VALUES (21,12,'vyhovující','2. termín','2016-01-29','2016-01-29','pátek','07:00:00.000000','20:50:00.000000',3,1,'','');
INSERT INTO `terminyPozadavkuNaZkousky` (`id`,`id_pozadavkuNaZkousky`,`typ`,`termin`,`datum_od`,`datum_do`,`den`,`cas_od`,`cas_do`,`hod.`,`pocet_kol`,`pref_mistnosti`,`poznamka`) VALUES (22,12,'vyhovující','3. termín','2016-02-04','2016-02-05','pátek','07:00:00.000000','20:50:00.000000',3,1,'','');
INSERT INTO `terminyPozadavkuNaZkousky` (`id`,`id_pozadavkuNaZkousky`,`typ`,`termin`,`datum_od`,`datum_do`,`den`,`cas_od`,`cas_do`,`hod.`,`pocet_kol`,`pref_mistnosti`,`poznamka`) VALUES (23,12,'nemožný',NULL,'2016-01-11','2016-01-15','-','07:00:00.000000','20:50:00.000000',NULL,NULL,NULL,'');
INSERT INTO `terminyPozadavkuNaZkousky` (`id`,`id_pozadavkuNaZkousky`,`typ`,`termin`,`datum_od`,`datum_do`,`den`,`cas_od`,`cas_do`,`hod.`,`pocet_kol`,`pref_mistnosti`,`poznamka`) VALUES (24,13,'vyhovující','1. termín','2016-01-04','2016-02-05','-','07:00:00.000000','20:50:00.000000',3,1,'','');
INSERT INTO `terminyPozadavkuNaZkousky` (`id`,`id_pozadavkuNaZkousky`,`typ`,`termin`,`datum_od`,`datum_do`,`den`,`cas_od`,`cas_do`,`hod.`,`pocet_kol`,`pref_mistnosti`,`poznamka`) VALUES (25,13,'vyhovující','2. termín','2016-01-04','2016-02-05','-','07:00:00.000000','20:50:00.000000',2,1,'','');
INSERT INTO `terminyPozadavkuNaZkousky` (`id`,`id_pozadavkuNaZkousky`,`typ`,`termin`,`datum_od`,`datum_do`,`den`,`cas_od`,`cas_do`,`hod.`,`pocet_kol`,`pref_mistnosti`,`poznamka`) VALUES (26,13,'vyhovující','3. termín','2016-01-04','2016-02-05','-','07:00:00.000000','20:50:00.000000',2,1,'','');
INSERT INTO `terminyPozadavkuNaZkousky` (`id`,`id_pozadavkuNaZkousky`,`typ`,`termin`,`datum_od`,`datum_do`,`den`,`cas_od`,`cas_do`,`hod.`,`pocet_kol`,`pref_mistnosti`,`poznamka`) VALUES (27,16,'vyhovující','všechny','2016-01-13','2016-02-05','-','10:00:00.000000','15:50:00.000000',2,1,'D105,D206,D207,E112,E104,E105,A112','mezi 1. a 2 termínem aspoň 10 dní pauza, mezi 2. a 3. termínem minimálně týden pauza');
INSERT INTO `terminyPozadavkuNaZkousky` (`id`,`id_pozadavkuNaZkousky`,`typ`,`termin`,`datum_od`,`datum_do`,`den`,`cas_od`,`cas_do`,`hod.`,`pocet_kol`,`pref_mistnosti`,`poznamka`) VALUES (28,17,'vyhovující','všechny','2016-01-04','2016-01-15','-','09:00:00.000000','18:50:00.000000',2,2,'D105','T1');
INSERT INTO `terminyPozadavkuNaZkousky` (`id`,`id_pozadavkuNaZkousky`,`typ`,`termin`,`datum_od`,`datum_do`,`den`,`cas_od`,`cas_do`,`hod.`,`pocet_kol`,`pref_mistnosti`,`poznamka`) VALUES (29,18,'vyhovující','1. termín','2016-01-05','2016-01-05','-','13:00:00.000000','14:50:00.000000',2,1,'D105, D0206, E112','BIA na FIT, BIB na FEKT');
INSERT INTO `terminyPozadavkuNaZkousky` (`id`,`id_pozadavkuNaZkousky`,`typ`,`termin`,`datum_od`,`datum_do`,`den`,`cas_od`,`cas_do`,`hod.`,`pocet_kol`,`pref_mistnosti`,`poznamka`) VALUES (30,18,'vyhovující','2. termín','2016-01-22','2016-01-22','-','11:00:00.000000','12:50:00.000000',2,1,'D105, D0206, D0207','BIA na FIT, BIB na FEKT');
INSERT INTO `terminyPozadavkuNaZkousky` (`id`,`id_pozadavkuNaZkousky`,`typ`,`termin`,`datum_od`,`datum_do`,`den`,`cas_od`,`cas_do`,`hod.`,`pocet_kol`,`pref_mistnosti`,`poznamka`) VALUES (31,18,'vyhovující','3. termín','2016-02-01','2016-02-01','-','13:00:00.000000','15:50:00.000000',2,1,'','13.15 -15.15, FEKT T10 Aula, T8 010, T12 SF1.141, SF 2.162 pro všechny');
INSERT INTO `terminyPozadavkuNaZkousky` (`id`,`id_pozadavkuNaZkousky`,`typ`,`termin`,`datum_od`,`datum_do`,`den`,`cas_od`,`cas_do`,`hod.`,`pocet_kol`,`pref_mistnosti`,`poznamka`) VALUES (32,19,'nemožný',NULL,'2016-01-04','2016-02-05','čtvrtek','08:00:00.000000','13:50:00.000000',NULL,NULL,NULL,'kolegium děkana');
INSERT INTO `terminyPozadavkuNaZkousky` (`id`,`id_pozadavkuNaZkousky`,`typ`,`termin`,`datum_od`,`datum_do`,`den`,`cas_od`,`cas_do`,`hod.`,`pocet_kol`,`pref_mistnosti`,`poznamka`) VALUES (33,20,'vyhovující','1. termín','2016-01-04','2016-02-05','-','07:00:00.000000','20:50:00.000000',2,1,'D105','Davam prednost tomu, aby to bylo na zacatku zkouskoveho');
INSERT INTO `terminyPozadavkuNaZkousky` (`id`,`id_pozadavkuNaZkousky`,`typ`,`termin`,`datum_od`,`datum_do`,`den`,`cas_od`,`cas_do`,`hod.`,`pocet_kol`,`pref_mistnosti`,`poznamka`) VALUES (34,20,'vyhovující','2. termín','2016-01-04','2016-02-05','-','07:00:00.000000','20:50:00.000000',2,1,'D105','');
INSERT INTO `terminyPozadavkuNaZkousky` (`id`,`id_pozadavkuNaZkousky`,`typ`,`termin`,`datum_od`,`datum_do`,`den`,`cas_od`,`cas_do`,`hod.`,`pocet_kol`,`pref_mistnosti`,`poznamka`) VALUES (35,20,'vyhovující','3. termín','2016-01-04','2016-02-05','-','07:00:00.000000','20:50:00.000000',2,1,'','min. 100 míst');
INSERT INTO `terminyPozadavkuNaZkousky` (`id`,`id_pozadavkuNaZkousky`,`typ`,`termin`,`datum_od`,`datum_do`,`den`,`cas_od`,`cas_do`,`hod.`,`pocet_kol`,`pref_mistnosti`,`poznamka`) VALUES (36,21,'vyhovující','všechny','2016-01-05','2016-02-02','-','07:00:00.000000','20:50:00.000000',2,1,'prvni termin nutno vsude, na druhy chci D105 a radeji i D0206, na treti staci neco maleho','pro 1 termin prosim 3-hodinovy slot, na dalsi staci 2-hodinove');
INSERT INTO `terminyPozadavkuNaZkousky` (`id`,`id_pozadavkuNaZkousky`,`typ`,`termin`,`datum_od`,`datum_do`,`den`,`cas_od`,`cas_do`,`hod.`,`pocet_kol`,`pref_mistnosti`,`poznamka`) VALUES (37,21,'nemožný',NULL,'2016-01-04','2016-01-04','-','07:00:00.000000','12:50:00.000000',NULL,NULL,NULL,'na FITu bude zima a nepojede tiskarna ...');
INSERT INTO `terminyPozadavkuNaZkousky` (`id`,`id_pozadavkuNaZkousky`,`typ`,`termin`,`datum_od`,`datum_do`,`den`,`cas_od`,`cas_do`,`hod.`,`pocet_kol`,`pref_mistnosti`,`poznamka`) VALUES (38,21,'nemožný',NULL,'2016-02-03','2016-02-05','-','07:00:00.000000','20:50:00.000000',NULL,NULL,NULL,'EU project meeting v Lucembursku');
INSERT INTO `terminyPozadavkuNaZkousky` (`id`,`id_pozadavkuNaZkousky`,`typ`,`termin`,`datum_od`,`datum_do`,`den`,`cas_od`,`cas_do`,`hod.`,`pocet_kol`,`pref_mistnosti`,`poznamka`) VALUES (39,22,'vyhovující','1. termín','2016-01-11','2016-01-15','-','09:00:00.000000','17:50:00.000000',2,2,'','Požadavek není striktní. Opravujeme sami dva, proto potřebujeme dost času mezi 1. a 2. termínem. První týden zkouškového bychom zase rádi využili na přípravu zadání zkoušky (4 varianty).');
INSERT INTO `terminyPozadavkuNaZkousky` (`id`,`id_pozadavkuNaZkousky`,`typ`,`termin`,`datum_od`,`datum_do`,`den`,`cas_od`,`cas_do`,`hod.`,`pocet_kol`,`pref_mistnosti`,`poznamka`) VALUES (40,22,'vyhovující','2. termín','2016-01-25','2016-01-29','-','09:00:00.000000','17:50:00.000000',2,1,'','');
INSERT INTO `terminyPozadavkuNaZkousky` (`id`,`id_pozadavkuNaZkousky`,`typ`,`termin`,`datum_od`,`datum_do`,`den`,`cas_od`,`cas_do`,`hod.`,`pocet_kol`,`pref_mistnosti`,`poznamka`) VALUES (41,22,'vyhovující','3. termín','2016-02-01','2016-02-05','-','09:00:00.000000','17:50:00.000000',2,1,'','');
INSERT INTO `terminyPozadavkuNaZkousky` (`id`,`id_pozadavkuNaZkousky`,`typ`,`termin`,`datum_od`,`datum_do`,`den`,`cas_od`,`cas_do`,`hod.`,`pocet_kol`,`pref_mistnosti`,`poznamka`) VALUES (42,22,'nemožný',NULL,'2016-01-18','2016-01-20','-','07:00:00.000000','20:50:00.000000',NULL,NULL,NULL,'Konference');
INSERT INTO `terminyPozadavkuNaZkousky` (`id`,`id_pozadavkuNaZkousky`,`typ`,`termin`,`datum_od`,`datum_do`,`den`,`cas_od`,`cas_do`,`hod.`,`pocet_kol`,`pref_mistnosti`,`poznamka`) VALUES (43,22,'nemožný',NULL,'2016-01-04','2016-02-05','čtvrtek','07:00:00.000000','20:50:00.000000',NULL,NULL,NULL,'KD + soukromé aktivity');
INSERT INTO `terminyPozadavkuNaZkousky` (`id`,`id_pozadavkuNaZkousky`,`typ`,`termin`,`datum_od`,`datum_do`,`den`,`cas_od`,`cas_do`,`hod.`,`pocet_kol`,`pref_mistnosti`,`poznamka`) VALUES (44,23,'vyhovující','1. termín','2016-01-07','2016-01-14','-','09:00:00.000000','19:50:00.000000',3,1,'všechny dostupné','Obvykle více než 100 studentů nezíská zápočet, takže 514 židlí postačí. Kdyby jich přišlo o trochu více než 514, poradíme si.');
INSERT INTO `terminyPozadavkuNaZkousky` (`id`,`id_pozadavkuNaZkousky`,`typ`,`termin`,`datum_od`,`datum_do`,`den`,`cas_od`,`cas_do`,`hod.`,`pocet_kol`,`pref_mistnosti`,`poznamka`) VALUES (45,23,'vyhovující','2. termín','2016-01-22','2016-01-26','-','09:00:00.000000','19:50:00.000000',3,1,'E112, E104','');
INSERT INTO `terminyPozadavkuNaZkousky` (`id`,`id_pozadavkuNaZkousky`,`typ`,`termin`,`datum_od`,`datum_do`,`den`,`cas_od`,`cas_do`,`hod.`,`pocet_kol`,`pref_mistnosti`,`poznamka`) VALUES (46,23,'vyhovující','3. termín','2016-01-29','2016-02-02','-','09:00:00.000000','19:50:00.000000',3,1,'E112','');
INSERT INTO `terminyPozadavkuNaZkousky` (`id`,`id_pozadavkuNaZkousky`,`typ`,`termin`,`datum_od`,`datum_do`,`den`,`cas_od`,`cas_do`,`hod.`,`pocet_kol`,`pref_mistnosti`,`poznamka`) VALUES (47,23,'nemožný',NULL,'2016-01-04','2016-02-05','-','07:00:00.000000','20:50:00.000000',NULL,NULL,NULL,'');
INSERT INTO `terminyPozadavkuNaZkousky` (`id`,`id_pozadavkuNaZkousky`,`typ`,`termin`,`datum_od`,`datum_do`,`den`,`cas_od`,`cas_do`,`hod.`,`pocet_kol`,`pref_mistnosti`,`poznamka`) VALUES (48,24,'vyhovující','1. termín','2016-01-11','2016-01-11','pondělí','14:00:00.000000','16:50:00.000000',3,1,'','');
INSERT INTO `terminyPozadavkuNaZkousky` (`id`,`id_pozadavkuNaZkousky`,`typ`,`termin`,`datum_od`,`datum_do`,`den`,`cas_od`,`cas_do`,`hod.`,`pocet_kol`,`pref_mistnosti`,`poznamka`) VALUES (49,24,'vyhovující','2. termín','2016-01-26','2016-01-26','úterý','09:00:00.000000','11:50:00.000000',3,1,'','');
INSERT INTO `terminyPozadavkuNaZkousky` (`id`,`id_pozadavkuNaZkousky`,`typ`,`termin`,`datum_od`,`datum_do`,`den`,`cas_od`,`cas_do`,`hod.`,`pocet_kol`,`pref_mistnosti`,`poznamka`) VALUES (50,24,'vyhovující','3. termín','2016-02-01','2016-02-01','pondělí','14:00:00.000000','16:50:00.000000',3,1,'','');
INSERT INTO `terminyPozadavkuNaZkousky` (`id`,`id_pozadavkuNaZkousky`,`typ`,`termin`,`datum_od`,`datum_do`,`den`,`cas_od`,`cas_do`,`hod.`,`pocet_kol`,`pref_mistnosti`,`poznamka`) VALUES (51,25,'nemožný',NULL,'2016-01-04','2016-01-08','-','07:00:00.000000','20:50:00.000000',NULL,NULL,NULL,'');
INSERT INTO `terminyPozadavkuNaZkousky` (`id`,`id_pozadavkuNaZkousky`,`typ`,`termin`,`datum_od`,`datum_do`,`den`,`cas_od`,`cas_do`,`hod.`,`pocet_kol`,`pref_mistnosti`,`poznamka`) VALUES (52,26,'vyhovující','všechny','2016-01-04','2016-02-05','úterý','14:00:00.000000','16:50:00.000000',2,1,'A112/A113','');
INSERT INTO `terminyPozadavkuNaZkousky` (`id`,`id_pozadavkuNaZkousky`,`typ`,`termin`,`datum_od`,`datum_do`,`den`,`cas_od`,`cas_do`,`hod.`,`pocet_kol`,`pref_mistnosti`,`poznamka`) VALUES (53,26,'vyhovující','všechny','2016-01-04','2016-02-05','-','09:00:00.000000','13:50:00.000000',2,1,'A112/A113','');
INSERT INTO `terminyPozadavkuNaZkousky` (`id`,`id_pozadavkuNaZkousky`,`typ`,`termin`,`datum_od`,`datum_do`,`den`,`cas_od`,`cas_do`,`hod.`,`pocet_kol`,`pref_mistnosti`,`poznamka`) VALUES (54,26,'vyhovující','všechny','2016-01-04','2016-02-05','pondělí','14:00:00.000000','16:50:00.000000',2,1,'A112/A113','');
INSERT INTO `terminyPozadavkuNaZkousky` (`id`,`id_pozadavkuNaZkousky`,`typ`,`termin`,`datum_od`,`datum_do`,`den`,`cas_od`,`cas_do`,`hod.`,`pocet_kol`,`pref_mistnosti`,`poznamka`) VALUES (55,26,'nemožný',NULL,'2016-01-04','2016-02-05','-','07:00:00.000000','20:50:00.000000',NULL,NULL,NULL,'!!! konání zkoušek z IMP, IEL !!!');
INSERT INTO `terminyPozadavkuNaZkousky` (`id`,`id_pozadavkuNaZkousky`,`typ`,`termin`,`datum_od`,`datum_do`,`den`,`cas_od`,`cas_do`,`hod.`,`pocet_kol`,`pref_mistnosti`,`poznamka`) VALUES (56,26,'nemožný',NULL,'2016-01-04','2016-02-05','-','07:00:00.000000','08:50:00.000000',NULL,NULL,NULL,'doprava syna do školy');
INSERT INTO `terminyPozadavkuNaZkousky` (`id`,`id_pozadavkuNaZkousky`,`typ`,`termin`,`datum_od`,`datum_do`,`den`,`cas_od`,`cas_do`,`hod.`,`pocet_kol`,`pref_mistnosti`,`poznamka`) VALUES (57,26,'nemožný',NULL,'2016-01-04','2016-02-05','-','15:00:00.000000','16:50:00.000000',NULL,NULL,NULL,'doprava syna ze školy');
INSERT INTO `terminyPozadavkuNaZkousky` (`id`,`id_pozadavkuNaZkousky`,`typ`,`termin`,`datum_od`,`datum_do`,`den`,`cas_od`,`cas_do`,`hod.`,`pocet_kol`,`pref_mistnosti`,`poznamka`) VALUES (58,27,'vyhovující','všechny','2016-01-04','2016-02-05','-','08:00:00.000000','15:50:00.000000',3,3,'D0206 nebo D0207','3 termíny po 3 hod.');
INSERT INTO `terminyPozadavkuNaZkousky` (`id`,`id_pozadavkuNaZkousky`,`typ`,`termin`,`datum_od`,`datum_do`,`den`,`cas_od`,`cas_do`,`hod.`,`pocet_kol`,`pref_mistnosti`,`poznamka`) VALUES (59,27,'nemožný',NULL,'2016-01-04','2016-02-05','-','08:00:00.000000','12:50:00.000000',NULL,NULL,NULL,'Čtvrtky - kolegia děkana');
INSERT INTO `terminyPozadavkuNaZkousky` (`id`,`id_pozadavkuNaZkousky`,`typ`,`termin`,`datum_od`,`datum_do`,`den`,`cas_od`,`cas_do`,`hod.`,`pocet_kol`,`pref_mistnosti`,`poznamka`) VALUES (60,28,'nemožný',NULL,'2016-01-04','2016-02-05','pátek','07:00:00.000000','20:50:00.000000',NULL,NULL,NULL,'');
INSERT INTO `terminyPozadavkuNaZkousky` (`id`,`id_pozadavkuNaZkousky`,`typ`,`termin`,`datum_od`,`datum_do`,`den`,`cas_od`,`cas_do`,`hod.`,`pocet_kol`,`pref_mistnosti`,`poznamka`) VALUES (61,29,'vyhovující','1. termín','2016-01-05','2016-01-05','úterý','15:00:00.000000','17:50:00.000000',3,1,'','');
INSERT INTO `terminyPozadavkuNaZkousky` (`id`,`id_pozadavkuNaZkousky`,`typ`,`termin`,`datum_od`,`datum_do`,`den`,`cas_od`,`cas_do`,`hod.`,`pocet_kol`,`pref_mistnosti`,`poznamka`) VALUES (62,29,'vyhovující','2. termín','2016-01-21','2016-01-21','pátek','14:00:00.000000','16:50:00.000000',3,1,'','');
INSERT INTO `terminyPozadavkuNaZkousky` (`id`,`id_pozadavkuNaZkousky`,`typ`,`termin`,`datum_od`,`datum_do`,`den`,`cas_od`,`cas_do`,`hod.`,`pocet_kol`,`pref_mistnosti`,`poznamka`) VALUES (63,29,'vyhovující','3. termín','2016-02-03','2016-02-03','středa','14:00:00.000000','16:50:00.000000',3,1,'','');
INSERT INTO `terminyPozadavkuNaZkousky` (`id`,`id_pozadavkuNaZkousky`,`typ`,`termin`,`datum_od`,`datum_do`,`den`,`cas_od`,`cas_do`,`hod.`,`pocet_kol`,`pref_mistnosti`,`poznamka`) VALUES (64,30,'vyhovující','všechny','2016-01-11','2016-02-05','-','08:00:00.000000','16:50:00.000000',2,1,'D105','Pokud možno řádný v jedné místnosti, 1. týden v lednu ještě obhajoby projktů');
INSERT INTO `terminyPozadavkuNaZkousky` (`id`,`id_pozadavkuNaZkousky`,`typ`,`termin`,`datum_od`,`datum_do`,`den`,`cas_od`,`cas_do`,`hod.`,`pocet_kol`,`pref_mistnosti`,`poznamka`) VALUES (65,30,'nemožný',NULL,'2016-01-04','2016-01-08','-','07:00:00.000000','20:50:00.000000',NULL,NULL,NULL,'1. týden v lednu ještě obhajoby projktů');
INSERT INTO `terminyPozadavkuNaZkousky` (`id`,`id_pozadavkuNaZkousky`,`typ`,`termin`,`datum_od`,`datum_do`,`den`,`cas_od`,`cas_do`,`hod.`,`pocet_kol`,`pref_mistnosti`,`poznamka`) VALUES (66,30,'nemožný',NULL,'2016-01-11','2016-01-31','úterý','08:00:00.000000','11:50:00.000000',NULL,NULL,NULL,'Kolegia rektora než bude nový děkan');
INSERT INTO `terminyPozadavkuNaZkousky` (`id`,`id_pozadavkuNaZkousky`,`typ`,`termin`,`datum_od`,`datum_do`,`den`,`cas_od`,`cas_do`,`hod.`,`pocet_kol`,`pref_mistnosti`,`poznamka`) VALUES (67,30,'nemožný',NULL,'2016-01-11','2016-01-31','čtvrtek','09:00:00.000000','12:50:00.000000',NULL,NULL,NULL,'Kolegia děkana než bude nový děkan');
INSERT INTO `terminyPozadavkuNaZkousky` (`id`,`id_pozadavkuNaZkousky`,`typ`,`termin`,`datum_od`,`datum_do`,`den`,`cas_od`,`cas_do`,`hod.`,`pocet_kol`,`pref_mistnosti`,`poznamka`) VALUES (68,32,'vyhovující','všechny','2016-05-09','2016-06-10','-','09:00:00.000000','10:50:00.000000',2,1,'','');
INSERT INTO `terminyPozadavkuNaZkousky` (`id`,`id_pozadavkuNaZkousky`,`typ`,`termin`,`datum_od`,`datum_do`,`den`,`cas_od`,`cas_do`,`hod.`,`pocet_kol`,`pref_mistnosti`,`poznamka`) VALUES (69,33,'nemožný',NULL,'2016-05-09','2016-06-10','-','07:00:00.000000','20:50:00.000000',NULL,NULL,NULL,'Řádný termín 17.5, 1.opravný 24.5, 2.opravný 31.5., mezi 10 a 14 hodinou');
INSERT INTO `terminyPozadavkuNaZkousky` (`id`,`id_pozadavkuNaZkousky`,`typ`,`termin`,`datum_od`,`datum_do`,`den`,`cas_od`,`cas_do`,`hod.`,`pocet_kol`,`pref_mistnosti`,`poznamka`) VALUES (70,34,'vyhovující','1. termín','2016-05-09','2016-06-10','-','11:00:00.000000','20:50:00.000000',3,1,'Ideálně jen 2 místnosti, např. D105 a D0206','nutně na každý termín vyhradit pro zkoušku 3 hodiny (píší od usazení se do konce časového slotu, jedná se o náročnou zkoušku jak pro ně, tak pro mě)');
INSERT INTO `terminyPozadavkuNaZkousky` (`id`,`id_pozadavkuNaZkousky`,`typ`,`termin`,`datum_od`,`datum_do`,`den`,`cas_od`,`cas_do`,`hod.`,`pocet_kol`,`pref_mistnosti`,`poznamka`) VALUES (71,34,'vyhovující','2. termín','2016-05-09','2016-06-10','-','11:00:00.000000','20:50:00.000000',3,1,'Ideálně jen jedna místnost','nutně na každý termín vyhradit pro zkoušku 3 hodiny (píší od usazení se do konce časového slotu, jedná se o náročnou zkoušku jak pro ně, tak pro mě)');
INSERT INTO `terminyPozadavkuNaZkousky` (`id`,`id_pozadavkuNaZkousky`,`typ`,`termin`,`datum_od`,`datum_do`,`den`,`cas_od`,`cas_do`,`hod.`,`pocet_kol`,`pref_mistnosti`,`poznamka`) VALUES (72,34,'vyhovující','3. termín','2016-05-09','2016-06-10','-','08:00:00.000000','10:50:00.000000',3,1,'Ideálně jen jedna místnost','nutně 3 hodiny, jako u ostatních, plus začátek od 8:00, jelikož může být kombinovaná zkouška, tak aby se dalo dozkoušet odpoledne');
INSERT INTO `terminyPozadavkuNaZkousky` (`id`,`id_pozadavkuNaZkousky`,`typ`,`termin`,`datum_od`,`datum_do`,`den`,`cas_od`,`cas_do`,`hod.`,`pocet_kol`,`pref_mistnosti`,`poznamka`) VALUES (73,35,'vyhovující','1. termín','2016-05-17','2016-05-17','úterý','07:00:00.000000','20:50:00.000000',2,1,'D207','+- den');
INSERT INTO `terminyPozadavkuNaZkousky` (`id`,`id_pozadavkuNaZkousky`,`typ`,`termin`,`datum_od`,`datum_do`,`den`,`cas_od`,`cas_do`,`hod.`,`pocet_kol`,`pref_mistnosti`,`poznamka`) VALUES (74,35,'vyhovující','2. termín','2016-05-26','2016-05-26','čtvrtek','07:00:00.000000','20:50:00.000000',2,1,'D207','+- den');
INSERT INTO `terminyPozadavkuNaZkousky` (`id`,`id_pozadavkuNaZkousky`,`typ`,`termin`,`datum_od`,`datum_do`,`den`,`cas_od`,`cas_do`,`hod.`,`pocet_kol`,`pref_mistnosti`,`poznamka`) VALUES (75,35,'vyhovující','3. termín','2016-06-07','2016-06-07','úterý','07:00:00.000000','20:50:00.000000',2,1,'D207','+- den');
INSERT INTO `terminyPozadavkuNaZkousky` (`id`,`id_pozadavkuNaZkousky`,`typ`,`termin`,`datum_od`,`datum_do`,`den`,`cas_od`,`cas_do`,`hod.`,`pocet_kol`,`pref_mistnosti`,`poznamka`) VALUES (76,36,'nemožný',NULL,'2016-05-09','2016-06-10','-','07:00:00.000000','09:50:00.000000',NULL,NULL,NULL,'');
INSERT INTO `terminyPozadavkuNaZkousky` (`id`,`id_pozadavkuNaZkousky`,`typ`,`termin`,`datum_od`,`datum_do`,`den`,`cas_od`,`cas_do`,`hod.`,`pocet_kol`,`pref_mistnosti`,`poznamka`) VALUES (77,38,'vyhovující','všechny','2016-05-09','2016-06-10','-','10:00:00.000000','15:50:00.000000',2,1,'','');
INSERT INTO `terminyPozadavkuNaZkousky` (`id`,`id_pozadavkuNaZkousky`,`typ`,`termin`,`datum_od`,`datum_do`,`den`,`cas_od`,`cas_do`,`hod.`,`pocet_kol`,`pref_mistnosti`,`poznamka`) VALUES (78,38,'nemožný',NULL,'2016-05-09','2016-06-10','-','07:00:00.000000','09:50:00.000000',NULL,NULL,NULL,'Dojíždím');
INSERT INTO `terminyPozadavkuNaZkousky` (`id`,`id_pozadavkuNaZkousky`,`typ`,`termin`,`datum_od`,`datum_do`,`den`,`cas_od`,`cas_do`,`hod.`,`pocet_kol`,`pref_mistnosti`,`poznamka`) VALUES (79,39,'vyhovující','všechny','2016-05-09','2016-06-10','-','07:00:00.000000','20:50:00.000000',3,1,'','Čas na písemku s rozdáním a posbíráním bude asi 2 hod. Bude-li možné vyhradit více v případě, kdy by navazovala další zkouška, bylo by to lepší.');
INSERT INTO `terminyPozadavkuNaZkousky` (`id`,`id_pozadavkuNaZkousky`,`typ`,`termin`,`datum_od`,`datum_do`,`den`,`cas_od`,`cas_do`,`hod.`,`pocet_kol`,`pref_mistnosti`,`poznamka`) VALUES (80,39,'nemožný',NULL,'2016-05-09','2016-05-13','-','07:00:00.000000','20:50:00.000000',NULL,NULL,NULL,'V 1. týdnu zkouškového období ještě budou probíhat obhajoby projektů');
INSERT INTO `terminyPozadavkuNaZkousky` (`id`,`id_pozadavkuNaZkousky`,`typ`,`termin`,`datum_od`,`datum_do`,`den`,`cas_od`,`cas_do`,`hod.`,`pocet_kol`,`pref_mistnosti`,`poznamka`) VALUES (81,40,'vyhovující','1. termín','2016-05-19','2016-05-19','úterý','11:00:00.000000','12:50:00.000000',2,1,'Technická 8','');
INSERT INTO `terminyPozadavkuNaZkousky` (`id`,`id_pozadavkuNaZkousky`,`typ`,`termin`,`datum_od`,`datum_do`,`den`,`cas_od`,`cas_do`,`hod.`,`pocet_kol`,`pref_mistnosti`,`poznamka`) VALUES (82,40,'vyhovující','1. termín','2016-05-19','2016-05-19','čtvrtek','13:00:00.000000','14:50:00.000000',2,1,'Technická 8','');
INSERT INTO `terminyPozadavkuNaZkousky` (`id`,`id_pozadavkuNaZkousky`,`typ`,`termin`,`datum_od`,`datum_do`,`den`,`cas_od`,`cas_do`,`hod.`,`pocet_kol`,`pref_mistnosti`,`poznamka`) VALUES (83,40,'vyhovující','2. termín','2016-06-01','2016-06-01','středa','11:00:00.000000','12:50:00.000000',2,1,'Technická 8','');
INSERT INTO `terminyPozadavkuNaZkousky` (`id`,`id_pozadavkuNaZkousky`,`typ`,`termin`,`datum_od`,`datum_do`,`den`,`cas_od`,`cas_do`,`hod.`,`pocet_kol`,`pref_mistnosti`,`poznamka`) VALUES (84,40,'vyhovující','2. termín','2016-06-01','2016-06-01','středa','13:00:00.000000','14:50:00.000000',2,1,'Technická 8','');
INSERT INTO `terminyPozadavkuNaZkousky` (`id`,`id_pozadavkuNaZkousky`,`typ`,`termin`,`datum_od`,`datum_do`,`den`,`cas_od`,`cas_do`,`hod.`,`pocet_kol`,`pref_mistnosti`,`poznamka`) VALUES (85,40,'vyhovující','3. termín','2016-06-08','2016-06-08','středa','11:00:00.000000','12:50:00.000000',2,1,'Technická 8','');
INSERT INTO `terminyPozadavkuNaZkousky` (`id`,`id_pozadavkuNaZkousky`,`typ`,`termin`,`datum_od`,`datum_do`,`den`,`cas_od`,`cas_do`,`hod.`,`pocet_kol`,`pref_mistnosti`,`poznamka`) VALUES (86,40,'vyhovující','3. termín','2016-06-08','2016-06-08','středa','13:00:00.000000','14:50:00.000000',2,1,'Technická 8','');
INSERT INTO `terminyPozadavkuNaZkousky` (`id`,`id_pozadavkuNaZkousky`,`typ`,`termin`,`datum_od`,`datum_do`,`den`,`cas_od`,`cas_do`,`hod.`,`pocet_kol`,`pref_mistnosti`,`poznamka`) VALUES (87,41,'nemožný',NULL,'2016-05-12','2016-05-13','-','07:00:00.000000','20:50:00.000000',NULL,NULL,NULL,'planovany vyjezd UITS');
INSERT INTO `terminyPozadavkuNaZkousky` (`id`,`id_pozadavkuNaZkousky`,`typ`,`termin`,`datum_od`,`datum_do`,`den`,`cas_od`,`cas_do`,`hod.`,`pocet_kol`,`pref_mistnosti`,`poznamka`) VALUES (88,42,'nemožný',NULL,'2016-05-09','2016-06-10','-','07:00:00.000000','09:50:00.000000',NULL,NULL,NULL,'');
INSERT INTO `terminyPozadavkuNaZkousky` (`id`,`id_pozadavkuNaZkousky`,`typ`,`termin`,`datum_od`,`datum_do`,`den`,`cas_od`,`cas_do`,`hod.`,`pocet_kol`,`pref_mistnosti`,`poznamka`) VALUES (89,42,'nemožný',NULL,'2016-05-09','2016-06-10','úterý','12:00:00.000000','14:50:00.000000',NULL,NULL,NULL,'');
INSERT INTO `terminyPozadavkuNaZkousky` (`id`,`id_pozadavkuNaZkousky`,`typ`,`termin`,`datum_od`,`datum_do`,`den`,`cas_od`,`cas_do`,`hod.`,`pocet_kol`,`pref_mistnosti`,`poznamka`) VALUES (90,42,'nemožný',NULL,'2016-05-09','2016-06-10','čtvrtek','12:00:00.000000','14:50:00.000000',NULL,NULL,NULL,'');
INSERT INTO `terminyPozadavkuNaZkousky` (`id`,`id_pozadavkuNaZkousky`,`typ`,`termin`,`datum_od`,`datum_do`,`den`,`cas_od`,`cas_do`,`hod.`,`pocet_kol`,`pref_mistnosti`,`poznamka`) VALUES (91,42,'nemožný',NULL,'2016-05-09','2016-06-10','středa','13:00:00.000000','14:50:00.000000',NULL,NULL,NULL,'');
INSERT INTO `terminyPozadavkuNaZkousky` (`id`,`id_pozadavkuNaZkousky`,`typ`,`termin`,`datum_od`,`datum_do`,`den`,`cas_od`,`cas_do`,`hod.`,`pocet_kol`,`pref_mistnosti`,`poznamka`) VALUES (92,43,'vyhovující','1. termín','2016-05-09','2016-05-09','-','07:00:00.000000','20:50:00.000000',3,1,'','');
INSERT INTO `terminyPozadavkuNaZkousky` (`id`,`id_pozadavkuNaZkousky`,`typ`,`termin`,`datum_od`,`datum_do`,`den`,`cas_od`,`cas_do`,`hod.`,`pocet_kol`,`pref_mistnosti`,`poznamka`) VALUES (93,43,'vyhovující','2. termín','2016-05-23','2016-05-23','-','07:00:00.000000','20:50:00.000000',3,1,'','');
INSERT INTO `terminyPozadavkuNaZkousky` (`id`,`id_pozadavkuNaZkousky`,`typ`,`termin`,`datum_od`,`datum_do`,`den`,`cas_od`,`cas_do`,`hod.`,`pocet_kol`,`pref_mistnosti`,`poznamka`) VALUES (94,43,'vyhovující','3. termín','2016-06-06','2016-06-06','-','07:00:00.000000','20:50:00.000000',3,1,'','');
INSERT INTO `terminyPozadavkuNaZkousky` (`id`,`id_pozadavkuNaZkousky`,`typ`,`termin`,`datum_od`,`datum_do`,`den`,`cas_od`,`cas_do`,`hod.`,`pocet_kol`,`pref_mistnosti`,`poznamka`) VALUES (95,44,'nemožný',NULL,'2016-05-09','2016-06-10','úterý','13:00:00.000000','14:50:00.000000',NULL,NULL,NULL,'AS FIT');
INSERT INTO `terminyPozadavkuNaZkousky` (`id`,`id_pozadavkuNaZkousky`,`typ`,`termin`,`datum_od`,`datum_do`,`den`,`cas_od`,`cas_do`,`hod.`,`pocet_kol`,`pref_mistnosti`,`poznamka`) VALUES (96,45,'vyhovující','1. termín','2016-05-11','2016-05-12','středa','09:00:00.000000','19:50:00.000000',2,2,'D*, E*, G','Dvě kola po dvou hodinách, mezi tím raději hodina pauza. Preferuji středu 11.5., nebo čtvrtek dopoledne.');
INSERT INTO `terminyPozadavkuNaZkousky` (`id`,`id_pozadavkuNaZkousky`,`typ`,`termin`,`datum_od`,`datum_do`,`den`,`cas_od`,`cas_do`,`hod.`,`pocet_kol`,`pref_mistnosti`,`poznamka`) VALUES (97,45,'vyhovující','2. termín','2016-05-24','2016-05-25','-','09:00:00.000000','19:50:00.000000',2,1,'D*, E*, G','');
INSERT INTO `terminyPozadavkuNaZkousky` (`id`,`id_pozadavkuNaZkousky`,`typ`,`termin`,`datum_od`,`datum_do`,`den`,`cas_od`,`cas_do`,`hod.`,`pocet_kol`,`pref_mistnosti`,`poznamka`) VALUES (98,45,'vyhovující','3. termín','2016-06-09','2016-06-10','-','09:00:00.000000','19:50:00.000000',2,1,'D*, E*, G','');
INSERT INTO `terminyPozadavkuNaZkousky` (`id`,`id_pozadavkuNaZkousky`,`typ`,`termin`,`datum_od`,`datum_do`,`den`,`cas_od`,`cas_do`,`hod.`,`pocet_kol`,`pref_mistnosti`,`poznamka`) VALUES (99,45,'nemožný',NULL,'2016-05-12','2016-05-13','-','07:00:00.000000','20:50:00.000000',NULL,NULL,NULL,'Výjezdní zasedání ÚITS, 12.5. by případně šlo zkoušet v dopoledních hodinách.');
INSERT INTO `terminyPozadavkuNaZkousky` (`id`,`id_pozadavkuNaZkousky`,`typ`,`termin`,`datum_od`,`datum_do`,`den`,`cas_od`,`cas_do`,`hod.`,`pocet_kol`,`pref_mistnosti`,`poznamka`) VALUES (100,45,'nemožný',NULL,'2016-05-30','2016-06-02','-','07:00:00.000000','20:50:00.000000',NULL,NULL,NULL,'Služební cesta Tchaj-wan');
INSERT INTO `terminyPozadavkuNaZkousky` (`id`,`id_pozadavkuNaZkousky`,`typ`,`termin`,`datum_od`,`datum_do`,`den`,`cas_od`,`cas_do`,`hod.`,`pocet_kol`,`pref_mistnosti`,`poznamka`) VALUES (101,46,'vyhovující','1. termín','2016-05-09','2016-06-10','-','11:00:00.000000','20:50:00.000000',3,1,'E112, E104, E105, D105,D0207, D0206, G202, A112, A113, C228','3 hodiny (píší 120 minut čistého času, ale nechystání a vyklizení je náročné, 110 minut daných 2 hodinami je málo, nestíháme)');
INSERT INTO `terminyPozadavkuNaZkousky` (`id`,`id_pozadavkuNaZkousky`,`typ`,`termin`,`datum_od`,`datum_do`,`den`,`cas_od`,`cas_do`,`hod.`,`pocet_kol`,`pref_mistnosti`,`poznamka`) VALUES (102,46,'vyhovující','2. termín','2016-05-09','2016-06-10','-','11:00:00.000000','20:50:00.000000',3,1,'Pozor, loni bylo na 2. termín nezvykle mnoho lidí, na 1. termín se vykašlali','3 hodiny (píší 120 minut čistého času, ale nechystání a vyklizení je náročné, 110 minut daných 2 hodinami je málo, nestíháme)');
INSERT INTO `terminyPozadavkuNaZkousky` (`id`,`id_pozadavkuNaZkousky`,`typ`,`termin`,`datum_od`,`datum_do`,`den`,`cas_od`,`cas_do`,`hod.`,`pocet_kol`,`pref_mistnosti`,`poznamka`) VALUES (103,46,'vyhovující','3. termín','2016-05-09','2016-06-10','-','11:00:00.000000','20:50:00.000000',3,1,'','3 hodiny (píší 120 minut čistého času, ale nechystání a vyklizení je náročné, 110 minut daných 2 hodinami je málo, nestíháme)');
INSERT INTO `terminyPozadavkuNaZkousky` (`id`,`id_pozadavkuNaZkousky`,`typ`,`termin`,`datum_od`,`datum_do`,`den`,`cas_od`,`cas_do`,`hod.`,`pocet_kol`,`pref_mistnosti`,`poznamka`) VALUES (104,47,'vyhovující','1. termín','2016-05-09','2016-05-09','-','08:00:00.000000','11:50:00.000000',2,1,'','');
INSERT INTO `terminyPozadavkuNaZkousky` (`id`,`id_pozadavkuNaZkousky`,`typ`,`termin`,`datum_od`,`datum_do`,`den`,`cas_od`,`cas_do`,`hod.`,`pocet_kol`,`pref_mistnosti`,`poznamka`) VALUES (105,47,'nemožný',NULL,'2016-05-09','2016-06-09','-','12:00:00.000000','20:50:00.000000',NULL,NULL,NULL,'');
INSERT INTO `terminyPozadavkuNaZkousky` (`id`,`id_pozadavkuNaZkousky`,`typ`,`termin`,`datum_od`,`datum_do`,`den`,`cas_od`,`cas_do`,`hod.`,`pocet_kol`,`pref_mistnosti`,`poznamka`) VALUES (106,47,'nemožný',NULL,'2016-05-10','2016-05-13','-','07:00:00.000000','20:50:00.000000',NULL,NULL,NULL,'');
INSERT INTO `terminyPozadavkuNaZkousky` (`id`,`id_pozadavkuNaZkousky`,`typ`,`termin`,`datum_od`,`datum_do`,`den`,`cas_od`,`cas_do`,`hod.`,`pocet_kol`,`pref_mistnosti`,`poznamka`) VALUES (107,48,'vyhovující','všechny','2016-05-12','2016-05-13','-','07:00:00.000000','20:50:00.000000',3,1,'','');
INSERT INTO `terminyPozadavkuNaZkousky` (`id`,`id_pozadavkuNaZkousky`,`typ`,`termin`,`datum_od`,`datum_do`,`den`,`cas_od`,`cas_do`,`hod.`,`pocet_kol`,`pref_mistnosti`,`poznamka`) VALUES (108,51,'nemožný',NULL,'2016-05-19','2016-05-20','-','07:00:00.000000','20:50:00.000000',NULL,NULL,NULL,'V případě nouze bych mohl, ale mám plánovánu cestu');
INSERT INTO `terminyPozadavkuNaZkousky` (`id`,`id_pozadavkuNaZkousky`,`typ`,`termin`,`datum_od`,`datum_do`,`den`,`cas_od`,`cas_do`,`hod.`,`pocet_kol`,`pref_mistnosti`,`poznamka`) VALUES (109,53,'vyhovující','všechny','2016-05-09','2016-06-10','-','07:00:00.000000','18:50:00.000000',3,1,'D105 + D0206','Mezi RT a 1. OT potřebujeme minimálně 10 dnů na opravu písemek a konzultace/reklamace');
INSERT INTO `terminyPozadavkuNaZkousky` (`id`,`id_pozadavkuNaZkousky`,`typ`,`termin`,`datum_od`,`datum_do`,`den`,`cas_od`,`cas_do`,`hod.`,`pocet_kol`,`pref_mistnosti`,`poznamka`) VALUES (110,54,'vyhovující','1. termín','2016-05-16','2016-05-19','-','09:00:00.000000','19:50:00.000000',3,1,'E112','Nelze 20.5.2016');
INSERT INTO `terminyPozadavkuNaZkousky` (`id`,`id_pozadavkuNaZkousky`,`typ`,`termin`,`datum_od`,`datum_do`,`den`,`cas_od`,`cas_do`,`hod.`,`pocet_kol`,`pref_mistnosti`,`poznamka`) VALUES (111,55,'vyhovující','všechny','2016-05-12','2016-05-12','čtvrtek','15:00:00.000000','15:50:00.000000',2,1,'D105','');
INSERT INTO `terminyPozadavkuNaZkousky` (`id`,`id_pozadavkuNaZkousky`,`typ`,`termin`,`datum_od`,`datum_do`,`den`,`cas_od`,`cas_do`,`hod.`,`pocet_kol`,`pref_mistnosti`,`poznamka`) VALUES (112,56,'vyhovující','všechny','2016-05-26','2016-05-26','čtvrtek','15:00:00.000000','16:50:00.000000',2,1,'D105','předpokládaná účast 85');
INSERT INTO `terminyPozadavkuNaZkousky` (`id`,`id_pozadavkuNaZkousky`,`typ`,`termin`,`datum_od`,`datum_do`,`den`,`cas_od`,`cas_do`,`hod.`,`pocet_kol`,`pref_mistnosti`,`poznamka`) VALUES (113,57,'vyhovující','všechny','2016-06-02','2016-06-02','čtvrtek','10:00:00.000000','15:50:00.000000',2,1,'D105','předpokládaná účast 40');
INSERT INTO `terminyPozadavkuNaZkousky` (`id`,`id_pozadavkuNaZkousky`,`typ`,`termin`,`datum_od`,`datum_do`,`den`,`cas_od`,`cas_do`,`hod.`,`pocet_kol`,`pref_mistnosti`,`poznamka`) VALUES (114,58,'nemožný',NULL,'2016-05-27','2016-05-27','-','07:00:00.000000','20:50:00.000000',NULL,NULL,NULL,'SDZ FI MU');
INSERT INTO `terminyPozadavkuNaZkousky` (`id`,`id_pozadavkuNaZkousky`,`typ`,`termin`,`datum_od`,`datum_do`,`den`,`cas_od`,`cas_do`,`hod.`,`pocet_kol`,`pref_mistnosti`,`poznamka`) VALUES (115,58,'nemožný',NULL,'2016-05-24','2016-05-26','-','07:00:00.000000','13:50:00.000000',NULL,NULL,NULL,'SDZ FI MU');
INSERT INTO `terminyPozadavkuNaZkousky` (`id`,`id_pozadavkuNaZkousky`,`typ`,`termin`,`datum_od`,`datum_do`,`den`,`cas_od`,`cas_do`,`hod.`,`pocet_kol`,`pref_mistnosti`,`poznamka`) VALUES (116,58,'nemožný',NULL,'2016-05-12','2016-05-13','-','07:00:00.000000','20:50:00.000000',NULL,NULL,NULL,'Výjezdní zasedání');
INSERT INTO `terminyPozadavkuNaZkousky` (`id`,`id_pozadavkuNaZkousky`,`typ`,`termin`,`datum_od`,`datum_do`,`den`,`cas_od`,`cas_do`,`hod.`,`pocet_kol`,`pref_mistnosti`,`poznamka`) VALUES (117,59,'nemožný',NULL,'2016-05-09','2016-06-10','-','07:00:00.000000','20:50:00.000000',NULL,NULL,NULL,'');
INSERT INTO `terminyPozadavkuNaZkousky` (`id`,`id_pozadavkuNaZkousky`,`typ`,`termin`,`datum_od`,`datum_do`,`den`,`cas_od`,`cas_do`,`hod.`,`pocet_kol`,`pref_mistnosti`,`poznamka`) VALUES (118,61,'nemožný',NULL,'2016-05-09','2016-06-10','čtvrtek','07:00:00.000000','12:50:00.000000',NULL,NULL,NULL,'kolegium');
INSERT INTO `terminyPozadavkuNaZkousky` (`id`,`id_pozadavkuNaZkousky`,`typ`,`termin`,`datum_od`,`datum_do`,`den`,`cas_od`,`cas_do`,`hod.`,`pocet_kol`,`pref_mistnosti`,`poznamka`) VALUES (119,61,'nemožný',NULL,'2016-05-09','2016-06-10','úterý','13:00:00.000000','14:50:00.000000',NULL,NULL,NULL,'senat');
INSERT INTO `terminyPozadavkuNaZkousky` (`id`,`id_pozadavkuNaZkousky`,`typ`,`termin`,`datum_od`,`datum_do`,`den`,`cas_od`,`cas_do`,`hod.`,`pocet_kol`,`pref_mistnosti`,`poznamka`) VALUES (120,63,'nemožný',NULL,'2016-05-12','2016-05-13','-','07:00:00.000000','20:50:00.000000',NULL,NULL,NULL,'planovany vyjezd UITS');
INSERT INTO `terminyPozadavkuNaZkousky` (`id`,`id_pozadavkuNaZkousky`,`typ`,`termin`,`datum_od`,`datum_do`,`den`,`cas_od`,`cas_do`,`hod.`,`pocet_kol`,`pref_mistnosti`,`poznamka`) VALUES (121,64,'vyhovující','předtermín','2016-05-06','2016-05-06','-','07:00:00.000000','20:50:00.000000',2,1,'','Naplánuji si sám');
INSERT INTO `terminyPozadavkuNaZkousky` (`id`,`id_pozadavkuNaZkousky`,`typ`,`termin`,`datum_od`,`datum_do`,`den`,`cas_od`,`cas_do`,`hod.`,`pocet_kol`,`pref_mistnosti`,`poznamka`) VALUES (122,64,'vyhovující','1. termín','2016-05-16','2016-05-20','-','07:00:00.000000','20:50:00.000000',2,1,'','');
INSERT INTO `terminyPozadavkuNaZkousky` (`id`,`id_pozadavkuNaZkousky`,`typ`,`termin`,`datum_od`,`datum_do`,`den`,`cas_od`,`cas_do`,`hod.`,`pocet_kol`,`pref_mistnosti`,`poznamka`) VALUES (123,64,'vyhovující','2. termín','2016-05-23','2016-05-27','-','07:00:00.000000','20:50:00.000000',2,1,'','');
INSERT INTO `terminyPozadavkuNaZkousky` (`id`,`id_pozadavkuNaZkousky`,`typ`,`termin`,`datum_od`,`datum_do`,`den`,`cas_od`,`cas_do`,`hod.`,`pocet_kol`,`pref_mistnosti`,`poznamka`) VALUES (124,64,'vyhovující','3. termín','2016-05-30','2016-06-03','-','07:00:00.000000','20:50:00.000000',2,1,'','');
INSERT INTO `terminyPozadavkuNaZkousky` (`id`,`id_pozadavkuNaZkousky`,`typ`,`termin`,`datum_od`,`datum_do`,`den`,`cas_od`,`cas_do`,`hod.`,`pocet_kol`,`pref_mistnosti`,`poznamka`) VALUES (125,64,'nemožný',NULL,'2016-05-09','2016-06-10','úterý','07:00:00.000000','20:50:00.000000',NULL,NULL,NULL,'');
INSERT INTO `terminyPozadavkuNaZkousky` (`id`,`id_pozadavkuNaZkousky`,`typ`,`termin`,`datum_od`,`datum_do`,`den`,`cas_od`,`cas_do`,`hod.`,`pocet_kol`,`pref_mistnosti`,`poznamka`) VALUES (126,65,'nemožný',NULL,'2016-05-30','2016-06-01','-','07:00:00.000000','20:50:00.000000',NULL,NULL,NULL,'asi meeting Madrid');

/*
-- Query: SELECT * FROM planovaniRozvrhu.terminyPozadavkuNaRozvrh
LIMIT 0, 5000

-- Date: 2018-01-02 20:30
*/
DELETE FROM terminyPozadavkuNaRozvrh where id > 0;
INSERT INTO `terminyPozadavkuNaRozvrh` (`id`,`id_PozadavkuNaRozvrh`,`typ_terminu`,`den`,`od`,`do`,`prio`,`poznamka`) VALUES (1,1,'vyhovující','Út','10:00:00.000000','12:50:00.000000','low','');
INSERT INTO `terminyPozadavkuNaRozvrh` (`id`,`id_PozadavkuNaRozvrh`,`typ_terminu`,`den`,`od`,`do`,`prio`,`poznamka`) VALUES (2,1,'vyhovující','Čt','10:00:00.000000','12:50:00.000000','low','');
INSERT INTO `terminyPozadavkuNaRozvrh` (`id`,`id_PozadavkuNaRozvrh`,`typ_terminu`,`den`,`od`,`do`,`prio`,`poznamka`) VALUES (3,2,'vyhovující','Čt','13:00:00.000000','15:50:00.000000','low','jako vloni');
INSERT INTO `terminyPozadavkuNaRozvrh` (`id`,`id_PozadavkuNaRozvrh`,`typ_terminu`,`den`,`od`,`do`,`prio`,`poznamka`) VALUES (4,2,'nemožný','Po','07:00:00.000000','09:50:00.000000',NULL,'');
INSERT INTO `terminyPozadavkuNaRozvrh` (`id`,`id_PozadavkuNaRozvrh`,`typ_terminu`,`den`,`od`,`do`,`prio`,`poznamka`) VALUES (5,2,'nemožný','Út','07:00:00.000000','09:50:00.000000',NULL,'');
INSERT INTO `terminyPozadavkuNaRozvrh` (`id`,`id_PozadavkuNaRozvrh`,`typ_terminu`,`den`,`od`,`do`,`prio`,`poznamka`) VALUES (6,2,'nemožný','St','07:00:00.000000','14:50:00.000000',NULL,'věd. rady');
INSERT INTO `terminyPozadavkuNaRozvrh` (`id`,`id_PozadavkuNaRozvrh`,`typ_terminu`,`den`,`od`,`do`,`prio`,`poznamka`) VALUES (7,2,'nemožný','Čt','07:00:00.000000','12:50:00.000000',NULL,'věd. rady');
INSERT INTO `terminyPozadavkuNaRozvrh` (`id`,`id_PozadavkuNaRozvrh`,`typ_terminu`,`den`,`od`,`do`,`prio`,`poznamka`) VALUES (8,2,'nemožný','Pá','07:00:00.000000','10:50:00.000000',NULL,'angličtina');
INSERT INTO `terminyPozadavkuNaRozvrh` (`id`,`id_PozadavkuNaRozvrh`,`typ_terminu`,`den`,`od`,`do`,`prio`,`poznamka`) VALUES (9,3,'vyhovující','Po','07:00:00.000000','10:50:00.000000','low','Preferuji rána (klidně hned od 7 hodin)');
INSERT INTO `terminyPozadavkuNaRozvrh` (`id`,`id_PozadavkuNaRozvrh`,`typ_terminu`,`den`,`od`,`do`,`prio`,`poznamka`) VALUES (10,3,'vyhovující','Út','07:00:00.000000','10:50:00.000000','low','Preferuji rána (klidně hned od 7 hodin)');
INSERT INTO `terminyPozadavkuNaRozvrh` (`id`,`id_PozadavkuNaRozvrh`,`typ_terminu`,`den`,`od`,`do`,`prio`,`poznamka`) VALUES (11,3,'vyhovující','St','07:00:00.000000','10:50:00.000000','low','Preferuji rána (klidně hned od 7 hodin)');
INSERT INTO `terminyPozadavkuNaRozvrh` (`id`,`id_PozadavkuNaRozvrh`,`typ_terminu`,`den`,`od`,`do`,`prio`,`poznamka`) VALUES (12,3,'vyhovující','Čt','07:00:00.000000','10:50:00.000000','low','Preferuji rána (klidně hned od 7 hodin)');
INSERT INTO `terminyPozadavkuNaRozvrh` (`id`,`id_PozadavkuNaRozvrh`,`typ_terminu`,`den`,`od`,`do`,`prio`,`poznamka`) VALUES (13,3,'vyhovující','Pá','07:00:00.000000','10:50:00.000000','low','Preferuji rána (klidně hned od 7 hodin)');
INSERT INTO `terminyPozadavkuNaRozvrh` (`id`,`id_PozadavkuNaRozvrh`,`typ_terminu`,`den`,`od`,`do`,`prio`,`poznamka`) VALUES (14,3,'vyhovující','Út','07:00:00.000000','10:50:00.000000','low','');
INSERT INTO `terminyPozadavkuNaRozvrh` (`id`,`id_PozadavkuNaRozvrh`,`typ_terminu`,`den`,`od`,`do`,`prio`,`poznamka`) VALUES (15,3,'vyhovující','Út','12:00:00.000000','15:50:00.000000','low','');
INSERT INTO `terminyPozadavkuNaRozvrh` (`id`,`id_PozadavkuNaRozvrh`,`typ_terminu`,`den`,`od`,`do`,`prio`,`poznamka`) VALUES (16,3,'nemožný','Út','16:00:00.000000','20:50:00.000000',NULL,'');
INSERT INTO `terminyPozadavkuNaRozvrh` (`id`,`id_PozadavkuNaRozvrh`,`typ_terminu`,`den`,`od`,`do`,`prio`,`poznamka`) VALUES (17,3,'nemožný','Čt','09:00:00.000000','12:50:00.000000',NULL,'Kolegium děkana');
INSERT INTO `terminyPozadavkuNaRozvrh` (`id`,`id_PozadavkuNaRozvrh`,`typ_terminu`,`den`,`od`,`do`,`prio`,`poznamka`) VALUES (18,3,'nemožný','Čt','16:00:00.000000','20:50:00.000000',NULL,'');
INSERT INTO `terminyPozadavkuNaRozvrh` (`id`,`id_PozadavkuNaRozvrh`,`typ_terminu`,`den`,`od`,`do`,`prio`,`poznamka`) VALUES (19,4,'vyhovující','St','13:00:00.000000','15:50:00.000000','low','Potřeboval bych mít BMS a BIS ve středu, tak od 9 do 17, v libovolném pořadí');
INSERT INTO `terminyPozadavkuNaRozvrh` (`id`,`id_PozadavkuNaRozvrh`,`typ_terminu`,`den`,`od`,`do`,`prio`,`poznamka`) VALUES (20,4,'nemožný','Po','08:00:00.000000','11:50:00.000000',NULL,'Rektorát VUT');
INSERT INTO `terminyPozadavkuNaRozvrh` (`id`,`id_PozadavkuNaRozvrh`,`typ_terminu`,`den`,`od`,`do`,`prio`,`poznamka`) VALUES (21,4,'nemožný','Út','08:00:00.000000','15:50:00.000000',NULL,'Senát, komise, kolegia rektora');
INSERT INTO `terminyPozadavkuNaRozvrh` (`id`,`id_PozadavkuNaRozvrh`,`typ_terminu`,`den`,`od`,`do`,`prio`,`poznamka`) VALUES (22,4,'nemožný','Čt','09:00:00.000000','16:50:00.000000',NULL,'RKD, schůze ústavu');
INSERT INTO `terminyPozadavkuNaRozvrh` (`id`,`id_PozadavkuNaRozvrh`,`typ_terminu`,`den`,`od`,`do`,`prio`,`poznamka`) VALUES (23,4,'nemožný','Pá','09:00:00.000000','15:50:00.000000',NULL,'Mimo Brno');
INSERT INTO `terminyPozadavkuNaRozvrh` (`id`,`id_PozadavkuNaRozvrh`,`typ_terminu`,`den`,`od`,`do`,`prio`,`poznamka`) VALUES (24,5,'vyhovující','St','09:00:00.000000','11:50:00.000000','low','Potřeboval bych mít BMS a BIS ve středu, tak od 9 do 17, v libovolném pořadí');
INSERT INTO `terminyPozadavkuNaRozvrh` (`id`,`id_PozadavkuNaRozvrh`,`typ_terminu`,`den`,`od`,`do`,`prio`,`poznamka`) VALUES (25,5,'nemožný','Po','08:00:00.000000','11:50:00.000000',NULL,'Rektorát VUT');
INSERT INTO `terminyPozadavkuNaRozvrh` (`id`,`id_PozadavkuNaRozvrh`,`typ_terminu`,`den`,`od`,`do`,`prio`,`poznamka`) VALUES (26,5,'nemožný','Út','08:00:00.000000','15:50:00.000000',NULL,'Senát, komise, kolegia rektora');
INSERT INTO `terminyPozadavkuNaRozvrh` (`id`,`id_PozadavkuNaRozvrh`,`typ_terminu`,`den`,`od`,`do`,`prio`,`poznamka`) VALUES (27,5,'nemožný','Čt','09:00:00.000000','16:50:00.000000',NULL,'RKD, schůze ústavu');
INSERT INTO `terminyPozadavkuNaRozvrh` (`id`,`id_PozadavkuNaRozvrh`,`typ_terminu`,`den`,`od`,`do`,`prio`,`poznamka`) VALUES (28,5,'nemožný','Pá','09:00:00.000000','15:50:00.000000',NULL,'Mimo Brno');
INSERT INTO `terminyPozadavkuNaRozvrh` (`id`,`id_PozadavkuNaRozvrh`,`typ_terminu`,`den`,`od`,`do`,`prio`,`poznamka`) VALUES (29,6,'vyhovující','Čt','10:00:00.000000','11:50:00.000000','low','');
INSERT INTO `terminyPozadavkuNaRozvrh` (`id`,`id_PozadavkuNaRozvrh`,`typ_terminu`,`den`,`od`,`do`,`prio`,`poznamka`) VALUES (30,7,'vyhovující','Út','14:00:00.000000','16:50:00.000000','low','Pokud ožno ponechat po přednášce 1 hod pauzu: některé přednášky bývají delší než 3 hod.');
INSERT INTO `terminyPozadavkuNaRozvrh` (`id`,`id_PozadavkuNaRozvrh`,`typ_terminu`,`den`,`od`,`do`,`prio`,`poznamka`) VALUES (31,8,'vyhovující','Čt','13:00:00.000000','18:50:00.000000','low','');
INSERT INTO `terminyPozadavkuNaRozvrh` (`id`,`id_PozadavkuNaRozvrh`,`typ_terminu`,`den`,`od`,`do`,`prio`,`poznamka`) VALUES (32,9,'vyhovující','Po','09:00:00.000000','15:50:00.000000','low','');
INSERT INTO `terminyPozadavkuNaRozvrh` (`id`,`id_PozadavkuNaRozvrh`,`typ_terminu`,`den`,`od`,`do`,`prio`,`poznamka`) VALUES (33,9,'vyhovující','Út','09:00:00.000000','15:50:00.000000','low','');
INSERT INTO `terminyPozadavkuNaRozvrh` (`id`,`id_PozadavkuNaRozvrh`,`typ_terminu`,`den`,`od`,`do`,`prio`,`poznamka`) VALUES (34,9,'vyhovující','St','09:00:00.000000','15:50:00.000000','low','');
INSERT INTO `terminyPozadavkuNaRozvrh` (`id`,`id_PozadavkuNaRozvrh`,`typ_terminu`,`den`,`od`,`do`,`prio`,`poznamka`) VALUES (35,9,'vyhovující','Čt','09:00:00.000000','15:50:00.000000','low','');
INSERT INTO `terminyPozadavkuNaRozvrh` (`id`,`id_PozadavkuNaRozvrh`,`typ_terminu`,`den`,`od`,`do`,`prio`,`poznamka`) VALUES (36,10,'vyhovující','St','08:00:00.000000','09:50:00.000000','low','');
INSERT INTO `terminyPozadavkuNaRozvrh` (`id`,`id_PozadavkuNaRozvrh`,`typ_terminu`,`den`,`od`,`do`,`prio`,`poznamka`) VALUES (37,10,'nemožný','Út','13:00:00.000000','16:50:00.000000',NULL,'');
INSERT INTO `terminyPozadavkuNaRozvrh` (`id`,`id_PozadavkuNaRozvrh`,`typ_terminu`,`den`,`od`,`do`,`prio`,`poznamka`) VALUES (38,10,'nemožný','Čt','07:00:00.000000','13:50:00.000000',NULL,'');
INSERT INTO `terminyPozadavkuNaRozvrh` (`id`,`id_PozadavkuNaRozvrh`,`typ_terminu`,`den`,`od`,`do`,`prio`,`poznamka`) VALUES (39,11,'nemožný','Po','07:00:00.000000','07:50:00.000000',NULL,'Vozím děti do školy');
INSERT INTO `terminyPozadavkuNaRozvrh` (`id`,`id_PozadavkuNaRozvrh`,`typ_terminu`,`den`,`od`,`do`,`prio`,`poznamka`) VALUES (40,11,'nemožný','Út','07:00:00.000000','07:50:00.000000',NULL,'Vozím děti do školy');
INSERT INTO `terminyPozadavkuNaRozvrh` (`id`,`id_PozadavkuNaRozvrh`,`typ_terminu`,`den`,`od`,`do`,`prio`,`poznamka`) VALUES (41,11,'nemožný','St','07:00:00.000000','07:50:00.000000',NULL,'Vozím děti do školy');
INSERT INTO `terminyPozadavkuNaRozvrh` (`id`,`id_PozadavkuNaRozvrh`,`typ_terminu`,`den`,`od`,`do`,`prio`,`poznamka`) VALUES (42,11,'nemožný','Čt','07:00:00.000000','07:50:00.000000',NULL,'Vozím děti do školy');
INSERT INTO `terminyPozadavkuNaRozvrh` (`id`,`id_PozadavkuNaRozvrh`,`typ_terminu`,`den`,`od`,`do`,`prio`,`poznamka`) VALUES (43,11,'nemožný','Pá','07:00:00.000000','07:50:00.000000',NULL,'Vozím děti do školy');
INSERT INTO `terminyPozadavkuNaRozvrh` (`id`,`id_PozadavkuNaRozvrh`,`typ_terminu`,`den`,`od`,`do`,`prio`,`poznamka`) VALUES (44,11,'nemožný','Út','07:00:00.000000','11:50:00.000000',NULL,'meetingy');
INSERT INTO `terminyPozadavkuNaRozvrh` (`id`,`id_PozadavkuNaRozvrh`,`typ_terminu`,`den`,`od`,`do`,`prio`,`poznamka`) VALUES (45,12,'nemožný','Út','13:00:00.000000','16:50:00.000000',NULL,'senát');
INSERT INTO `terminyPozadavkuNaRozvrh` (`id`,`id_PozadavkuNaRozvrh`,`typ_terminu`,`den`,`od`,`do`,`prio`,`poznamka`) VALUES (46,12,'nemožný','Čt','07:00:00.000000','13:50:00.000000',NULL,'kolegium děkana');
INSERT INTO `terminyPozadavkuNaRozvrh` (`id`,`id_PozadavkuNaRozvrh`,`typ_terminu`,`den`,`od`,`do`,`prio`,`poznamka`) VALUES (47,12,'nemožný','Pá','07:00:00.000000','20:50:00.000000',NULL,'Nedostatečná účast na přednáškách - studenti pak mají problémy');
INSERT INTO `terminyPozadavkuNaRozvrh` (`id`,`id_PozadavkuNaRozvrh`,`typ_terminu`,`den`,`od`,`do`,`prio`,`poznamka`) VALUES (48,13,'vyhovující','Út','08:00:00.000000','10:50:00.000000','low','Pokud by rozvrh pro IAL, IFJ a ZZN mohl zůstat stejný jako loni, bylo by to asi ideální.');
INSERT INTO `terminyPozadavkuNaRozvrh` (`id`,`id_PozadavkuNaRozvrh`,`typ_terminu`,`den`,`od`,`do`,`prio`,`poznamka`) VALUES (49,13,'vyhovující','Čt','08:00:00.000000','10:50:00.000000','low','');
INSERT INTO `terminyPozadavkuNaRozvrh` (`id`,`id_PozadavkuNaRozvrh`,`typ_terminu`,`den`,`od`,`do`,`prio`,`poznamka`) VALUES (50,14,'vyhovující','Po','08:00:00.000000','09:50:00.000000','low','');
INSERT INTO `terminyPozadavkuNaRozvrh` (`id`,`id_PozadavkuNaRozvrh`,`typ_terminu`,`den`,`od`,`do`,`prio`,`poznamka`) VALUES (51,14,'vyhovující','Út','08:00:00.000000','09:50:00.000000','low','');
INSERT INTO `terminyPozadavkuNaRozvrh` (`id`,`id_PozadavkuNaRozvrh`,`typ_terminu`,`den`,`od`,`do`,`prio`,`poznamka`) VALUES (52,15,'vyhovující','Po','11:00:00.000000','12:50:00.000000','low','');
INSERT INTO `terminyPozadavkuNaRozvrh` (`id`,`id_PozadavkuNaRozvrh`,`typ_terminu`,`den`,`od`,`do`,`prio`,`poznamka`) VALUES (53,15,'vyhovující','Út','11:00:00.000000','12:50:00.000000','low','');
INSERT INTO `terminyPozadavkuNaRozvrh` (`id`,`id_PozadavkuNaRozvrh`,`typ_terminu`,`den`,`od`,`do`,`prio`,`poznamka`) VALUES (54,16,'vyhovující','St','07:00:00.000000','08:50:00.000000','low','');
INSERT INTO `terminyPozadavkuNaRozvrh` (`id`,`id_PozadavkuNaRozvrh`,`typ_terminu`,`den`,`od`,`do`,`prio`,`poznamka`) VALUES (55,16,'vyhovující','St','14:00:00.000000','14:50:00.000000','low','');
INSERT INTO `terminyPozadavkuNaRozvrh` (`id`,`id_PozadavkuNaRozvrh`,`typ_terminu`,`den`,`od`,`do`,`prio`,`poznamka`) VALUES (56,16,'vyhovující','Čt','07:00:00.000000','08:50:00.000000','low','');
INSERT INTO `terminyPozadavkuNaRozvrh` (`id`,`id_PozadavkuNaRozvrh`,`typ_terminu`,`den`,`od`,`do`,`prio`,`poznamka`) VALUES (57,16,'vyhovující','Čt','14:00:00.000000','14:50:00.000000','low','');
INSERT INTO `terminyPozadavkuNaRozvrh` (`id`,`id_PozadavkuNaRozvrh`,`typ_terminu`,`den`,`od`,`do`,`prio`,`poznamka`) VALUES (58,17,'vyhovující','St','15:00:00.000000','15:50:00.000000','low','');
INSERT INTO `terminyPozadavkuNaRozvrh` (`id`,`id_PozadavkuNaRozvrh`,`typ_terminu`,`den`,`od`,`do`,`prio`,`poznamka`) VALUES (59,17,'vyhovující','Čt','15:00:00.000000','15:50:00.000000','low','');
INSERT INTO `terminyPozadavkuNaRozvrh` (`id`,`id_PozadavkuNaRozvrh`,`typ_terminu`,`den`,`od`,`do`,`prio`,`poznamka`) VALUES (60,18,'vyhovující','Út','11:00:00.000000','13:50:00.000000','low','Pokud by rozvrh pro IAL, IFJ a ZZN mohl zůstat stejný jako loni, bylo by to asi ideální.');
INSERT INTO `terminyPozadavkuNaRozvrh` (`id`,`id_PozadavkuNaRozvrh`,`typ_terminu`,`den`,`od`,`do`,`prio`,`poznamka`) VALUES (61,18,'vyhovující','Čt','11:00:00.000000','13:50:00.000000','low','');
INSERT INTO `terminyPozadavkuNaRozvrh` (`id`,`id_PozadavkuNaRozvrh`,`typ_terminu`,`den`,`od`,`do`,`prio`,`poznamka`) VALUES (62,19,'vyhovující','Po','10:00:00.000000','11:50:00.000000','low','v úterý chodím občas na kolegium rektora');
INSERT INTO `terminyPozadavkuNaRozvrh` (`id`,`id_PozadavkuNaRozvrh`,`typ_terminu`,`den`,`od`,`do`,`prio`,`poznamka`) VALUES (63,20,'vyhovující','Út','10:00:00.000000','18:50:00.000000','low','Preferované je úterý, na čase tolik nezáleží. Jedná se o dvě hodiny týdně.');
INSERT INTO `terminyPozadavkuNaRozvrh` (`id`,`id_PozadavkuNaRozvrh`,`typ_terminu`,`den`,`od`,`do`,`prio`,`poznamka`) VALUES (64,21,'vyhovující','Po','10:00:00.000000','18:50:00.000000','low','');
INSERT INTO `terminyPozadavkuNaRozvrh` (`id`,`id_PozadavkuNaRozvrh`,`typ_terminu`,`den`,`od`,`do`,`prio`,`poznamka`) VALUES (65,21,'vyhovující','Út','10:00:00.000000','18:50:00.000000','low','');
INSERT INTO `terminyPozadavkuNaRozvrh` (`id`,`id_PozadavkuNaRozvrh`,`typ_terminu`,`den`,`od`,`do`,`prio`,`poznamka`) VALUES (66,21,'vyhovující','St','10:00:00.000000','18:50:00.000000','low','');
INSERT INTO `terminyPozadavkuNaRozvrh` (`id`,`id_PozadavkuNaRozvrh`,`typ_terminu`,`den`,`od`,`do`,`prio`,`poznamka`) VALUES (67,21,'vyhovující','Čt','10:00:00.000000','18:50:00.000000','low','');
INSERT INTO `terminyPozadavkuNaRozvrh` (`id`,`id_PozadavkuNaRozvrh`,`typ_terminu`,`den`,`od`,`do`,`prio`,`poznamka`) VALUES (68,21,'vyhovující','Pá','10:00:00.000000','18:50:00.000000','low','');
INSERT INTO `terminyPozadavkuNaRozvrh` (`id`,`id_PozadavkuNaRozvrh`,`typ_terminu`,`den`,`od`,`do`,`prio`,`poznamka`) VALUES (69,21,'nemožný','Po','07:00:00.000000','07:50:00.000000',NULL,'pokud možno po 8:00');
INSERT INTO `terminyPozadavkuNaRozvrh` (`id`,`id_PozadavkuNaRozvrh`,`typ_terminu`,`den`,`od`,`do`,`prio`,`poznamka`) VALUES (70,21,'nemožný','Út','07:00:00.000000','07:50:00.000000',NULL,'pokud možno po 8:00');
INSERT INTO `terminyPozadavkuNaRozvrh` (`id`,`id_PozadavkuNaRozvrh`,`typ_terminu`,`den`,`od`,`do`,`prio`,`poznamka`) VALUES (71,21,'nemožný','St','07:00:00.000000','07:50:00.000000',NULL,'pokud možno po 8:00');
INSERT INTO `terminyPozadavkuNaRozvrh` (`id`,`id_PozadavkuNaRozvrh`,`typ_terminu`,`den`,`od`,`do`,`prio`,`poznamka`) VALUES (72,21,'nemožný','Čt','07:00:00.000000','07:50:00.000000',NULL,'pokud možno po 8:00');
INSERT INTO `terminyPozadavkuNaRozvrh` (`id`,`id_PozadavkuNaRozvrh`,`typ_terminu`,`den`,`od`,`do`,`prio`,`poznamka`) VALUES (73,21,'nemožný','Pá','07:00:00.000000','07:50:00.000000',NULL,'pokud možno po 8:00');
INSERT INTO `terminyPozadavkuNaRozvrh` (`id`,`id_PozadavkuNaRozvrh`,`typ_terminu`,`den`,`od`,`do`,`prio`,`poznamka`) VALUES (74,21,'nemožný','Po','19:00:00.000000','20:50:00.000000',NULL,'pokud možno max. do 19:00');
INSERT INTO `terminyPozadavkuNaRozvrh` (`id`,`id_PozadavkuNaRozvrh`,`typ_terminu`,`den`,`od`,`do`,`prio`,`poznamka`) VALUES (75,21,'nemožný','Út','19:00:00.000000','20:50:00.000000',NULL,'pokud možno max. do 19:00');
INSERT INTO `terminyPozadavkuNaRozvrh` (`id`,`id_PozadavkuNaRozvrh`,`typ_terminu`,`den`,`od`,`do`,`prio`,`poznamka`) VALUES (76,21,'nemožný','St','19:00:00.000000','20:50:00.000000',NULL,'pokud možno max. do 19:00');
INSERT INTO `terminyPozadavkuNaRozvrh` (`id`,`id_PozadavkuNaRozvrh`,`typ_terminu`,`den`,`od`,`do`,`prio`,`poznamka`) VALUES (77,21,'nemožný','Čt','19:00:00.000000','20:50:00.000000',NULL,'pokud možno max. do 19:00');
INSERT INTO `terminyPozadavkuNaRozvrh` (`id`,`id_PozadavkuNaRozvrh`,`typ_terminu`,`den`,`od`,`do`,`prio`,`poznamka`) VALUES (78,21,'nemožný','Pá','19:00:00.000000','20:50:00.000000',NULL,'pokud možno max. do 19:00');
INSERT INTO `terminyPozadavkuNaRozvrh` (`id`,`id_PozadavkuNaRozvrh`,`typ_terminu`,`den`,`od`,`do`,`prio`,`poznamka`) VALUES (79,22,'nemožný','Po','07:00:00.000000','08:50:00.000000',NULL,'v noci nepracuji');
INSERT INTO `terminyPozadavkuNaRozvrh` (`id`,`id_PozadavkuNaRozvrh`,`typ_terminu`,`den`,`od`,`do`,`prio`,`poznamka`) VALUES (80,22,'nemožný','Út','07:00:00.000000','08:50:00.000000',NULL,'v noci nepracuji');
INSERT INTO `terminyPozadavkuNaRozvrh` (`id`,`id_PozadavkuNaRozvrh`,`typ_terminu`,`den`,`od`,`do`,`prio`,`poznamka`) VALUES (81,22,'nemožný','St','07:00:00.000000','08:50:00.000000',NULL,'v noci nepracuji');
INSERT INTO `terminyPozadavkuNaRozvrh` (`id`,`id_PozadavkuNaRozvrh`,`typ_terminu`,`den`,`od`,`do`,`prio`,`poznamka`) VALUES (82,22,'nemožný','Čt','07:00:00.000000','08:50:00.000000',NULL,'v noci nepracuji');
INSERT INTO `terminyPozadavkuNaRozvrh` (`id`,`id_PozadavkuNaRozvrh`,`typ_terminu`,`den`,`od`,`do`,`prio`,`poznamka`) VALUES (83,22,'nemožný','Pá','07:00:00.000000','08:50:00.000000',NULL,'v noci nepracuji');
INSERT INTO `terminyPozadavkuNaRozvrh` (`id`,`id_PozadavkuNaRozvrh`,`typ_terminu`,`den`,`od`,`do`,`prio`,`poznamka`) VALUES (84,22,'nemožný','Pá','07:00:00.000000','20:50:00.000000',NULL,'studenti v pátek nechodí a pak mají problémy');
INSERT INTO `terminyPozadavkuNaRozvrh` (`id`,`id_PozadavkuNaRozvrh`,`typ_terminu`,`den`,`od`,`do`,`prio`,`poznamka`) VALUES (85,23,'nemožný','Po','07:00:00.000000','09:50:00.000000',NULL,'školka');
INSERT INTO `terminyPozadavkuNaRozvrh` (`id`,`id_PozadavkuNaRozvrh`,`typ_terminu`,`den`,`od`,`do`,`prio`,`poznamka`) VALUES (86,23,'nemožný','Út','07:00:00.000000','09:50:00.000000',NULL,'školka');
INSERT INTO `terminyPozadavkuNaRozvrh` (`id`,`id_PozadavkuNaRozvrh`,`typ_terminu`,`den`,`od`,`do`,`prio`,`poznamka`) VALUES (87,23,'nemožný','St','07:00:00.000000','09:50:00.000000',NULL,'školka');
INSERT INTO `terminyPozadavkuNaRozvrh` (`id`,`id_PozadavkuNaRozvrh`,`typ_terminu`,`den`,`od`,`do`,`prio`,`poznamka`) VALUES (88,23,'nemožný','Čt','07:00:00.000000','09:50:00.000000',NULL,'školka');
INSERT INTO `terminyPozadavkuNaRozvrh` (`id`,`id_PozadavkuNaRozvrh`,`typ_terminu`,`den`,`od`,`do`,`prio`,`poznamka`) VALUES (89,23,'nemožný','Pá','07:00:00.000000','09:50:00.000000',NULL,'školka');
INSERT INTO `terminyPozadavkuNaRozvrh` (`id`,`id_PozadavkuNaRozvrh`,`typ_terminu`,`den`,`od`,`do`,`prio`,`poznamka`) VALUES (90,24,'vyhovující','Po','09:00:00.000000','10:50:00.000000','low','');
INSERT INTO `terminyPozadavkuNaRozvrh` (`id`,`id_PozadavkuNaRozvrh`,`typ_terminu`,`den`,`od`,`do`,`prio`,`poznamka`) VALUES (91,24,'vyhovující','Po','11:00:00.000000','12:50:00.000000','low','');
INSERT INTO `terminyPozadavkuNaRozvrh` (`id`,`id_PozadavkuNaRozvrh`,`typ_terminu`,`den`,`od`,`do`,`prio`,`poznamka`) VALUES (92,25,'nemožný','Út','13:00:00.000000','15:50:00.000000',NULL,'AS FIT');
INSERT INTO `terminyPozadavkuNaRozvrh` (`id`,`id_PozadavkuNaRozvrh`,`typ_terminu`,`den`,`od`,`do`,`prio`,`poznamka`) VALUES (93,25,'nemožný','Čt','09:00:00.000000','12:50:00.000000',NULL,'KD');
INSERT INTO `terminyPozadavkuNaRozvrh` (`id`,`id_PozadavkuNaRozvrh`,`typ_terminu`,`den`,`od`,`do`,`prio`,`poznamka`) VALUES (94,25,'nemožný','Pá','12:00:00.000000','15:50:00.000000',NULL,'seminář UPSY a akce UPSY');
INSERT INTO `terminyPozadavkuNaRozvrh` (`id`,`id_PozadavkuNaRozvrh`,`typ_terminu`,`den`,`od`,`do`,`prio`,`poznamka`) VALUES (95,26,'nemožný','Po','07:00:00.000000','08:50:00.000000',NULL,'vozím děti do školky');
INSERT INTO `terminyPozadavkuNaRozvrh` (`id`,`id_PozadavkuNaRozvrh`,`typ_terminu`,`den`,`od`,`do`,`prio`,`poznamka`) VALUES (96,26,'nemožný','Út','07:00:00.000000','08:50:00.000000',NULL,'vozím děti do školky');
INSERT INTO `terminyPozadavkuNaRozvrh` (`id`,`id_PozadavkuNaRozvrh`,`typ_terminu`,`den`,`od`,`do`,`prio`,`poznamka`) VALUES (97,26,'nemožný','St','07:00:00.000000','08:50:00.000000',NULL,'vozím děti do školky');
INSERT INTO `terminyPozadavkuNaRozvrh` (`id`,`id_PozadavkuNaRozvrh`,`typ_terminu`,`den`,`od`,`do`,`prio`,`poznamka`) VALUES (98,26,'nemožný','Čt','07:00:00.000000','08:50:00.000000',NULL,'vozím děti do školky');
INSERT INTO `terminyPozadavkuNaRozvrh` (`id`,`id_PozadavkuNaRozvrh`,`typ_terminu`,`den`,`od`,`do`,`prio`,`poznamka`) VALUES (99,26,'nemožný','Pá','07:00:00.000000','08:50:00.000000',NULL,'vozím děti do školky');
INSERT INTO `terminyPozadavkuNaRozvrh` (`id`,`id_PozadavkuNaRozvrh`,`typ_terminu`,`den`,`od`,`do`,`prio`,`poznamka`) VALUES (100,27,'nemožný','Po','07:00:00.000000','20:50:00.000000',NULL,'Lepší by bylo se pondělí vyhnout, ale pokud nutno, tak lze.');
INSERT INTO `terminyPozadavkuNaRozvrh` (`id`,`id_PozadavkuNaRozvrh`,`typ_terminu`,`den`,`od`,`do`,`prio`,`poznamka`) VALUES (101,27,'nemožný','Út','13:00:00.000000','15:50:00.000000',NULL,'senát');
INSERT INTO `terminyPozadavkuNaRozvrh` (`id`,`id_PozadavkuNaRozvrh`,`typ_terminu`,`den`,`od`,`do`,`prio`,`poznamka`) VALUES (102,27,'nemožný','St','16:00:00.000000','20:50:00.000000',NULL,'kvůli AS v úterý by mi více vyhovovala výuka ve středu');
INSERT INTO `terminyPozadavkuNaRozvrh` (`id`,`id_PozadavkuNaRozvrh`,`typ_terminu`,`den`,`od`,`do`,`prio`,`poznamka`) VALUES (103,27,'nemožný','Čt','08:00:00.000000','12:50:00.000000',NULL,'kolegium dekana');
INSERT INTO `terminyPozadavkuNaRozvrh` (`id`,`id_PozadavkuNaRozvrh`,`typ_terminu`,`den`,`od`,`do`,`prio`,`poznamka`) VALUES (104,28,'vyhovující','Út','14:00:00.000000','15:50:00.000000','low','');
INSERT INTO `terminyPozadavkuNaRozvrh` (`id`,`id_PozadavkuNaRozvrh`,`typ_terminu`,`den`,`od`,`do`,`prio`,`poznamka`) VALUES (105,29,'nemožný','Po','13:00:00.000000','14:50:00.000000',NULL,'speech meeting');
INSERT INTO `terminyPozadavkuNaRozvrh` (`id`,`id_PozadavkuNaRozvrh`,`typ_terminu`,`den`,`od`,`do`,`prio`,`poznamka`) VALUES (106,29,'nemožný','Út','13:00:00.000000','14:50:00.000000',NULL,'senát');
INSERT INTO `terminyPozadavkuNaRozvrh` (`id`,`id_PozadavkuNaRozvrh`,`typ_terminu`,`den`,`od`,`do`,`prio`,`poznamka`) VALUES (107,29,'nemožný','Čt','07:00:00.000000','12:50:00.000000',NULL,'KD');
INSERT INTO `terminyPozadavkuNaRozvrh` (`id`,`id_PozadavkuNaRozvrh`,`typ_terminu`,`den`,`od`,`do`,`prio`,`poznamka`) VALUES (108,30,'nemožný','Po','13:00:00.000000','14:50:00.000000',NULL,'speech meeting');
INSERT INTO `terminyPozadavkuNaRozvrh` (`id`,`id_PozadavkuNaRozvrh`,`typ_terminu`,`den`,`od`,`do`,`prio`,`poznamka`) VALUES (109,30,'nemožný','Út','13:00:00.000000','14:50:00.000000',NULL,'senát');
INSERT INTO `terminyPozadavkuNaRozvrh` (`id`,`id_PozadavkuNaRozvrh`,`typ_terminu`,`den`,`od`,`do`,`prio`,`poznamka`) VALUES (110,30,'nemožný','Čt','07:00:00.000000','12:50:00.000000',NULL,'KD');
INSERT INTO `terminyPozadavkuNaRozvrh` (`id`,`id_PozadavkuNaRozvrh`,`typ_terminu`,`den`,`od`,`do`,`prio`,`poznamka`) VALUES (111,31,'vyhovující','Po','07:00:00.000000','18:50:00.000000','low','poč.lab. - O203 a O204 - obě místnosti - učíme propojeně');
INSERT INTO `terminyPozadavkuNaRozvrh` (`id`,`id_PozadavkuNaRozvrh`,`typ_terminu`,`den`,`od`,`do`,`prio`,`poznamka`) VALUES (112,31,'vyhovující','Út','07:00:00.000000','18:50:00.000000','low','poč.lab. - O203 a O204 - obě místnosti - učíme propojeně');
INSERT INTO `terminyPozadavkuNaRozvrh` (`id`,`id_PozadavkuNaRozvrh`,`typ_terminu`,`den`,`od`,`do`,`prio`,`poznamka`) VALUES (113,31,'nemožný','Čt','08:00:00.000000','11:50:00.000000',NULL,'KD');
INSERT INTO `terminyPozadavkuNaRozvrh` (`id`,`id_PozadavkuNaRozvrh`,`typ_terminu`,`den`,`od`,`do`,`prio`,`poznamka`) VALUES (114,32,'vyhovující','Po','09:00:00.000000','17:50:00.000000','low','');
INSERT INTO `terminyPozadavkuNaRozvrh` (`id`,`id_PozadavkuNaRozvrh`,`typ_terminu`,`den`,`od`,`do`,`prio`,`poznamka`) VALUES (115,32,'vyhovující','St','09:00:00.000000','16:50:00.000000','low','');
INSERT INTO `terminyPozadavkuNaRozvrh` (`id`,`id_PozadavkuNaRozvrh`,`typ_terminu`,`den`,`od`,`do`,`prio`,`poznamka`) VALUES (116,32,'vyhovující','Pá','09:00:00.000000','15:50:00.000000','low','');
INSERT INTO `terminyPozadavkuNaRozvrh` (`id`,`id_PozadavkuNaRozvrh`,`typ_terminu`,`den`,`od`,`do`,`prio`,`poznamka`) VALUES (117,32,'nemožný','Út','07:00:00.000000','12:50:00.000000',NULL,'Komise RVŠ (není nezbytně nutné)');
INSERT INTO `terminyPozadavkuNaRozvrh` (`id`,`id_PozadavkuNaRozvrh`,`typ_terminu`,`den`,`od`,`do`,`prio`,`poznamka`) VALUES (118,32,'nemožný','Út','13:00:00.000000','20:50:00.000000',NULL,'Komise RVŠ, účast na AS FIT');
INSERT INTO `terminyPozadavkuNaRozvrh` (`id`,`id_PozadavkuNaRozvrh`,`typ_terminu`,`den`,`od`,`do`,`prio`,`poznamka`) VALUES (119,32,'nemožný','Čt','07:00:00.000000','20:50:00.000000',NULL,'Sněm RVŠ, komise RVŠ, Seminář UITS');
INSERT INTO `terminyPozadavkuNaRozvrh` (`id`,`id_PozadavkuNaRozvrh`,`typ_terminu`,`den`,`od`,`do`,`prio`,`poznamka`) VALUES (120,33,'vyhovující','Po','09:00:00.000000','17:50:00.000000','low','platí pro všechny dny vyjma překážek uvedených níže');
INSERT INTO `terminyPozadavkuNaRozvrh` (`id`,`id_PozadavkuNaRozvrh`,`typ_terminu`,`den`,`od`,`do`,`prio`,`poznamka`) VALUES (121,33,'nemožný','Út','12:00:00.000000','14:50:00.000000',NULL,'AS FIT');
INSERT INTO `terminyPozadavkuNaRozvrh` (`id`,`id_PozadavkuNaRozvrh`,`typ_terminu`,`den`,`od`,`do`,`prio`,`poznamka`) VALUES (122,33,'nemožný','St','12:00:00.000000','15:50:00.000000',NULL,'RSP');
INSERT INTO `terminyPozadavkuNaRozvrh` (`id`,`id_PozadavkuNaRozvrh`,`typ_terminu`,`den`,`od`,`do`,`prio`,`poznamka`) VALUES (123,33,'nemožný','Čt','09:00:00.000000','12:50:00.000000',NULL,'KD');
INSERT INTO `terminyPozadavkuNaRozvrh` (`id`,`id_PozadavkuNaRozvrh`,`typ_terminu`,`den`,`od`,`do`,`prio`,`poznamka`) VALUES (124,34,'vyhovující','Po','09:00:00.000000','18:50:00.000000','low','Přednášku v jednom dni rozdělit na 2 hod. (dopoledne) +1 hod. (odpoledne), na odpolední hodinu bezprostředně navázat 1 hod. demonstračního cvičení');
INSERT INTO `terminyPozadavkuNaRozvrh` (`id`,`id_PozadavkuNaRozvrh`,`typ_terminu`,`den`,`od`,`do`,`prio`,`poznamka`) VALUES (125,34,'vyhovující','Út','09:00:00.000000','18:50:00.000000','low','Přednášku v jednom dni rozdělit na 2 hod. (dopoledne) +1 hod. (odpoledne), na odpolední hodinu bezprostředně navázat 1 hod. demonstračního cvičení');
INSERT INTO `terminyPozadavkuNaRozvrh` (`id`,`id_PozadavkuNaRozvrh`,`typ_terminu`,`den`,`od`,`do`,`prio`,`poznamka`) VALUES (126,34,'vyhovující','St','09:00:00.000000','18:50:00.000000','low','Přednášku v jednom dni rozdělit na 2 hod. (dopoledne) +1 hod. (odpoledne), na odpolední hodinu bezprostředně navázat 1 hod. demonstračního cvičení');
INSERT INTO `terminyPozadavkuNaRozvrh` (`id`,`id_PozadavkuNaRozvrh`,`typ_terminu`,`den`,`od`,`do`,`prio`,`poznamka`) VALUES (127,34,'vyhovující','Čt','09:00:00.000000','18:50:00.000000','low','Přednášku v jednom dni rozdělit na 2 hod. (dopoledne) +1 hod. (odpoledne), na odpolední hodinu bezprostředně navázat 1 hod. demonstračního cvičení');
INSERT INTO `terminyPozadavkuNaRozvrh` (`id`,`id_PozadavkuNaRozvrh`,`typ_terminu`,`den`,`od`,`do`,`prio`,`poznamka`) VALUES (128,34,'vyhovující','Pá','09:00:00.000000','18:50:00.000000','low','Přednášku v jednom dni rozdělit na 2 hod. (dopoledne) +1 hod. (odpoledne), na odpolední hodinu bezprostředně navázat 1 hod. demonstračního cvičení');
INSERT INTO `terminyPozadavkuNaRozvrh` (`id`,`id_PozadavkuNaRozvrh`,`typ_terminu`,`den`,`od`,`do`,`prio`,`poznamka`) VALUES (129,35,'vyhovující','Po','09:00:00.000000','18:50:00.000000','low','Přednášku v jednom dni rozdělit na 2 hod. (dopoledne) +1 hod. (odpoledne), na odpolední hodinu bezprostředně navázat 1 hod. demonstračního cvičení');
INSERT INTO `terminyPozadavkuNaRozvrh` (`id`,`id_PozadavkuNaRozvrh`,`typ_terminu`,`den`,`od`,`do`,`prio`,`poznamka`) VALUES (130,35,'vyhovující','Út','09:00:00.000000','18:50:00.000000','low','Přednášku v jednom dni rozdělit na 2 hod. (dopoledne) +1 hod. (odpoledne), na odpolední hodinu bezprostředně navázat 1 hod. demonstračního cvičení');
INSERT INTO `terminyPozadavkuNaRozvrh` (`id`,`id_PozadavkuNaRozvrh`,`typ_terminu`,`den`,`od`,`do`,`prio`,`poznamka`) VALUES (131,35,'vyhovující','St','09:00:00.000000','18:50:00.000000','low','Přednášku v jednom dni rozdělit na 2 hod. (dopoledne) +1 hod. (odpoledne), na odpolední hodinu bezprostředně navázat 1 hod. demonstračního cvičení');
INSERT INTO `terminyPozadavkuNaRozvrh` (`id`,`id_PozadavkuNaRozvrh`,`typ_terminu`,`den`,`od`,`do`,`prio`,`poznamka`) VALUES (132,35,'vyhovující','Čt','09:00:00.000000','18:50:00.000000','low','Přednášku v jednom dni rozdělit na 2 hod. (dopoledne) +1 hod. (odpoledne), na odpolední hodinu bezprostředně navázat 1 hod. demonstračního cvičení');
INSERT INTO `terminyPozadavkuNaRozvrh` (`id`,`id_PozadavkuNaRozvrh`,`typ_terminu`,`den`,`od`,`do`,`prio`,`poznamka`) VALUES (133,35,'vyhovující','Pá','09:00:00.000000','18:50:00.000000','low','Přednášku v jednom dni rozdělit na 2 hod. (dopoledne) +1 hod. (odpoledne), na odpolední hodinu bezprostředně navázat 1 hod. demonstračního cvičení');
INSERT INTO `terminyPozadavkuNaRozvrh` (`id`,`id_PozadavkuNaRozvrh`,`typ_terminu`,`den`,`od`,`do`,`prio`,`poznamka`) VALUES (134,35,'nemožný','Po','07:00:00.000000','08:50:00.000000',NULL,'vozím děti do školky');
INSERT INTO `terminyPozadavkuNaRozvrh` (`id`,`id_PozadavkuNaRozvrh`,`typ_terminu`,`den`,`od`,`do`,`prio`,`poznamka`) VALUES (135,35,'nemožný','Út','07:00:00.000000','08:50:00.000000',NULL,'vozím děti do školky');
INSERT INTO `terminyPozadavkuNaRozvrh` (`id`,`id_PozadavkuNaRozvrh`,`typ_terminu`,`den`,`od`,`do`,`prio`,`poznamka`) VALUES (136,35,'nemožný','St','07:00:00.000000','08:50:00.000000',NULL,'vozím děti do školky');
INSERT INTO `terminyPozadavkuNaRozvrh` (`id`,`id_PozadavkuNaRozvrh`,`typ_terminu`,`den`,`od`,`do`,`prio`,`poznamka`) VALUES (137,35,'nemožný','Čt','07:00:00.000000','08:50:00.000000',NULL,'vozím děti do školky');
INSERT INTO `terminyPozadavkuNaRozvrh` (`id`,`id_PozadavkuNaRozvrh`,`typ_terminu`,`den`,`od`,`do`,`prio`,`poznamka`) VALUES (138,35,'nemožný','Pá','07:00:00.000000','08:50:00.000000',NULL,'vozím děti do školky');
INSERT INTO `terminyPozadavkuNaRozvrh` (`id`,`id_PozadavkuNaRozvrh`,`typ_terminu`,`den`,`od`,`do`,`prio`,`poznamka`) VALUES (139,36,'vyhovující','Po','13:00:00.000000','18:50:00.000000','low','1BIB');
INSERT INTO `terminyPozadavkuNaRozvrh` (`id`,`id_PozadavkuNaRozvrh`,`typ_terminu`,`den`,`od`,`do`,`prio`,`poznamka`) VALUES (140,36,'vyhovující','Út','13:00:00.000000','18:50:00.000000','low','1BIB');
INSERT INTO `terminyPozadavkuNaRozvrh` (`id`,`id_PozadavkuNaRozvrh`,`typ_terminu`,`den`,`od`,`do`,`prio`,`poznamka`) VALUES (141,36,'vyhovující','St','13:00:00.000000','18:50:00.000000','low','1BIB');
INSERT INTO `terminyPozadavkuNaRozvrh` (`id`,`id_PozadavkuNaRozvrh`,`typ_terminu`,`den`,`od`,`do`,`prio`,`poznamka`) VALUES (142,36,'vyhovující','Čt','13:00:00.000000','18:50:00.000000','low','1BIB');
INSERT INTO `terminyPozadavkuNaRozvrh` (`id`,`id_PozadavkuNaRozvrh`,`typ_terminu`,`den`,`od`,`do`,`prio`,`poznamka`) VALUES (143,36,'vyhovující','Pá','13:00:00.000000','18:50:00.000000','low','1BIB');
INSERT INTO `terminyPozadavkuNaRozvrh` (`id`,`id_PozadavkuNaRozvrh`,`typ_terminu`,`den`,`od`,`do`,`prio`,`poznamka`) VALUES (144,36,'nemožný','Po','07:00:00.000000','08:50:00.000000',NULL,'vozím děti do školky');
INSERT INTO `terminyPozadavkuNaRozvrh` (`id`,`id_PozadavkuNaRozvrh`,`typ_terminu`,`den`,`od`,`do`,`prio`,`poznamka`) VALUES (145,36,'nemožný','Út','07:00:00.000000','08:50:00.000000',NULL,'vozím děti do školky');
INSERT INTO `terminyPozadavkuNaRozvrh` (`id`,`id_PozadavkuNaRozvrh`,`typ_terminu`,`den`,`od`,`do`,`prio`,`poznamka`) VALUES (146,36,'nemožný','St','07:00:00.000000','08:50:00.000000',NULL,'vozím děti do školky');
INSERT INTO `terminyPozadavkuNaRozvrh` (`id`,`id_PozadavkuNaRozvrh`,`typ_terminu`,`den`,`od`,`do`,`prio`,`poznamka`) VALUES (147,36,'nemožný','Čt','07:00:00.000000','08:50:00.000000',NULL,'vozím děti do školky');
INSERT INTO `terminyPozadavkuNaRozvrh` (`id`,`id_PozadavkuNaRozvrh`,`typ_terminu`,`den`,`od`,`do`,`prio`,`poznamka`) VALUES (148,36,'nemožný','Pá','07:00:00.000000','08:50:00.000000',NULL,'vozím děti do školky');
INSERT INTO `terminyPozadavkuNaRozvrh` (`id`,`id_PozadavkuNaRozvrh`,`typ_terminu`,`den`,`od`,`do`,`prio`,`poznamka`) VALUES (149,37,'vyhovující','Po','13:00:00.000000','18:50:00.000000','low','1BIA');
INSERT INTO `terminyPozadavkuNaRozvrh` (`id`,`id_PozadavkuNaRozvrh`,`typ_terminu`,`den`,`od`,`do`,`prio`,`poznamka`) VALUES (150,37,'vyhovující','Út','13:00:00.000000','18:50:00.000000','low','1BIA');
INSERT INTO `terminyPozadavkuNaRozvrh` (`id`,`id_PozadavkuNaRozvrh`,`typ_terminu`,`den`,`od`,`do`,`prio`,`poznamka`) VALUES (151,37,'vyhovující','St','13:00:00.000000','18:50:00.000000','low','1BIA');
INSERT INTO `terminyPozadavkuNaRozvrh` (`id`,`id_PozadavkuNaRozvrh`,`typ_terminu`,`den`,`od`,`do`,`prio`,`poznamka`) VALUES (152,37,'vyhovující','Čt','13:00:00.000000','18:50:00.000000','low','1BIA');
INSERT INTO `terminyPozadavkuNaRozvrh` (`id`,`id_PozadavkuNaRozvrh`,`typ_terminu`,`den`,`od`,`do`,`prio`,`poznamka`) VALUES (153,37,'vyhovující','Pá','13:00:00.000000','18:50:00.000000','low','1BIA');
INSERT INTO `terminyPozadavkuNaRozvrh` (`id`,`id_PozadavkuNaRozvrh`,`typ_terminu`,`den`,`od`,`do`,`prio`,`poznamka`) VALUES (154,37,'nemožný','Po','07:00:00.000000','08:50:00.000000',NULL,'vozím děti do školky');
INSERT INTO `terminyPozadavkuNaRozvrh` (`id`,`id_PozadavkuNaRozvrh`,`typ_terminu`,`den`,`od`,`do`,`prio`,`poznamka`) VALUES (155,37,'nemožný','Út','07:00:00.000000','08:50:00.000000',NULL,'vozím děti do školky');
INSERT INTO `terminyPozadavkuNaRozvrh` (`id`,`id_PozadavkuNaRozvrh`,`typ_terminu`,`den`,`od`,`do`,`prio`,`poznamka`) VALUES (156,37,'nemožný','St','07:00:00.000000','08:50:00.000000',NULL,'vozím děti do školky');
INSERT INTO `terminyPozadavkuNaRozvrh` (`id`,`id_PozadavkuNaRozvrh`,`typ_terminu`,`den`,`od`,`do`,`prio`,`poznamka`) VALUES (157,37,'nemožný','Čt','07:00:00.000000','08:50:00.000000',NULL,'vozím děti do školky');
INSERT INTO `terminyPozadavkuNaRozvrh` (`id`,`id_PozadavkuNaRozvrh`,`typ_terminu`,`den`,`od`,`do`,`prio`,`poznamka`) VALUES (158,37,'nemožný','Pá','07:00:00.000000','08:50:00.000000',NULL,'vozím děti do školky');
INSERT INTO `terminyPozadavkuNaRozvrh` (`id`,`id_PozadavkuNaRozvrh`,`typ_terminu`,`den`,`od`,`do`,`prio`,`poznamka`) VALUES (159,38,'vyhovující','Po','13:00:00.000000','14:50:00.000000','low','');
INSERT INTO `terminyPozadavkuNaRozvrh` (`id`,`id_PozadavkuNaRozvrh`,`typ_terminu`,`den`,`od`,`do`,`prio`,`poznamka`) VALUES (160,39,'vyhovující','Po','16:00:00.000000','17:50:00.000000','low','');
INSERT INTO `terminyPozadavkuNaRozvrh` (`id`,`id_PozadavkuNaRozvrh`,`typ_terminu`,`den`,`od`,`do`,`prio`,`poznamka`) VALUES (161,39,'vyhovující','Út','16:00:00.000000','17:50:00.000000','low','');
INSERT INTO `terminyPozadavkuNaRozvrh` (`id`,`id_PozadavkuNaRozvrh`,`typ_terminu`,`den`,`od`,`do`,`prio`,`poznamka`) VALUES (162,39,'vyhovující','St','16:00:00.000000','17:50:00.000000','low','');
INSERT INTO `terminyPozadavkuNaRozvrh` (`id`,`id_PozadavkuNaRozvrh`,`typ_terminu`,`den`,`od`,`do`,`prio`,`poznamka`) VALUES (163,39,'vyhovující','Čt','16:00:00.000000','17:50:00.000000','low','');
INSERT INTO `terminyPozadavkuNaRozvrh` (`id`,`id_PozadavkuNaRozvrh`,`typ_terminu`,`den`,`od`,`do`,`prio`,`poznamka`) VALUES (164,39,'nemožný','Po','07:00:00.000000','15:50:00.000000',NULL,'Vedoucí ústavu - do 16:00 nešikovné');
INSERT INTO `terminyPozadavkuNaRozvrh` (`id`,`id_PozadavkuNaRozvrh`,`typ_terminu`,`den`,`od`,`do`,`prio`,`poznamka`) VALUES (165,39,'nemožný','Út','07:00:00.000000','15:50:00.000000',NULL,'Vedoucí ústavu - do 16:00 nešikovné');
INSERT INTO `terminyPozadavkuNaRozvrh` (`id`,`id_PozadavkuNaRozvrh`,`typ_terminu`,`den`,`od`,`do`,`prio`,`poznamka`) VALUES (166,39,'nemožný','St','07:00:00.000000','15:50:00.000000',NULL,'Vedoucí ústavu - do 16:00 nešikovné');
INSERT INTO `terminyPozadavkuNaRozvrh` (`id`,`id_PozadavkuNaRozvrh`,`typ_terminu`,`den`,`od`,`do`,`prio`,`poznamka`) VALUES (167,39,'nemožný','Čt','07:00:00.000000','15:50:00.000000',NULL,'Vedoucí ústavu - do 16:00 nešikovné');
INSERT INTO `terminyPozadavkuNaRozvrh` (`id`,`id_PozadavkuNaRozvrh`,`typ_terminu`,`den`,`od`,`do`,`prio`,`poznamka`) VALUES (168,39,'nemožný','Pá','07:00:00.000000','15:50:00.000000',NULL,'Vedoucí ústavu - do 16:00 nešikovné');
INSERT INTO `terminyPozadavkuNaRozvrh` (`id`,`id_PozadavkuNaRozvrh`,`typ_terminu`,`den`,`od`,`do`,`prio`,`poznamka`) VALUES (169,40,'nemožný','Út','07:00:00.000000','11:50:00.000000',NULL,'Kolegia rektora/schze Graph@FIT');
INSERT INTO `terminyPozadavkuNaRozvrh` (`id`,`id_PozadavkuNaRozvrh`,`typ_terminu`,`den`,`od`,`do`,`prio`,`poznamka`) VALUES (170,40,'nemožný','St','09:00:00.000000','12:50:00.000000',NULL,'Vědecké rady FIT');
INSERT INTO `terminyPozadavkuNaRozvrh` (`id`,`id_PozadavkuNaRozvrh`,`typ_terminu`,`den`,`od`,`do`,`prio`,`poznamka`) VALUES (171,40,'nemožný','Čt','08:00:00.000000','11:50:00.000000',NULL,'Kolegia děkana');
INSERT INTO `terminyPozadavkuNaRozvrh` (`id`,`id_PozadavkuNaRozvrh`,`typ_terminu`,`den`,`od`,`do`,`prio`,`poznamka`) VALUES (172,41,'nemožný','Út','13:00:00.000000','16:50:00.000000',NULL,'senát');
INSERT INTO `terminyPozadavkuNaRozvrh` (`id`,`id_PozadavkuNaRozvrh`,`typ_terminu`,`den`,`od`,`do`,`prio`,`poznamka`) VALUES (173,41,'nemožný','Čt','07:00:00.000000','13:50:00.000000',NULL,'kolegium děkana');
INSERT INTO `terminyPozadavkuNaRozvrh` (`id`,`id_PozadavkuNaRozvrh`,`typ_terminu`,`den`,`od`,`do`,`prio`,`poznamka`) VALUES (174,41,'nemožný','Pá','07:00:00.000000','20:50:00.000000',NULL,'Nedostatečná účast na přednáškách - studenti pak mají problémy');
INSERT INTO `terminyPozadavkuNaRozvrh` (`id`,`id_PozadavkuNaRozvrh`,`typ_terminu`,`den`,`od`,`do`,`prio`,`poznamka`) VALUES (175,42,'vyhovující','Po','13:00:00.000000','14:50:00.000000','low','Ideální termín, případně by mohl začínat o hodinu dříve i hodinu později');
INSERT INTO `terminyPozadavkuNaRozvrh` (`id`,`id_PozadavkuNaRozvrh`,`typ_terminu`,`den`,`od`,`do`,`prio`,`poznamka`) VALUES (176,42,'nemožný','Po','07:00:00.000000','10:50:00.000000',NULL,'Často mimo FIT');
INSERT INTO `terminyPozadavkuNaRozvrh` (`id`,`id_PozadavkuNaRozvrh`,`typ_terminu`,`den`,`od`,`do`,`prio`,`poznamka`) VALUES (177,42,'nemožný','Po','16:00:00.000000','18:50:00.000000',NULL,'Často mimo FIT');
INSERT INTO `terminyPozadavkuNaRozvrh` (`id`,`id_PozadavkuNaRozvrh`,`typ_terminu`,`den`,`od`,`do`,`prio`,`poznamka`) VALUES (178,42,'nemožný','Út','07:00:00.000000','09:50:00.000000',NULL,'Často mimo FIT');
INSERT INTO `terminyPozadavkuNaRozvrh` (`id`,`id_PozadavkuNaRozvrh`,`typ_terminu`,`den`,`od`,`do`,`prio`,`poznamka`) VALUES (179,42,'nemožný','Út','13:00:00.000000','17:50:00.000000',NULL,'Senát FIT, zasedání RNMSP');
INSERT INTO `terminyPozadavkuNaRozvrh` (`id`,`id_PozadavkuNaRozvrh`,`typ_terminu`,`den`,`od`,`do`,`prio`,`poznamka`) VALUES (180,42,'nemožný','St','07:00:00.000000','10:50:00.000000',NULL,'Často mimo FIT');
INSERT INTO `terminyPozadavkuNaRozvrh` (`id`,`id_PozadavkuNaRozvrh`,`typ_terminu`,`den`,`od`,`do`,`prio`,`poznamka`) VALUES (181,42,'nemožný','Čt','08:00:00.000000','11:50:00.000000',NULL,'Kolegium děkana');
INSERT INTO `terminyPozadavkuNaRozvrh` (`id`,`id_PozadavkuNaRozvrh`,`typ_terminu`,`den`,`od`,`do`,`prio`,`poznamka`) VALUES (182,42,'nemožný','Čt','13:00:00.000000','16:50:00.000000',NULL,'Jednání EK AS FIT');
INSERT INTO `terminyPozadavkuNaRozvrh` (`id`,`id_PozadavkuNaRozvrh`,`typ_terminu`,`den`,`od`,`do`,`prio`,`poznamka`) VALUES (183,42,'nemožný','Pá','07:00:00.000000','09:50:00.000000',NULL,'Často mimo FIT');
INSERT INTO `terminyPozadavkuNaRozvrh` (`id`,`id_PozadavkuNaRozvrh`,`typ_terminu`,`den`,`od`,`do`,`prio`,`poznamka`) VALUES (184,43,'nemožný','Po','07:00:00.000000','09:50:00.000000',NULL,'školka');
INSERT INTO `terminyPozadavkuNaRozvrh` (`id`,`id_PozadavkuNaRozvrh`,`typ_terminu`,`den`,`od`,`do`,`prio`,`poznamka`) VALUES (185,43,'nemožný','Út','07:00:00.000000','09:50:00.000000',NULL,'školka');
INSERT INTO `terminyPozadavkuNaRozvrh` (`id`,`id_PozadavkuNaRozvrh`,`typ_terminu`,`den`,`od`,`do`,`prio`,`poznamka`) VALUES (186,43,'nemožný','St','07:00:00.000000','09:50:00.000000',NULL,'školka');
INSERT INTO `terminyPozadavkuNaRozvrh` (`id`,`id_PozadavkuNaRozvrh`,`typ_terminu`,`den`,`od`,`do`,`prio`,`poznamka`) VALUES (187,43,'nemožný','Čt','07:00:00.000000','09:50:00.000000',NULL,'školka');
INSERT INTO `terminyPozadavkuNaRozvrh` (`id`,`id_PozadavkuNaRozvrh`,`typ_terminu`,`den`,`od`,`do`,`prio`,`poznamka`) VALUES (188,43,'nemožný','Pá','07:00:00.000000','09:50:00.000000',NULL,'školka');
INSERT INTO `terminyPozadavkuNaRozvrh` (`id`,`id_PozadavkuNaRozvrh`,`typ_terminu`,`den`,`od`,`do`,`prio`,`poznamka`) VALUES (189,44,'nemožný','Út','07:00:00.000000','11:50:00.000000',NULL,'Kolegia rektora/schze Graph@FIT');
INSERT INTO `terminyPozadavkuNaRozvrh` (`id`,`id_PozadavkuNaRozvrh`,`typ_terminu`,`den`,`od`,`do`,`prio`,`poznamka`) VALUES (190,44,'nemožný','St','09:00:00.000000','12:50:00.000000',NULL,'Vědecké rady FIT');
INSERT INTO `terminyPozadavkuNaRozvrh` (`id`,`id_PozadavkuNaRozvrh`,`typ_terminu`,`den`,`od`,`do`,`prio`,`poznamka`) VALUES (191,44,'nemožný','Čt','08:00:00.000000','11:50:00.000000',NULL,'Kolegia děkana');
INSERT INTO `terminyPozadavkuNaRozvrh` (`id`,`id_PozadavkuNaRozvrh`,`typ_terminu`,`den`,`od`,`do`,`prio`,`poznamka`) VALUES (192,45,'nemožný','Út','07:00:00.000000','11:50:00.000000',NULL,'Kolegia rektora/schze Graph@FIT');
INSERT INTO `terminyPozadavkuNaRozvrh` (`id`,`id_PozadavkuNaRozvrh`,`typ_terminu`,`den`,`od`,`do`,`prio`,`poznamka`) VALUES (193,45,'nemožný','St','09:00:00.000000','12:50:00.000000',NULL,'Vědecké rady FIT');
INSERT INTO `terminyPozadavkuNaRozvrh` (`id`,`id_PozadavkuNaRozvrh`,`typ_terminu`,`den`,`od`,`do`,`prio`,`poznamka`) VALUES (194,45,'nemožný','Čt','08:00:00.000000','11:50:00.000000',NULL,'Kolegia děkana');
INSERT INTO `terminyPozadavkuNaRozvrh` (`id`,`id_PozadavkuNaRozvrh`,`typ_terminu`,`den`,`od`,`do`,`prio`,`poznamka`) VALUES (195,46,'nemožný','Po','07:00:00.000000','07:50:00.000000',NULL,'Vozím děti do školy');
INSERT INTO `terminyPozadavkuNaRozvrh` (`id`,`id_PozadavkuNaRozvrh`,`typ_terminu`,`den`,`od`,`do`,`prio`,`poznamka`) VALUES (196,46,'nemožný','Út','07:00:00.000000','07:50:00.000000',NULL,'Vozím děti do školy');
INSERT INTO `terminyPozadavkuNaRozvrh` (`id`,`id_PozadavkuNaRozvrh`,`typ_terminu`,`den`,`od`,`do`,`prio`,`poznamka`) VALUES (197,46,'nemožný','St','07:00:00.000000','07:50:00.000000',NULL,'Vozím děti do školy');
INSERT INTO `terminyPozadavkuNaRozvrh` (`id`,`id_PozadavkuNaRozvrh`,`typ_terminu`,`den`,`od`,`do`,`prio`,`poznamka`) VALUES (198,46,'nemožný','Čt','07:00:00.000000','07:50:00.000000',NULL,'Vozím děti do školy');
INSERT INTO `terminyPozadavkuNaRozvrh` (`id`,`id_PozadavkuNaRozvrh`,`typ_terminu`,`den`,`od`,`do`,`prio`,`poznamka`) VALUES (199,46,'nemožný','Pá','07:00:00.000000','07:50:00.000000',NULL,'Vozím děti do školy');
INSERT INTO `terminyPozadavkuNaRozvrh` (`id`,`id_PozadavkuNaRozvrh`,`typ_terminu`,`den`,`od`,`do`,`prio`,`poznamka`) VALUES (200,46,'nemožný','Út','07:00:00.000000','11:50:00.000000',NULL,'meetingy');
INSERT INTO `terminyPozadavkuNaRozvrh` (`id`,`id_PozadavkuNaRozvrh`,`typ_terminu`,`den`,`od`,`do`,`prio`,`poznamka`) VALUES (201,47,'vyhovující','Út','17:00:00.000000','19:50:00.000000','low','');
INSERT INTO `terminyPozadavkuNaRozvrh` (`id`,`id_PozadavkuNaRozvrh`,`typ_terminu`,`den`,`od`,`do`,`prio`,`poznamka`) VALUES (202,47,'vyhovující','St','17:00:00.000000','19:50:00.000000','low','');
INSERT INTO `terminyPozadavkuNaRozvrh` (`id`,`id_PozadavkuNaRozvrh`,`typ_terminu`,`den`,`od`,`do`,`prio`,`poznamka`) VALUES (203,48,'nemožný','Út','07:00:00.000000','11:50:00.000000',NULL,'Kolegia rektora/schze Graph@FIT');
INSERT INTO `terminyPozadavkuNaRozvrh` (`id`,`id_PozadavkuNaRozvrh`,`typ_terminu`,`den`,`od`,`do`,`prio`,`poznamka`) VALUES (204,48,'nemožný','St','09:00:00.000000','12:50:00.000000',NULL,'Vědecké rady FIT');
INSERT INTO `terminyPozadavkuNaRozvrh` (`id`,`id_PozadavkuNaRozvrh`,`typ_terminu`,`den`,`od`,`do`,`prio`,`poznamka`) VALUES (205,48,'nemožný','Čt','08:00:00.000000','11:50:00.000000',NULL,'Kolegia děkana');
INSERT INTO `terminyPozadavkuNaRozvrh` (`id`,`id_PozadavkuNaRozvrh`,`typ_terminu`,`den`,`od`,`do`,`prio`,`poznamka`) VALUES (206,49,'vyhovující','Čt','13:00:00.000000','18:50:00.000000','low','');
INSERT INTO `terminyPozadavkuNaRozvrh` (`id`,`id_PozadavkuNaRozvrh`,`typ_terminu`,`den`,`od`,`do`,`prio`,`poznamka`) VALUES (207,50,'vyhovující','Čt','13:00:00.000000','18:50:00.000000','low','');
INSERT INTO `terminyPozadavkuNaRozvrh` (`id`,`id_PozadavkuNaRozvrh`,`typ_terminu`,`den`,`od`,`do`,`prio`,`poznamka`) VALUES (208,51,'vyhovující','Čt','10:00:00.000000','11:50:00.000000','low','pripadne jiny den v tuto dobu');
INSERT INTO `terminyPozadavkuNaRozvrh` (`id`,`id_PozadavkuNaRozvrh`,`typ_terminu`,`den`,`od`,`do`,`prio`,`poznamka`) VALUES (209,52,'vyhovující','Po','08:00:00.000000','14:50:00.000000','low','výjimky viz \"Nemohu učit\"');
INSERT INTO `terminyPozadavkuNaRozvrh` (`id`,`id_PozadavkuNaRozvrh`,`typ_terminu`,`den`,`od`,`do`,`prio`,`poznamka`) VALUES (210,52,'vyhovující','Út','08:00:00.000000','14:50:00.000000','low','výjimky viz \"Nemohu učit\"');
INSERT INTO `terminyPozadavkuNaRozvrh` (`id`,`id_PozadavkuNaRozvrh`,`typ_terminu`,`den`,`od`,`do`,`prio`,`poznamka`) VALUES (211,52,'vyhovující','St','08:00:00.000000','14:50:00.000000','low','výjimky viz \"Nemohu učit\"');
INSERT INTO `terminyPozadavkuNaRozvrh` (`id`,`id_PozadavkuNaRozvrh`,`typ_terminu`,`den`,`od`,`do`,`prio`,`poznamka`) VALUES (212,52,'vyhovující','Čt','08:00:00.000000','14:50:00.000000','low','výjimky viz \"Nemohu učit\"');
INSERT INTO `terminyPozadavkuNaRozvrh` (`id`,`id_PozadavkuNaRozvrh`,`typ_terminu`,`den`,`od`,`do`,`prio`,`poznamka`) VALUES (213,52,'vyhovující','Pá','08:00:00.000000','14:50:00.000000','low','výjimky viz \"Nemohu učit\"');
INSERT INTO `terminyPozadavkuNaRozvrh` (`id`,`id_PozadavkuNaRozvrh`,`typ_terminu`,`den`,`od`,`do`,`prio`,`poznamka`) VALUES (214,52,'nemožný','Po','07:00:00.000000','07:50:00.000000',NULL,'doprava syna do školy');
INSERT INTO `terminyPozadavkuNaRozvrh` (`id`,`id_PozadavkuNaRozvrh`,`typ_terminu`,`den`,`od`,`do`,`prio`,`poznamka`) VALUES (215,52,'nemožný','Út','07:00:00.000000','07:50:00.000000',NULL,'doprava syna do školy');
INSERT INTO `terminyPozadavkuNaRozvrh` (`id`,`id_PozadavkuNaRozvrh`,`typ_terminu`,`den`,`od`,`do`,`prio`,`poznamka`) VALUES (216,52,'nemožný','St','07:00:00.000000','07:50:00.000000',NULL,'doprava syna do školy');
INSERT INTO `terminyPozadavkuNaRozvrh` (`id`,`id_PozadavkuNaRozvrh`,`typ_terminu`,`den`,`od`,`do`,`prio`,`poznamka`) VALUES (217,52,'nemožný','Čt','07:00:00.000000','07:50:00.000000',NULL,'doprava syna do školy');
INSERT INTO `terminyPozadavkuNaRozvrh` (`id`,`id_PozadavkuNaRozvrh`,`typ_terminu`,`den`,`od`,`do`,`prio`,`poznamka`) VALUES (218,52,'nemožný','Pá','07:00:00.000000','07:50:00.000000',NULL,'doprava syna do školy');
INSERT INTO `terminyPozadavkuNaRozvrh` (`id`,`id_PozadavkuNaRozvrh`,`typ_terminu`,`den`,`od`,`do`,`prio`,`poznamka`) VALUES (219,52,'nemožný','Po','07:00:00.000000','20:50:00.000000',NULL,'prosím o bezkoliznost s rozvrhem IMP');
INSERT INTO `terminyPozadavkuNaRozvrh` (`id`,`id_PozadavkuNaRozvrh`,`typ_terminu`,`den`,`od`,`do`,`prio`,`poznamka`) VALUES (220,52,'nemožný','Út','07:00:00.000000','20:50:00.000000',NULL,'prosím o bezkoliznost s rozvrhem IMP');
INSERT INTO `terminyPozadavkuNaRozvrh` (`id`,`id_PozadavkuNaRozvrh`,`typ_terminu`,`den`,`od`,`do`,`prio`,`poznamka`) VALUES (221,52,'nemožný','St','07:00:00.000000','20:50:00.000000',NULL,'prosím o bezkoliznost s rozvrhem IMP');
INSERT INTO `terminyPozadavkuNaRozvrh` (`id`,`id_PozadavkuNaRozvrh`,`typ_terminu`,`den`,`od`,`do`,`prio`,`poznamka`) VALUES (222,52,'nemožný','Čt','07:00:00.000000','20:50:00.000000',NULL,'prosím o bezkoliznost s rozvrhem IMP');
INSERT INTO `terminyPozadavkuNaRozvrh` (`id`,`id_PozadavkuNaRozvrh`,`typ_terminu`,`den`,`od`,`do`,`prio`,`poznamka`) VALUES (223,52,'nemožný','Pá','07:00:00.000000','20:50:00.000000',NULL,'prosím o bezkoliznost s rozvrhem IMP');
INSERT INTO `terminyPozadavkuNaRozvrh` (`id`,`id_PozadavkuNaRozvrh`,`typ_terminu`,`den`,`od`,`do`,`prio`,`poznamka`) VALUES (224,52,'nemožný','Po','15:00:00.000000','15:50:00.000000',NULL,'doprava syna ze školy');
INSERT INTO `terminyPozadavkuNaRozvrh` (`id`,`id_PozadavkuNaRozvrh`,`typ_terminu`,`den`,`od`,`do`,`prio`,`poznamka`) VALUES (225,52,'nemožný','Út','15:00:00.000000','15:50:00.000000',NULL,'doprava syna ze školy');
INSERT INTO `terminyPozadavkuNaRozvrh` (`id`,`id_PozadavkuNaRozvrh`,`typ_terminu`,`den`,`od`,`do`,`prio`,`poznamka`) VALUES (226,52,'nemožný','St','15:00:00.000000','15:50:00.000000',NULL,'doprava syna ze školy');
INSERT INTO `terminyPozadavkuNaRozvrh` (`id`,`id_PozadavkuNaRozvrh`,`typ_terminu`,`den`,`od`,`do`,`prio`,`poznamka`) VALUES (227,52,'nemožný','Čt','15:00:00.000000','15:50:00.000000',NULL,'doprava syna ze školy');
INSERT INTO `terminyPozadavkuNaRozvrh` (`id`,`id_PozadavkuNaRozvrh`,`typ_terminu`,`den`,`od`,`do`,`prio`,`poznamka`) VALUES (228,52,'nemožný','Pá','15:00:00.000000','15:50:00.000000',NULL,'doprava syna ze školy');
INSERT INTO `terminyPozadavkuNaRozvrh` (`id`,`id_PozadavkuNaRozvrh`,`typ_terminu`,`den`,`od`,`do`,`prio`,`poznamka`) VALUES (229,52,'nemožný','Pá','13:00:00.000000','14:50:00.000000',NULL,'seminář ÚPSY');
INSERT INTO `terminyPozadavkuNaRozvrh` (`id`,`id_PozadavkuNaRozvrh`,`typ_terminu`,`den`,`od`,`do`,`prio`,`poznamka`) VALUES (230,53,'vyhovující','Po','07:00:00.000000','10:50:00.000000','low','Preferuji rána (klidně hned od 7 hodin)');
INSERT INTO `terminyPozadavkuNaRozvrh` (`id`,`id_PozadavkuNaRozvrh`,`typ_terminu`,`den`,`od`,`do`,`prio`,`poznamka`) VALUES (231,53,'vyhovující','Út','07:00:00.000000','10:50:00.000000','low','Preferuji rána (klidně hned od 7 hodin)');
INSERT INTO `terminyPozadavkuNaRozvrh` (`id`,`id_PozadavkuNaRozvrh`,`typ_terminu`,`den`,`od`,`do`,`prio`,`poznamka`) VALUES (232,53,'vyhovující','St','07:00:00.000000','10:50:00.000000','low','Preferuji rána (klidně hned od 7 hodin)');
INSERT INTO `terminyPozadavkuNaRozvrh` (`id`,`id_PozadavkuNaRozvrh`,`typ_terminu`,`den`,`od`,`do`,`prio`,`poznamka`) VALUES (233,53,'vyhovující','Čt','07:00:00.000000','10:50:00.000000','low','Preferuji rána (klidně hned od 7 hodin)');
INSERT INTO `terminyPozadavkuNaRozvrh` (`id`,`id_PozadavkuNaRozvrh`,`typ_terminu`,`den`,`od`,`do`,`prio`,`poznamka`) VALUES (234,53,'vyhovující','Pá','07:00:00.000000','10:50:00.000000','low','Preferuji rána (klidně hned od 7 hodin)');
INSERT INTO `terminyPozadavkuNaRozvrh` (`id`,`id_PozadavkuNaRozvrh`,`typ_terminu`,`den`,`od`,`do`,`prio`,`poznamka`) VALUES (235,53,'vyhovující','Út','07:00:00.000000','10:50:00.000000','low','');
INSERT INTO `terminyPozadavkuNaRozvrh` (`id`,`id_PozadavkuNaRozvrh`,`typ_terminu`,`den`,`od`,`do`,`prio`,`poznamka`) VALUES (236,53,'vyhovující','Út','12:00:00.000000','15:50:00.000000','low','');
INSERT INTO `terminyPozadavkuNaRozvrh` (`id`,`id_PozadavkuNaRozvrh`,`typ_terminu`,`den`,`od`,`do`,`prio`,`poznamka`) VALUES (237,53,'nemožný','Út','16:00:00.000000','20:50:00.000000',NULL,'');
INSERT INTO `terminyPozadavkuNaRozvrh` (`id`,`id_PozadavkuNaRozvrh`,`typ_terminu`,`den`,`od`,`do`,`prio`,`poznamka`) VALUES (238,53,'nemožný','Čt','09:00:00.000000','12:50:00.000000',NULL,'Kolegium děkana');
INSERT INTO `terminyPozadavkuNaRozvrh` (`id`,`id_PozadavkuNaRozvrh`,`typ_terminu`,`den`,`od`,`do`,`prio`,`poznamka`) VALUES (239,53,'nemožný','Čt','16:00:00.000000','20:50:00.000000',NULL,'');
INSERT INTO `terminyPozadavkuNaRozvrh` (`id`,`id_PozadavkuNaRozvrh`,`typ_terminu`,`den`,`od`,`do`,`prio`,`poznamka`) VALUES (240,54,'vyhovující','Po','10:00:00.000000','12:50:00.000000','low','');
INSERT INTO `terminyPozadavkuNaRozvrh` (`id`,`id_PozadavkuNaRozvrh`,`typ_terminu`,`den`,`od`,`do`,`prio`,`poznamka`) VALUES (241,54,'vyhovující','Út','08:00:00.000000','14:50:00.000000','low','Nejlépe 10:00-11:50');
INSERT INTO `terminyPozadavkuNaRozvrh` (`id`,`id_PozadavkuNaRozvrh`,`typ_terminu`,`den`,`od`,`do`,`prio`,`poznamka`) VALUES (242,54,'nemožný','Čt','07:00:00.000000','16:50:00.000000',NULL,'KD, semináře ÚITS, pracovní schůzky skupiny ISY');
INSERT INTO `terminyPozadavkuNaRozvrh` (`id`,`id_PozadavkuNaRozvrh`,`typ_terminu`,`den`,`od`,`do`,`prio`,`poznamka`) VALUES (243,56,'vyhovující','Po','09:00:00.000000','19:50:00.000000','low','');
INSERT INTO `terminyPozadavkuNaRozvrh` (`id`,`id_PozadavkuNaRozvrh`,`typ_terminu`,`den`,`od`,`do`,`prio`,`poznamka`) VALUES (244,56,'vyhovující','Út','09:00:00.000000','19:50:00.000000','low','');
INSERT INTO `terminyPozadavkuNaRozvrh` (`id`,`id_PozadavkuNaRozvrh`,`typ_terminu`,`den`,`od`,`do`,`prio`,`poznamka`) VALUES (245,56,'vyhovující','St','09:00:00.000000','19:50:00.000000','low','');
INSERT INTO `terminyPozadavkuNaRozvrh` (`id`,`id_PozadavkuNaRozvrh`,`typ_terminu`,`den`,`od`,`do`,`prio`,`poznamka`) VALUES (246,56,'vyhovující','Čt','09:00:00.000000','19:50:00.000000','low','');
INSERT INTO `terminyPozadavkuNaRozvrh` (`id`,`id_PozadavkuNaRozvrh`,`typ_terminu`,`den`,`od`,`do`,`prio`,`poznamka`) VALUES (247,57,'vyhovující','St','10:00:00.000000','11:50:00.000000','low','');
INSERT INTO `terminyPozadavkuNaRozvrh` (`id`,`id_PozadavkuNaRozvrh`,`typ_terminu`,`den`,`od`,`do`,`prio`,`poznamka`) VALUES (248,58,'vyhovující','St','14:00:00.000000','16:50:00.000000','low','Pokud možno ponechat mezeru po konání -- některé semináře bývají delší.');
INSERT INTO `terminyPozadavkuNaRozvrh` (`id`,`id_PozadavkuNaRozvrh`,`typ_terminu`,`den`,`od`,`do`,`prio`,`poznamka`) VALUES (249,59,'nemožný','Po','07:00:00.000000','07:50:00.000000',NULL,'Vozím děti do školy');
INSERT INTO `terminyPozadavkuNaRozvrh` (`id`,`id_PozadavkuNaRozvrh`,`typ_terminu`,`den`,`od`,`do`,`prio`,`poznamka`) VALUES (250,59,'nemožný','Út','07:00:00.000000','07:50:00.000000',NULL,'Vozím děti do školy');
INSERT INTO `terminyPozadavkuNaRozvrh` (`id`,`id_PozadavkuNaRozvrh`,`typ_terminu`,`den`,`od`,`do`,`prio`,`poznamka`) VALUES (251,59,'nemožný','St','07:00:00.000000','07:50:00.000000',NULL,'Vozím děti do školy');
INSERT INTO `terminyPozadavkuNaRozvrh` (`id`,`id_PozadavkuNaRozvrh`,`typ_terminu`,`den`,`od`,`do`,`prio`,`poznamka`) VALUES (252,59,'nemožný','Čt','07:00:00.000000','07:50:00.000000',NULL,'Vozím děti do školy');
INSERT INTO `terminyPozadavkuNaRozvrh` (`id`,`id_PozadavkuNaRozvrh`,`typ_terminu`,`den`,`od`,`do`,`prio`,`poznamka`) VALUES (253,59,'nemožný','Pá','07:00:00.000000','07:50:00.000000',NULL,'Vozím děti do školy');
INSERT INTO `terminyPozadavkuNaRozvrh` (`id`,`id_PozadavkuNaRozvrh`,`typ_terminu`,`den`,`od`,`do`,`prio`,`poznamka`) VALUES (254,59,'nemožný','Út','07:00:00.000000','11:50:00.000000',NULL,'meetingy');
INSERT INTO `terminyPozadavkuNaRozvrh` (`id`,`id_PozadavkuNaRozvrh`,`typ_terminu`,`den`,`od`,`do`,`prio`,`poznamka`) VALUES (255,60,'vyhovující','Po','13:00:00.000000','18:50:00.000000','low','Byl bych pouze rád, aby přednáška TIN zůstala v pondělním odpoledním rozvrhu, případně i jiný den, ale odpoledne.');
INSERT INTO `terminyPozadavkuNaRozvrh` (`id`,`id_PozadavkuNaRozvrh`,`typ_terminu`,`den`,`od`,`do`,`prio`,`poznamka`) VALUES (256,61,'nemožný','Pá','07:00:00.000000','20:50:00.000000',NULL,'');
INSERT INTO `terminyPozadavkuNaRozvrh` (`id`,`id_PozadavkuNaRozvrh`,`typ_terminu`,`den`,`od`,`do`,`prio`,`poznamka`) VALUES (257,62,'vyhovující','Po','10:00:00.000000','12:50:00.000000','low','Pokud by rozvrh pro IAL, IFJ a ZZN mohl zůstat stejný jako loni, bylo by to asi ideální.');
INSERT INTO `terminyPozadavkuNaRozvrh` (`id`,`id_PozadavkuNaRozvrh`,`typ_terminu`,`den`,`od`,`do`,`prio`,`poznamka`) VALUES (258,63,'vyhovující','Po','10:00:00.000000','12:50:00.000000','low','jako vloni');
INSERT INTO `terminyPozadavkuNaRozvrh` (`id`,`id_PozadavkuNaRozvrh`,`typ_terminu`,`den`,`od`,`do`,`prio`,`poznamka`) VALUES (259,63,'nemožný','Po','07:00:00.000000','09:50:00.000000',NULL,'');
INSERT INTO `terminyPozadavkuNaRozvrh` (`id`,`id_PozadavkuNaRozvrh`,`typ_terminu`,`den`,`od`,`do`,`prio`,`poznamka`) VALUES (260,63,'nemožný','Út','07:00:00.000000','09:50:00.000000',NULL,'');
INSERT INTO `terminyPozadavkuNaRozvrh` (`id`,`id_PozadavkuNaRozvrh`,`typ_terminu`,`den`,`od`,`do`,`prio`,`poznamka`) VALUES (261,63,'nemožný','St','07:00:00.000000','14:50:00.000000',NULL,'věd. rady');
INSERT INTO `terminyPozadavkuNaRozvrh` (`id`,`id_PozadavkuNaRozvrh`,`typ_terminu`,`den`,`od`,`do`,`prio`,`poznamka`) VALUES (262,63,'nemožný','Čt','07:00:00.000000','12:50:00.000000',NULL,'věd. rady');
INSERT INTO `terminyPozadavkuNaRozvrh` (`id`,`id_PozadavkuNaRozvrh`,`typ_terminu`,`den`,`od`,`do`,`prio`,`poznamka`) VALUES (263,64,'vyhovující','Po','08:00:00.000000','15:50:00.000000','medium','');
INSERT INTO `terminyPozadavkuNaRozvrh` (`id`,`id_PozadavkuNaRozvrh`,`typ_terminu`,`den`,`od`,`do`,`prio`,`poznamka`) VALUES (264,64,'vyhovující','Út','08:00:00.000000','15:50:00.000000','medium','');
INSERT INTO `terminyPozadavkuNaRozvrh` (`id`,`id_PozadavkuNaRozvrh`,`typ_terminu`,`den`,`od`,`do`,`prio`,`poznamka`) VALUES (265,64,'vyhovující','St','08:00:00.000000','15:50:00.000000','medium','');
INSERT INTO `terminyPozadavkuNaRozvrh` (`id`,`id_PozadavkuNaRozvrh`,`typ_terminu`,`den`,`od`,`do`,`prio`,`poznamka`) VALUES (266,64,'vyhovující','Čt','08:00:00.000000','15:50:00.000000','medium','');
INSERT INTO `terminyPozadavkuNaRozvrh` (`id`,`id_PozadavkuNaRozvrh`,`typ_terminu`,`den`,`od`,`do`,`prio`,`poznamka`) VALUES (267,64,'vyhovující','Pá','08:00:00.000000','15:50:00.000000','medium','');
INSERT INTO `terminyPozadavkuNaRozvrh` (`id`,`id_PozadavkuNaRozvrh`,`typ_terminu`,`den`,`od`,`do`,`prio`,`poznamka`) VALUES (268,65,'vyhovující','Po','09:00:00.000000','16:50:00.000000','high','');
INSERT INTO `terminyPozadavkuNaRozvrh` (`id`,`id_PozadavkuNaRozvrh`,`typ_terminu`,`den`,`od`,`do`,`prio`,`poznamka`) VALUES (269,65,'vyhovující','Út','09:00:00.000000','13:50:00.000000','medium','');
INSERT INTO `terminyPozadavkuNaRozvrh` (`id`,`id_PozadavkuNaRozvrh`,`typ_terminu`,`den`,`od`,`do`,`prio`,`poznamka`) VALUES (270,66,'nemožný','Pá','07:00:00.000000','20:50:00.000000',NULL,'');
INSERT INTO `terminyPozadavkuNaRozvrh` (`id`,`id_PozadavkuNaRozvrh`,`typ_terminu`,`den`,`od`,`do`,`prio`,`poznamka`) VALUES (271,67,'vyhovující','Po','08:00:00.000000','16:50:00.000000','medium','');
INSERT INTO `terminyPozadavkuNaRozvrh` (`id`,`id_PozadavkuNaRozvrh`,`typ_terminu`,`den`,`od`,`do`,`prio`,`poznamka`) VALUES (272,67,'vyhovující','Út','08:00:00.000000','16:50:00.000000','medium','');
INSERT INTO `terminyPozadavkuNaRozvrh` (`id`,`id_PozadavkuNaRozvrh`,`typ_terminu`,`den`,`od`,`do`,`prio`,`poznamka`) VALUES (273,67,'vyhovující','St','08:00:00.000000','16:50:00.000000','medium','');
INSERT INTO `terminyPozadavkuNaRozvrh` (`id`,`id_PozadavkuNaRozvrh`,`typ_terminu`,`den`,`od`,`do`,`prio`,`poznamka`) VALUES (274,67,'vyhovující','Čt','08:00:00.000000','16:50:00.000000','medium','');
INSERT INTO `terminyPozadavkuNaRozvrh` (`id`,`id_PozadavkuNaRozvrh`,`typ_terminu`,`den`,`od`,`do`,`prio`,`poznamka`) VALUES (275,67,'vyhovující','Pá','08:00:00.000000','16:50:00.000000','medium','');
INSERT INTO `terminyPozadavkuNaRozvrh` (`id`,`id_PozadavkuNaRozvrh`,`typ_terminu`,`den`,`od`,`do`,`prio`,`poznamka`) VALUES (276,67,'nemožný','Pá','07:00:00.000000','20:50:00.000000',NULL,'');
INSERT INTO `terminyPozadavkuNaRozvrh` (`id`,`id_PozadavkuNaRozvrh`,`typ_terminu`,`den`,`od`,`do`,`prio`,`poznamka`) VALUES (277,68,'nemožný','Út','13:00:00.000000','15:50:00.000000',NULL,'Senát');
INSERT INTO `terminyPozadavkuNaRozvrh` (`id`,`id_PozadavkuNaRozvrh`,`typ_terminu`,`den`,`od`,`do`,`prio`,`poznamka`) VALUES (278,68,'nemožný','Čt','09:00:00.000000','11:50:00.000000',NULL,'kolegium děkana');
INSERT INTO `terminyPozadavkuNaRozvrh` (`id`,`id_PozadavkuNaRozvrh`,`typ_terminu`,`den`,`od`,`do`,`prio`,`poznamka`) VALUES (279,68,'nemožný','Pá','12:00:00.000000','14:50:00.000000',NULL,'seminář UPSY, schůzky');
INSERT INTO `terminyPozadavkuNaRozvrh` (`id`,`id_PozadavkuNaRozvrh`,`typ_terminu`,`den`,`od`,`do`,`prio`,`poznamka`) VALUES (280,69,'vyhovující','Út','10:00:00.000000','13:50:00.000000','medium','nebo pondělí, středa, čtvrtek, ne v době BIN předmětu');
INSERT INTO `terminyPozadavkuNaRozvrh` (`id`,`id_PozadavkuNaRozvrh`,`typ_terminu`,`den`,`od`,`do`,`prio`,`poznamka`) VALUES (281,69,'nemožný','Pá','07:00:00.000000','17:50:00.000000',NULL,'');
INSERT INTO `terminyPozadavkuNaRozvrh` (`id`,`id_PozadavkuNaRozvrh`,`typ_terminu`,`den`,`od`,`do`,`prio`,`poznamka`) VALUES (282,70,'nemožný','Po','07:00:00.000000','09:50:00.000000',NULL,'');
INSERT INTO `terminyPozadavkuNaRozvrh` (`id`,`id_PozadavkuNaRozvrh`,`typ_terminu`,`den`,`od`,`do`,`prio`,`poznamka`) VALUES (283,70,'nemožný','Út','07:00:00.000000','09:50:00.000000',NULL,'');
INSERT INTO `terminyPozadavkuNaRozvrh` (`id`,`id_PozadavkuNaRozvrh`,`typ_terminu`,`den`,`od`,`do`,`prio`,`poznamka`) VALUES (284,70,'nemožný','St','07:00:00.000000','09:50:00.000000',NULL,'');
INSERT INTO `terminyPozadavkuNaRozvrh` (`id`,`id_PozadavkuNaRozvrh`,`typ_terminu`,`den`,`od`,`do`,`prio`,`poznamka`) VALUES (285,71,'vyhovující','Čt','13:00:00.000000','18:50:00.000000','high','');
INSERT INTO `terminyPozadavkuNaRozvrh` (`id`,`id_PozadavkuNaRozvrh`,`typ_terminu`,`den`,`od`,`do`,`prio`,`poznamka`) VALUES (286,72,'vyhovující','Po','12:00:00.000000','15:50:00.000000','medium','V tomto okně, bylo to tak i letos');
INSERT INTO `terminyPozadavkuNaRozvrh` (`id`,`id_PozadavkuNaRozvrh`,`typ_terminu`,`den`,`od`,`do`,`prio`,`poznamka`) VALUES (287,72,'nemožný','Po','07:00:00.000000','10:50:00.000000',NULL,'často mimo FIT');
INSERT INTO `terminyPozadavkuNaRozvrh` (`id`,`id_PozadavkuNaRozvrh`,`typ_terminu`,`den`,`od`,`do`,`prio`,`poznamka`) VALUES (288,72,'nemožný','Po','16:00:00.000000','18:50:00.000000',NULL,'často mimo FIT');
INSERT INTO `terminyPozadavkuNaRozvrh` (`id`,`id_PozadavkuNaRozvrh`,`typ_terminu`,`den`,`od`,`do`,`prio`,`poznamka`) VALUES (289,72,'nemožný','Út','07:00:00.000000','09:50:00.000000',NULL,'často mimo FIT');
INSERT INTO `terminyPozadavkuNaRozvrh` (`id`,`id_PozadavkuNaRozvrh`,`typ_terminu`,`den`,`od`,`do`,`prio`,`poznamka`) VALUES (290,72,'nemožný','Út','13:00:00.000000','17:50:00.000000',NULL,'senát FIT');
INSERT INTO `terminyPozadavkuNaRozvrh` (`id`,`id_PozadavkuNaRozvrh`,`typ_terminu`,`den`,`od`,`do`,`prio`,`poznamka`) VALUES (291,72,'nemožný','St','07:00:00.000000','10:50:00.000000',NULL,'často mimo FIT');
INSERT INTO `terminyPozadavkuNaRozvrh` (`id`,`id_PozadavkuNaRozvrh`,`typ_terminu`,`den`,`od`,`do`,`prio`,`poznamka`) VALUES (292,72,'nemožný','Čt','08:00:00.000000','11:50:00.000000',NULL,'kolegium děkana');
INSERT INTO `terminyPozadavkuNaRozvrh` (`id`,`id_PozadavkuNaRozvrh`,`typ_terminu`,`den`,`od`,`do`,`prio`,`poznamka`) VALUES (293,72,'nemožný','Pá','07:00:00.000000','09:50:00.000000',NULL,'často mimo FIT');
INSERT INTO `terminyPozadavkuNaRozvrh` (`id`,`id_PozadavkuNaRozvrh`,`typ_terminu`,`den`,`od`,`do`,`prio`,`poznamka`) VALUES (294,73,'vyhovující','Út','09:00:00.000000','11:50:00.000000','medium','');
INSERT INTO `terminyPozadavkuNaRozvrh` (`id`,`id_PozadavkuNaRozvrh`,`typ_terminu`,`den`,`od`,`do`,`prio`,`poznamka`) VALUES (295,75,'vyhovující','St','16:00:00.000000','17:50:00.000000','low','');
INSERT INTO `terminyPozadavkuNaRozvrh` (`id`,`id_PozadavkuNaRozvrh`,`typ_terminu`,`den`,`od`,`do`,`prio`,`poznamka`) VALUES (296,75,'nemožný','Po','08:00:00.000000','10:50:00.000000',NULL,'Schůzky k projektům');
INSERT INTO `terminyPozadavkuNaRozvrh` (`id`,`id_PozadavkuNaRozvrh`,`typ_terminu`,`den`,`od`,`do`,`prio`,`poznamka`) VALUES (297,76,'nemožný','Po','07:00:00.000000','08:50:00.000000',NULL,'');
INSERT INTO `terminyPozadavkuNaRozvrh` (`id`,`id_PozadavkuNaRozvrh`,`typ_terminu`,`den`,`od`,`do`,`prio`,`poznamka`) VALUES (298,76,'nemožný','Út','07:00:00.000000','08:50:00.000000',NULL,'');
INSERT INTO `terminyPozadavkuNaRozvrh` (`id`,`id_PozadavkuNaRozvrh`,`typ_terminu`,`den`,`od`,`do`,`prio`,`poznamka`) VALUES (299,76,'nemožný','St','07:00:00.000000','08:50:00.000000',NULL,'');
INSERT INTO `terminyPozadavkuNaRozvrh` (`id`,`id_PozadavkuNaRozvrh`,`typ_terminu`,`den`,`od`,`do`,`prio`,`poznamka`) VALUES (300,76,'nemožný','Čt','07:00:00.000000','08:50:00.000000',NULL,'');
INSERT INTO `terminyPozadavkuNaRozvrh` (`id`,`id_PozadavkuNaRozvrh`,`typ_terminu`,`den`,`od`,`do`,`prio`,`poznamka`) VALUES (301,76,'nemožný','Pá','07:00:00.000000','08:50:00.000000',NULL,'');
INSERT INTO `terminyPozadavkuNaRozvrh` (`id`,`id_PozadavkuNaRozvrh`,`typ_terminu`,`den`,`od`,`do`,`prio`,`poznamka`) VALUES (302,77,'nemožný','St','07:00:00.000000','14:50:00.000000',NULL,'J. Zendulka - věd. rady');
INSERT INTO `terminyPozadavkuNaRozvrh` (`id`,`id_PozadavkuNaRozvrh`,`typ_terminu`,`den`,`od`,`do`,`prio`,`poznamka`) VALUES (303,77,'nemožný','Čt','07:00:00.000000','13:50:00.000000',NULL,'J. Zendulka - věd. rady');
INSERT INTO `terminyPozadavkuNaRozvrh` (`id`,`id_PozadavkuNaRozvrh`,`typ_terminu`,`den`,`od`,`do`,`prio`,`poznamka`) VALUES (304,77,'nemožný','Pá','07:00:00.000000','10:50:00.000000',NULL,'J. Zendulka - angličtina');
INSERT INTO `terminyPozadavkuNaRozvrh` (`id`,`id_PozadavkuNaRozvrh`,`typ_terminu`,`den`,`od`,`do`,`prio`,`poznamka`) VALUES (305,78,'nemožný','Út','07:00:00.000000','20:50:00.000000',NULL,'komise RVŠ (není nezbytně nutné)');
INSERT INTO `terminyPozadavkuNaRozvrh` (`id`,`id_PozadavkuNaRozvrh`,`typ_terminu`,`den`,`od`,`do`,`prio`,`poznamka`) VALUES (306,78,'nemožný','Čt','07:00:00.000000','20:50:00.000000',NULL,'Sněm RVŠ, komise RVŠ, Seminář UITS');
INSERT INTO `terminyPozadavkuNaRozvrh` (`id`,`id_PozadavkuNaRozvrh`,`typ_terminu`,`den`,`od`,`do`,`prio`,`poznamka`) VALUES (307,79,'nemožný','Po','07:00:00.000000','08:50:00.000000',NULL,'');
INSERT INTO `terminyPozadavkuNaRozvrh` (`id`,`id_PozadavkuNaRozvrh`,`typ_terminu`,`den`,`od`,`do`,`prio`,`poznamka`) VALUES (308,79,'nemožný','Út','07:00:00.000000','08:50:00.000000',NULL,'');
INSERT INTO `terminyPozadavkuNaRozvrh` (`id`,`id_PozadavkuNaRozvrh`,`typ_terminu`,`den`,`od`,`do`,`prio`,`poznamka`) VALUES (309,79,'nemožný','St','07:00:00.000000','08:50:00.000000',NULL,'');
INSERT INTO `terminyPozadavkuNaRozvrh` (`id`,`id_PozadavkuNaRozvrh`,`typ_terminu`,`den`,`od`,`do`,`prio`,`poznamka`) VALUES (310,79,'nemožný','Čt','07:00:00.000000','08:50:00.000000',NULL,'');
INSERT INTO `terminyPozadavkuNaRozvrh` (`id`,`id_PozadavkuNaRozvrh`,`typ_terminu`,`den`,`od`,`do`,`prio`,`poznamka`) VALUES (311,79,'nemožný','Pá','07:00:00.000000','08:50:00.000000',NULL,'');
INSERT INTO `terminyPozadavkuNaRozvrh` (`id`,`id_PozadavkuNaRozvrh`,`typ_terminu`,`den`,`od`,`do`,`prio`,`poznamka`) VALUES (312,80,'nemožný','Po','13:00:00.000000','14:50:00.000000',NULL,'speech meeting');
INSERT INTO `terminyPozadavkuNaRozvrh` (`id`,`id_PozadavkuNaRozvrh`,`typ_terminu`,`den`,`od`,`do`,`prio`,`poznamka`) VALUES (313,81,'vyhovující','Po','08:00:00.000000','09:50:00.000000','high','');
INSERT INTO `terminyPozadavkuNaRozvrh` (`id`,`id_PozadavkuNaRozvrh`,`typ_terminu`,`den`,`od`,`do`,`prio`,`poznamka`) VALUES (314,82,'vyhovující','Po','13:00:00.000000','14:50:00.000000','high','');
INSERT INTO `terminyPozadavkuNaRozvrh` (`id`,`id_PozadavkuNaRozvrh`,`typ_terminu`,`den`,`od`,`do`,`prio`,`poznamka`) VALUES (315,83,'vyhovující','Po','08:00:00.000000','17:50:00.000000','medium','');
INSERT INTO `terminyPozadavkuNaRozvrh` (`id`,`id_PozadavkuNaRozvrh`,`typ_terminu`,`den`,`od`,`do`,`prio`,`poznamka`) VALUES (316,83,'vyhovující','Út','08:00:00.000000','17:50:00.000000','medium','');
INSERT INTO `terminyPozadavkuNaRozvrh` (`id`,`id_PozadavkuNaRozvrh`,`typ_terminu`,`den`,`od`,`do`,`prio`,`poznamka`) VALUES (317,83,'vyhovující','St','08:00:00.000000','17:50:00.000000','medium','');
INSERT INTO `terminyPozadavkuNaRozvrh` (`id`,`id_PozadavkuNaRozvrh`,`typ_terminu`,`den`,`od`,`do`,`prio`,`poznamka`) VALUES (318,83,'vyhovující','Čt','08:00:00.000000','17:50:00.000000','medium','');
INSERT INTO `terminyPozadavkuNaRozvrh` (`id`,`id_PozadavkuNaRozvrh`,`typ_terminu`,`den`,`od`,`do`,`prio`,`poznamka`) VALUES (319,83,'vyhovující','Pá','08:00:00.000000','17:50:00.000000','medium','');
INSERT INTO `terminyPozadavkuNaRozvrh` (`id`,`id_PozadavkuNaRozvrh`,`typ_terminu`,`den`,`od`,`do`,`prio`,`poznamka`) VALUES (320,83,'nemožný','Pá','07:00:00.000000','20:50:00.000000',NULL,'');
INSERT INTO `terminyPozadavkuNaRozvrh` (`id`,`id_PozadavkuNaRozvrh`,`typ_terminu`,`den`,`od`,`do`,`prio`,`poznamka`) VALUES (321,84,'vyhovující','St','09:00:00.000000','11:50:00.000000','high','Ranní skupina');
INSERT INTO `terminyPozadavkuNaRozvrh` (`id`,`id_PozadavkuNaRozvrh`,`typ_terminu`,`den`,`od`,`do`,`prio`,`poznamka`) VALUES (322,84,'vyhovující','St','14:00:00.000000','16:50:00.000000','high','Odpolední skupina');
INSERT INTO `terminyPozadavkuNaRozvrh` (`id`,`id_PozadavkuNaRozvrh`,`typ_terminu`,`den`,`od`,`do`,`prio`,`poznamka`) VALUES (323,84,'nemožný','Čt','09:00:00.000000','11:50:00.000000',NULL,'Kolegium děkana');
INSERT INTO `terminyPozadavkuNaRozvrh` (`id`,`id_PozadavkuNaRozvrh`,`typ_terminu`,`den`,`od`,`do`,`prio`,`poznamka`) VALUES (324,85,'vyhovující','Po','09:00:00.000000','16:50:00.000000','medium','');
INSERT INTO `terminyPozadavkuNaRozvrh` (`id`,`id_PozadavkuNaRozvrh`,`typ_terminu`,`den`,`od`,`do`,`prio`,`poznamka`) VALUES (325,85,'vyhovující','Út','09:00:00.000000','16:50:00.000000','medium','');
INSERT INTO `terminyPozadavkuNaRozvrh` (`id`,`id_PozadavkuNaRozvrh`,`typ_terminu`,`den`,`od`,`do`,`prio`,`poznamka`) VALUES (326,85,'vyhovující','St','09:00:00.000000','16:50:00.000000','medium','');
INSERT INTO `terminyPozadavkuNaRozvrh` (`id`,`id_PozadavkuNaRozvrh`,`typ_terminu`,`den`,`od`,`do`,`prio`,`poznamka`) VALUES (327,85,'vyhovující','Čt','09:00:00.000000','16:50:00.000000','medium','');
INSERT INTO `terminyPozadavkuNaRozvrh` (`id`,`id_PozadavkuNaRozvrh`,`typ_terminu`,`den`,`od`,`do`,`prio`,`poznamka`) VALUES (328,85,'vyhovující','Pá','09:00:00.000000','16:50:00.000000','medium','');
INSERT INTO `terminyPozadavkuNaRozvrh` (`id`,`id_PozadavkuNaRozvrh`,`typ_terminu`,`den`,`od`,`do`,`prio`,`poznamka`) VALUES (329,85,'nemožný','Po','07:00:00.000000','08:50:00.000000',NULL,'');
INSERT INTO `terminyPozadavkuNaRozvrh` (`id`,`id_PozadavkuNaRozvrh`,`typ_terminu`,`den`,`od`,`do`,`prio`,`poznamka`) VALUES (330,85,'nemožný','Út','07:00:00.000000','08:50:00.000000',NULL,'');
INSERT INTO `terminyPozadavkuNaRozvrh` (`id`,`id_PozadavkuNaRozvrh`,`typ_terminu`,`den`,`od`,`do`,`prio`,`poznamka`) VALUES (331,85,'nemožný','St','07:00:00.000000','08:50:00.000000',NULL,'');
INSERT INTO `terminyPozadavkuNaRozvrh` (`id`,`id_PozadavkuNaRozvrh`,`typ_terminu`,`den`,`od`,`do`,`prio`,`poznamka`) VALUES (332,85,'nemožný','Čt','07:00:00.000000','08:50:00.000000',NULL,'');
INSERT INTO `terminyPozadavkuNaRozvrh` (`id`,`id_PozadavkuNaRozvrh`,`typ_terminu`,`den`,`od`,`do`,`prio`,`poznamka`) VALUES (333,85,'nemožný','Pá','07:00:00.000000','08:50:00.000000',NULL,'');
INSERT INTO `terminyPozadavkuNaRozvrh` (`id`,`id_PozadavkuNaRozvrh`,`typ_terminu`,`den`,`od`,`do`,`prio`,`poznamka`) VALUES (334,86,'vyhovující','Út','10:00:00.000000','12:50:00.000000','medium','První půlka');
INSERT INTO `terminyPozadavkuNaRozvrh` (`id`,`id_PozadavkuNaRozvrh`,`typ_terminu`,`den`,`od`,`do`,`prio`,`poznamka`) VALUES (335,86,'vyhovující','St','11:00:00.000000','13:50:00.000000','medium','Druhá půlka');
INSERT INTO `terminyPozadavkuNaRozvrh` (`id`,`id_PozadavkuNaRozvrh`,`typ_terminu`,`den`,`od`,`do`,`prio`,`poznamka`) VALUES (336,86,'nemožný','Po','07:00:00.000000','10:50:00.000000',NULL,'často mimo FIT');
INSERT INTO `terminyPozadavkuNaRozvrh` (`id`,`id_PozadavkuNaRozvrh`,`typ_terminu`,`den`,`od`,`do`,`prio`,`poznamka`) VALUES (337,86,'nemožný','Po','16:00:00.000000','18:50:00.000000',NULL,'často mimo FIT');
INSERT INTO `terminyPozadavkuNaRozvrh` (`id`,`id_PozadavkuNaRozvrh`,`typ_terminu`,`den`,`od`,`do`,`prio`,`poznamka`) VALUES (338,86,'nemožný','Út','07:00:00.000000','09:50:00.000000',NULL,'často mimo FIT');
INSERT INTO `terminyPozadavkuNaRozvrh` (`id`,`id_PozadavkuNaRozvrh`,`typ_terminu`,`den`,`od`,`do`,`prio`,`poznamka`) VALUES (339,86,'nemožný','Út','13:00:00.000000','17:50:00.000000',NULL,'senát FIT');
INSERT INTO `terminyPozadavkuNaRozvrh` (`id`,`id_PozadavkuNaRozvrh`,`typ_terminu`,`den`,`od`,`do`,`prio`,`poznamka`) VALUES (340,86,'nemožný','St','07:00:00.000000','10:50:00.000000',NULL,'často mimo FIT');
INSERT INTO `terminyPozadavkuNaRozvrh` (`id`,`id_PozadavkuNaRozvrh`,`typ_terminu`,`den`,`od`,`do`,`prio`,`poznamka`) VALUES (341,86,'nemožný','Čt','08:00:00.000000','11:50:00.000000',NULL,'kolegium děkana');
INSERT INTO `terminyPozadavkuNaRozvrh` (`id`,`id_PozadavkuNaRozvrh`,`typ_terminu`,`den`,`od`,`do`,`prio`,`poznamka`) VALUES (342,86,'nemožný','Pá','07:00:00.000000','09:50:00.000000',NULL,'často mimo FIT');
INSERT INTO `terminyPozadavkuNaRozvrh` (`id`,`id_PozadavkuNaRozvrh`,`typ_terminu`,`den`,`od`,`do`,`prio`,`poznamka`) VALUES (343,87,'vyhovující','Čt','09:00:00.000000','10:50:00.000000','medium','');
INSERT INTO `terminyPozadavkuNaRozvrh` (`id`,`id_PozadavkuNaRozvrh`,`typ_terminu`,`den`,`od`,`do`,`prio`,`poznamka`) VALUES (344,88,'vyhovující','Po','09:00:00.000000','18:50:00.000000','high','Přednáška v jakýkoliv jiný den mi posouvá cvičení o týden (Velikonoční pondělí nebude problém)');
INSERT INTO `terminyPozadavkuNaRozvrh` (`id`,`id_PozadavkuNaRozvrh`,`typ_terminu`,`den`,`od`,`do`,`prio`,`poznamka`) VALUES (345,88,'nemožný','Čt','10:00:00.000000','16:50:00.000000',NULL,'Jednání STRaDe');
INSERT INTO `terminyPozadavkuNaRozvrh` (`id`,`id_PozadavkuNaRozvrh`,`typ_terminu`,`den`,`od`,`do`,`prio`,`poznamka`) VALUES (346,89,'vyhovující','Út','11:00:00.000000','12:50:00.000000','medium','');
INSERT INTO `terminyPozadavkuNaRozvrh` (`id`,`id_PozadavkuNaRozvrh`,`typ_terminu`,`den`,`od`,`do`,`prio`,`poznamka`) VALUES (347,89,'nemožný','Po','07:00:00.000000','20:50:00.000000',NULL,'');
INSERT INTO `terminyPozadavkuNaRozvrh` (`id`,`id_PozadavkuNaRozvrh`,`typ_terminu`,`den`,`od`,`do`,`prio`,`poznamka`) VALUES (348,89,'nemožný','Pá','07:00:00.000000','20:50:00.000000',NULL,'');
INSERT INTO `terminyPozadavkuNaRozvrh` (`id`,`id_PozadavkuNaRozvrh`,`typ_terminu`,`den`,`od`,`do`,`prio`,`poznamka`) VALUES (349,90,'vyhovující','Po','09:00:00.000000','14:50:00.000000','medium','nepravidelný požadavek, babysitting');
INSERT INTO `terminyPozadavkuNaRozvrh` (`id`,`id_PozadavkuNaRozvrh`,`typ_terminu`,`den`,`od`,`do`,`prio`,`poznamka`) VALUES (350,90,'vyhovující','Út','09:00:00.000000','14:50:00.000000','medium','nepravidelný požadavek, babysitting');
INSERT INTO `terminyPozadavkuNaRozvrh` (`id`,`id_PozadavkuNaRozvrh`,`typ_terminu`,`den`,`od`,`do`,`prio`,`poznamka`) VALUES (351,90,'vyhovující','St','09:00:00.000000','14:50:00.000000','medium','nepravidelný požadavek, babysitting');
INSERT INTO `terminyPozadavkuNaRozvrh` (`id`,`id_PozadavkuNaRozvrh`,`typ_terminu`,`den`,`od`,`do`,`prio`,`poznamka`) VALUES (352,90,'vyhovující','Čt','09:00:00.000000','14:50:00.000000','medium','nepravidelný požadavek, babysitting');
INSERT INTO `terminyPozadavkuNaRozvrh` (`id`,`id_PozadavkuNaRozvrh`,`typ_terminu`,`den`,`od`,`do`,`prio`,`poznamka`) VALUES (353,90,'vyhovující','Pá','09:00:00.000000','14:50:00.000000','medium','nepravidelný požadavek, babysitting');
INSERT INTO `terminyPozadavkuNaRozvrh` (`id`,`id_PozadavkuNaRozvrh`,`typ_terminu`,`den`,`od`,`do`,`prio`,`poznamka`) VALUES (354,91,'vyhovující','Po','09:00:00.000000','17:50:00.000000','low','platí pro všechny dny v týdnu vyjma překážek uvedených níže');
INSERT INTO `terminyPozadavkuNaRozvrh` (`id`,`id_PozadavkuNaRozvrh`,`typ_terminu`,`den`,`od`,`do`,`prio`,`poznamka`) VALUES (355,91,'nemožný','Út','12:00:00.000000','14:50:00.000000',NULL,'AS FIT');
INSERT INTO `terminyPozadavkuNaRozvrh` (`id`,`id_PozadavkuNaRozvrh`,`typ_terminu`,`den`,`od`,`do`,`prio`,`poznamka`) VALUES (356,91,'nemožný','Čt','07:00:00.000000','12:50:00.000000',NULL,'KD');
INSERT INTO `terminyPozadavkuNaRozvrh` (`id`,`id_PozadavkuNaRozvrh`,`typ_terminu`,`den`,`od`,`do`,`prio`,`poznamka`) VALUES (357,92,'vyhovující','Út','08:00:00.000000','09:50:00.000000','low','');
INSERT INTO `terminyPozadavkuNaRozvrh` (`id`,`id_PozadavkuNaRozvrh`,`typ_terminu`,`den`,`od`,`do`,`prio`,`poznamka`) VALUES (358,93,'vyhovující','Út','09:00:00.000000','17:50:00.000000','medium','');
INSERT INTO `terminyPozadavkuNaRozvrh` (`id`,`id_PozadavkuNaRozvrh`,`typ_terminu`,`den`,`od`,`do`,`prio`,`poznamka`) VALUES (359,93,'vyhovující','St','09:00:00.000000','17:50:00.000000','medium','');
INSERT INTO `terminyPozadavkuNaRozvrh` (`id`,`id_PozadavkuNaRozvrh`,`typ_terminu`,`den`,`od`,`do`,`prio`,`poznamka`) VALUES (360,93,'vyhovující','Čt','09:00:00.000000','17:50:00.000000','medium','');
INSERT INTO `terminyPozadavkuNaRozvrh` (`id`,`id_PozadavkuNaRozvrh`,`typ_terminu`,`den`,`od`,`do`,`prio`,`poznamka`) VALUES (361,93,'nemožný','Út','07:00:00.000000','09:50:00.000000',NULL,'graph meeting');
INSERT INTO `terminyPozadavkuNaRozvrh` (`id`,`id_PozadavkuNaRozvrh`,`typ_terminu`,`den`,`od`,`do`,`prio`,`poznamka`) VALUES (362,94,'vyhovující','Po','09:00:00.000000','12:50:00.000000','medium','Nejlépe stejně, jako vždy');
INSERT INTO `terminyPozadavkuNaRozvrh` (`id`,`id_PozadavkuNaRozvrh`,`typ_terminu`,`den`,`od`,`do`,`prio`,`poznamka`) VALUES (363,94,'nemožný','Čt','08:00:00.000000','16:50:00.000000',NULL,'KD, schůzky výzkumné skupiny');
INSERT INTO `terminyPozadavkuNaRozvrh` (`id`,`id_PozadavkuNaRozvrh`,`typ_terminu`,`den`,`od`,`do`,`prio`,`poznamka`) VALUES (364,95,'vyhovující','Po','08:00:00.000000','18:50:00.000000','medium','');
INSERT INTO `terminyPozadavkuNaRozvrh` (`id`,`id_PozadavkuNaRozvrh`,`typ_terminu`,`den`,`od`,`do`,`prio`,`poznamka`) VALUES (365,95,'vyhovující','Út','08:00:00.000000','18:50:00.000000','medium','');
INSERT INTO `terminyPozadavkuNaRozvrh` (`id`,`id_PozadavkuNaRozvrh`,`typ_terminu`,`den`,`od`,`do`,`prio`,`poznamka`) VALUES (366,96,'vyhovující','Po','09:00:00.000000','17:50:00.000000','low','1 MIT, 2MIT');
INSERT INTO `terminyPozadavkuNaRozvrh` (`id`,`id_PozadavkuNaRozvrh`,`typ_terminu`,`den`,`od`,`do`,`prio`,`poznamka`) VALUES (367,96,'vyhovující','Út','09:00:00.000000','17:50:00.000000','low','1 MIT, 2MIT');
INSERT INTO `terminyPozadavkuNaRozvrh` (`id`,`id_PozadavkuNaRozvrh`,`typ_terminu`,`den`,`od`,`do`,`prio`,`poznamka`) VALUES (368,96,'vyhovující','St','09:00:00.000000','17:50:00.000000','low','1 MIT, 2MIT');
INSERT INTO `terminyPozadavkuNaRozvrh` (`id`,`id_PozadavkuNaRozvrh`,`typ_terminu`,`den`,`od`,`do`,`prio`,`poznamka`) VALUES (369,96,'vyhovující','Čt','09:00:00.000000','17:50:00.000000','low','1 MIT, 2MIT');
INSERT INTO `terminyPozadavkuNaRozvrh` (`id`,`id_PozadavkuNaRozvrh`,`typ_terminu`,`den`,`od`,`do`,`prio`,`poznamka`) VALUES (370,96,'vyhovující','Pá','09:00:00.000000','17:50:00.000000','low','1 MIT, 2MIT');
INSERT INTO `terminyPozadavkuNaRozvrh` (`id`,`id_PozadavkuNaRozvrh`,`typ_terminu`,`den`,`od`,`do`,`prio`,`poznamka`) VALUES (371,98,'nemožný','Po','17:00:00.000000','20:50:00.000000',NULL,'');
INSERT INTO `terminyPozadavkuNaRozvrh` (`id`,`id_PozadavkuNaRozvrh`,`typ_terminu`,`den`,`od`,`do`,`prio`,`poznamka`) VALUES (372,98,'nemožný','Út','07:00:00.000000','11:50:00.000000',NULL,'Kolegia rektora/schze Graph@FIT');
INSERT INTO `terminyPozadavkuNaRozvrh` (`id`,`id_PozadavkuNaRozvrh`,`typ_terminu`,`den`,`od`,`do`,`prio`,`poznamka`) VALUES (373,98,'nemožný','Út','17:00:00.000000','20:50:00.000000',NULL,'');
INSERT INTO `terminyPozadavkuNaRozvrh` (`id`,`id_PozadavkuNaRozvrh`,`typ_terminu`,`den`,`od`,`do`,`prio`,`poznamka`) VALUES (374,98,'nemožný','St','09:00:00.000000','12:50:00.000000',NULL,'Vědecké rady FIT');
INSERT INTO `terminyPozadavkuNaRozvrh` (`id`,`id_PozadavkuNaRozvrh`,`typ_terminu`,`den`,`od`,`do`,`prio`,`poznamka`) VALUES (375,98,'nemožný','Čt','08:00:00.000000','11:50:00.000000',NULL,'Kolegia děkana');
INSERT INTO `terminyPozadavkuNaRozvrh` (`id`,`id_PozadavkuNaRozvrh`,`typ_terminu`,`den`,`od`,`do`,`prio`,`poznamka`) VALUES (376,99,'vyhovující','Po','13:00:00.000000','16:50:00.000000','medium','Ideálně od 14:00, hodina cvičení pak do 18:00');
INSERT INTO `terminyPozadavkuNaRozvrh` (`id`,`id_PozadavkuNaRozvrh`,`typ_terminu`,`den`,`od`,`do`,`prio`,`poznamka`) VALUES (377,99,'vyhovující','Út','13:00:00.000000','16:50:00.000000','medium','Ideálně od 14:00, hodina cvičení pak do 18:00');
INSERT INTO `terminyPozadavkuNaRozvrh` (`id`,`id_PozadavkuNaRozvrh`,`typ_terminu`,`den`,`od`,`do`,`prio`,`poznamka`) VALUES (378,99,'vyhovující','St','13:00:00.000000','16:50:00.000000','medium','Ideálně od 14:00, hodina cvičení pak do 18:00');
INSERT INTO `terminyPozadavkuNaRozvrh` (`id`,`id_PozadavkuNaRozvrh`,`typ_terminu`,`den`,`od`,`do`,`prio`,`poznamka`) VALUES (379,99,'vyhovující','Čt','13:00:00.000000','16:50:00.000000','medium','Ideálně od 14:00, hodina cvičení pak do 18:00');
INSERT INTO `terminyPozadavkuNaRozvrh` (`id`,`id_PozadavkuNaRozvrh`,`typ_terminu`,`den`,`od`,`do`,`prio`,`poznamka`) VALUES (380,99,'vyhovující','Pá','13:00:00.000000','16:50:00.000000','medium','Ideálně od 14:00, hodina cvičení pak do 18:00');
INSERT INTO `terminyPozadavkuNaRozvrh` (`id`,`id_PozadavkuNaRozvrh`,`typ_terminu`,`den`,`od`,`do`,`prio`,`poznamka`) VALUES (381,99,'nemožný','Po','07:00:00.000000','11:50:00.000000',NULL,'zdravotní důvody');
INSERT INTO `terminyPozadavkuNaRozvrh` (`id`,`id_PozadavkuNaRozvrh`,`typ_terminu`,`den`,`od`,`do`,`prio`,`poznamka`) VALUES (382,99,'nemožný','Út','07:00:00.000000','11:50:00.000000',NULL,'zdravotní důvody');
INSERT INTO `terminyPozadavkuNaRozvrh` (`id`,`id_PozadavkuNaRozvrh`,`typ_terminu`,`den`,`od`,`do`,`prio`,`poznamka`) VALUES (383,99,'nemožný','St','07:00:00.000000','11:50:00.000000',NULL,'zdravotní důvody');
INSERT INTO `terminyPozadavkuNaRozvrh` (`id`,`id_PozadavkuNaRozvrh`,`typ_terminu`,`den`,`od`,`do`,`prio`,`poznamka`) VALUES (384,99,'nemožný','Čt','07:00:00.000000','11:50:00.000000',NULL,'zdravotní důvody');
INSERT INTO `terminyPozadavkuNaRozvrh` (`id`,`id_PozadavkuNaRozvrh`,`typ_terminu`,`den`,`od`,`do`,`prio`,`poznamka`) VALUES (385,99,'nemožný','Pá','07:00:00.000000','11:50:00.000000',NULL,'zdravotní důvody');
INSERT INTO `terminyPozadavkuNaRozvrh` (`id`,`id_PozadavkuNaRozvrh`,`typ_terminu`,`den`,`od`,`do`,`prio`,`poznamka`) VALUES (386,100,'vyhovující','Po','10:00:00.000000','12:50:00.000000','medium','');
INSERT INTO `terminyPozadavkuNaRozvrh` (`id`,`id_PozadavkuNaRozvrh`,`typ_terminu`,`den`,`od`,`do`,`prio`,`poznamka`) VALUES (387,100,'nemožný','Po','17:00:00.000000','20:50:00.000000',NULL,'pravidelná překážka');
INSERT INTO `terminyPozadavkuNaRozvrh` (`id`,`id_PozadavkuNaRozvrh`,`typ_terminu`,`den`,`od`,`do`,`prio`,`poznamka`) VALUES (388,100,'nemožný','Út','07:00:00.000000','12:50:00.000000',NULL,'občas kolegia rektora');
INSERT INTO `terminyPozadavkuNaRozvrh` (`id`,`id_PozadavkuNaRozvrh`,`typ_terminu`,`den`,`od`,`do`,`prio`,`poznamka`) VALUES (389,100,'nemožný','Út','17:00:00.000000','20:50:00.000000',NULL,'pravidelná překážka');
INSERT INTO `terminyPozadavkuNaRozvrh` (`id`,`id_PozadavkuNaRozvrh`,`typ_terminu`,`den`,`od`,`do`,`prio`,`poznamka`) VALUES (390,100,'nemožný','St','07:00:00.000000','09:50:00.000000',NULL,'pravidelná překážka');
INSERT INTO `terminyPozadavkuNaRozvrh` (`id`,`id_PozadavkuNaRozvrh`,`typ_terminu`,`den`,`od`,`do`,`prio`,`poznamka`) VALUES (391,100,'nemožný','St','07:00:00.000000','20:50:00.000000',NULL,'nepravidelně VR mimo FIT');
INSERT INTO `terminyPozadavkuNaRozvrh` (`id`,`id_PozadavkuNaRozvrh`,`typ_terminu`,`den`,`od`,`do`,`prio`,`poznamka`) VALUES (392,100,'nemožný','St','17:00:00.000000','20:50:00.000000',NULL,'pravidelná překážka');
INSERT INTO `terminyPozadavkuNaRozvrh` (`id`,`id_PozadavkuNaRozvrh`,`typ_terminu`,`den`,`od`,`do`,`prio`,`poznamka`) VALUES (393,100,'nemožný','Čt','07:00:00.000000','13:50:00.000000',NULL,'kolegium děkana');
INSERT INTO `terminyPozadavkuNaRozvrh` (`id`,`id_PozadavkuNaRozvrh`,`typ_terminu`,`den`,`od`,`do`,`prio`,`poznamka`) VALUES (394,100,'nemožný','Čt','17:00:00.000000','20:50:00.000000',NULL,'pravidelná překážka');
INSERT INTO `terminyPozadavkuNaRozvrh` (`id`,`id_PozadavkuNaRozvrh`,`typ_terminu`,`den`,`od`,`do`,`prio`,`poznamka`) VALUES (395,100,'nemožný','Pá','07:00:00.000000','09:50:00.000000',NULL,'pravidelná překážka');
INSERT INTO `terminyPozadavkuNaRozvrh` (`id`,`id_PozadavkuNaRozvrh`,`typ_terminu`,`den`,`od`,`do`,`prio`,`poznamka`) VALUES (396,100,'nemožný','Pá','14:00:00.000000','20:50:00.000000',NULL,'pravidelná překážka');
INSERT INTO `terminyPozadavkuNaRozvrh` (`id`,`id_PozadavkuNaRozvrh`,`typ_terminu`,`den`,`od`,`do`,`prio`,`poznamka`) VALUES (397,101,'vyhovující','Út','09:00:00.000000','10:50:00.000000','high','');
INSERT INTO `terminyPozadavkuNaRozvrh` (`id`,`id_PozadavkuNaRozvrh`,`typ_terminu`,`den`,`od`,`do`,`prio`,`poznamka`) VALUES (398,102,'vyhovující','Út','11:00:00.000000','12:50:00.000000','high','');
INSERT INTO `terminyPozadavkuNaRozvrh` (`id`,`id_PozadavkuNaRozvrh`,`typ_terminu`,`den`,`od`,`do`,`prio`,`poznamka`) VALUES (399,102,'vyhovující','Út','17:00:00.000000','18:50:00.000000','high','');
INSERT INTO `terminyPozadavkuNaRozvrh` (`id`,`id_PozadavkuNaRozvrh`,`typ_terminu`,`den`,`od`,`do`,`prio`,`poznamka`) VALUES (400,103,'vyhovující','Út','09:00:00.000000','10:50:00.000000','high','');
INSERT INTO `terminyPozadavkuNaRozvrh` (`id`,`id_PozadavkuNaRozvrh`,`typ_terminu`,`den`,`od`,`do`,`prio`,`poznamka`) VALUES (401,104,'vyhovující','Út','11:00:00.000000','12:50:00.000000','high','');
INSERT INTO `terminyPozadavkuNaRozvrh` (`id`,`id_PozadavkuNaRozvrh`,`typ_terminu`,`den`,`od`,`do`,`prio`,`poznamka`) VALUES (402,104,'vyhovující','Út','17:00:00.000000','18:50:00.000000','high','');
INSERT INTO `terminyPozadavkuNaRozvrh` (`id`,`id_PozadavkuNaRozvrh`,`typ_terminu`,`den`,`od`,`do`,`prio`,`poznamka`) VALUES (403,105,'vyhovující','Út','09:00:00.000000','10:50:00.000000','high','');
INSERT INTO `terminyPozadavkuNaRozvrh` (`id`,`id_PozadavkuNaRozvrh`,`typ_terminu`,`den`,`od`,`do`,`prio`,`poznamka`) VALUES (404,106,'vyhovující','Út','11:00:00.000000','12:50:00.000000','high','');
INSERT INTO `terminyPozadavkuNaRozvrh` (`id`,`id_PozadavkuNaRozvrh`,`typ_terminu`,`den`,`od`,`do`,`prio`,`poznamka`) VALUES (405,106,'vyhovující','Út','17:00:00.000000','18:50:00.000000','high','');
INSERT INTO `terminyPozadavkuNaRozvrh` (`id`,`id_PozadavkuNaRozvrh`,`typ_terminu`,`den`,`od`,`do`,`prio`,`poznamka`) VALUES (406,107,'vyhovující','St','08:00:00.000000','10:50:00.000000','medium','');
INSERT INTO `terminyPozadavkuNaRozvrh` (`id`,`id_PozadavkuNaRozvrh`,`typ_terminu`,`den`,`od`,`do`,`prio`,`poznamka`) VALUES (407,107,'nemožný','Út','13:00:00.000000','15:50:00.000000',NULL,'');
INSERT INTO `terminyPozadavkuNaRozvrh` (`id`,`id_PozadavkuNaRozvrh`,`typ_terminu`,`den`,`od`,`do`,`prio`,`poznamka`) VALUES (408,107,'nemožný','Čt','08:00:00.000000','14:50:00.000000',NULL,'');
INSERT INTO `terminyPozadavkuNaRozvrh` (`id`,`id_PozadavkuNaRozvrh`,`typ_terminu`,`den`,`od`,`do`,`prio`,`poznamka`) VALUES (409,108,'vyhovující','Čt','13:00:00.000000','18:50:00.000000','high','');
INSERT INTO `terminyPozadavkuNaRozvrh` (`id`,`id_PozadavkuNaRozvrh`,`typ_terminu`,`den`,`od`,`do`,`prio`,`poznamka`) VALUES (410,109,'vyhovující','Čt','13:00:00.000000','18:50:00.000000','high','');
INSERT INTO `terminyPozadavkuNaRozvrh` (`id`,`id_PozadavkuNaRozvrh`,`typ_terminu`,`den`,`od`,`do`,`prio`,`poznamka`) VALUES (411,110,'vyhovující','Po','09:00:00.000000','19:50:00.000000','medium','Prosim Po - Ct.');
INSERT INTO `terminyPozadavkuNaRozvrh` (`id`,`id_PozadavkuNaRozvrh`,`typ_terminu`,`den`,`od`,`do`,`prio`,`poznamka`) VALUES (412,110,'vyhovující','Út','09:00:00.000000','19:50:00.000000','medium','Prosim Po - Ct.');
INSERT INTO `terminyPozadavkuNaRozvrh` (`id`,`id_PozadavkuNaRozvrh`,`typ_terminu`,`den`,`od`,`do`,`prio`,`poznamka`) VALUES (413,110,'vyhovující','St','09:00:00.000000','19:50:00.000000','medium','Prosim Po - Ct.');
INSERT INTO `terminyPozadavkuNaRozvrh` (`id`,`id_PozadavkuNaRozvrh`,`typ_terminu`,`den`,`od`,`do`,`prio`,`poznamka`) VALUES (414,110,'vyhovující','Čt','09:00:00.000000','19:50:00.000000','medium','Prosim Po - Ct.');
INSERT INTO `terminyPozadavkuNaRozvrh` (`id`,`id_PozadavkuNaRozvrh`,`typ_terminu`,`den`,`od`,`do`,`prio`,`poznamka`) VALUES (415,110,'vyhovující','Pá','09:00:00.000000','19:50:00.000000','medium','Prosim Po - Ct.');
INSERT INTO `terminyPozadavkuNaRozvrh` (`id`,`id_PozadavkuNaRozvrh`,`typ_terminu`,`den`,`od`,`do`,`prio`,`poznamka`) VALUES (416,111,'vyhovující','Čt','08:00:00.000000','09:50:00.000000','medium','Jako minulý rok');
INSERT INTO `terminyPozadavkuNaRozvrh` (`id`,`id_PozadavkuNaRozvrh`,`typ_terminu`,`den`,`od`,`do`,`prio`,`poznamka`) VALUES (417,112,'vyhovující','Út','10:00:00.000000','15:50:00.000000','medium','');
INSERT INTO `terminyPozadavkuNaRozvrh` (`id`,`id_PozadavkuNaRozvrh`,`typ_terminu`,`den`,`od`,`do`,`prio`,`poznamka`) VALUES (418,112,'vyhovující','St','10:00:00.000000','15:50:00.000000','medium','');
INSERT INTO `terminyPozadavkuNaRozvrh` (`id`,`id_PozadavkuNaRozvrh`,`typ_terminu`,`den`,`od`,`do`,`prio`,`poznamka`) VALUES (419,112,'vyhovující','Čt','10:00:00.000000','15:50:00.000000','medium','');
INSERT INTO `terminyPozadavkuNaRozvrh` (`id`,`id_PozadavkuNaRozvrh`,`typ_terminu`,`den`,`od`,`do`,`prio`,`poznamka`) VALUES (420,113,'vyhovující','Út','13:00:00.000000','15:50:00.000000','medium','');
INSERT INTO `terminyPozadavkuNaRozvrh` (`id`,`id_PozadavkuNaRozvrh`,`typ_terminu`,`den`,`od`,`do`,`prio`,`poznamka`) VALUES (421,113,'nemožný','Po','17:00:00.000000','20:50:00.000000',NULL,'pravidelná překážka');
INSERT INTO `terminyPozadavkuNaRozvrh` (`id`,`id_PozadavkuNaRozvrh`,`typ_terminu`,`den`,`od`,`do`,`prio`,`poznamka`) VALUES (422,113,'nemožný','Út','07:00:00.000000','12:50:00.000000',NULL,'občas kolegia rektora');
INSERT INTO `terminyPozadavkuNaRozvrh` (`id`,`id_PozadavkuNaRozvrh`,`typ_terminu`,`den`,`od`,`do`,`prio`,`poznamka`) VALUES (423,113,'nemožný','Út','17:00:00.000000','20:50:00.000000',NULL,'pravidelná překážka');
INSERT INTO `terminyPozadavkuNaRozvrh` (`id`,`id_PozadavkuNaRozvrh`,`typ_terminu`,`den`,`od`,`do`,`prio`,`poznamka`) VALUES (424,113,'nemožný','St','07:00:00.000000','09:50:00.000000',NULL,'pravidelná překážka');
INSERT INTO `terminyPozadavkuNaRozvrh` (`id`,`id_PozadavkuNaRozvrh`,`typ_terminu`,`den`,`od`,`do`,`prio`,`poznamka`) VALUES (425,113,'nemožný','St','07:00:00.000000','20:50:00.000000',NULL,'nepravidelně VR mimo FIT');
INSERT INTO `terminyPozadavkuNaRozvrh` (`id`,`id_PozadavkuNaRozvrh`,`typ_terminu`,`den`,`od`,`do`,`prio`,`poznamka`) VALUES (426,113,'nemožný','St','17:00:00.000000','20:50:00.000000',NULL,'pravidelná překážka');
INSERT INTO `terminyPozadavkuNaRozvrh` (`id`,`id_PozadavkuNaRozvrh`,`typ_terminu`,`den`,`od`,`do`,`prio`,`poznamka`) VALUES (427,113,'nemožný','Čt','07:00:00.000000','13:50:00.000000',NULL,'kolegium děkana');
INSERT INTO `terminyPozadavkuNaRozvrh` (`id`,`id_PozadavkuNaRozvrh`,`typ_terminu`,`den`,`od`,`do`,`prio`,`poznamka`) VALUES (428,113,'nemožný','Čt','17:00:00.000000','20:50:00.000000',NULL,'pravidelná překážka');
INSERT INTO `terminyPozadavkuNaRozvrh` (`id`,`id_PozadavkuNaRozvrh`,`typ_terminu`,`den`,`od`,`do`,`prio`,`poznamka`) VALUES (429,113,'nemožný','Pá','07:00:00.000000','09:50:00.000000',NULL,'pravidelná překážka');
INSERT INTO `terminyPozadavkuNaRozvrh` (`id`,`id_PozadavkuNaRozvrh`,`typ_terminu`,`den`,`od`,`do`,`prio`,`poznamka`) VALUES (430,113,'nemožný','Pá','14:00:00.000000','20:50:00.000000',NULL,'pravidelná překážka');
INSERT INTO `terminyPozadavkuNaRozvrh` (`id`,`id_PozadavkuNaRozvrh`,`typ_terminu`,`den`,`od`,`do`,`prio`,`poznamka`) VALUES (431,114,'nemožný','Po','17:00:00.000000','20:50:00.000000',NULL,'');
INSERT INTO `terminyPozadavkuNaRozvrh` (`id`,`id_PozadavkuNaRozvrh`,`typ_terminu`,`den`,`od`,`do`,`prio`,`poznamka`) VALUES (432,114,'nemožný','Út','07:00:00.000000','11:50:00.000000',NULL,'Kolegia rektora/schze Graph@FIT');
INSERT INTO `terminyPozadavkuNaRozvrh` (`id`,`id_PozadavkuNaRozvrh`,`typ_terminu`,`den`,`od`,`do`,`prio`,`poznamka`) VALUES (433,114,'nemožný','Út','17:00:00.000000','20:50:00.000000',NULL,'');
INSERT INTO `terminyPozadavkuNaRozvrh` (`id`,`id_PozadavkuNaRozvrh`,`typ_terminu`,`den`,`od`,`do`,`prio`,`poznamka`) VALUES (434,114,'nemožný','St','09:00:00.000000','12:50:00.000000',NULL,'Vědecké rady FIT');
INSERT INTO `terminyPozadavkuNaRozvrh` (`id`,`id_PozadavkuNaRozvrh`,`typ_terminu`,`den`,`od`,`do`,`prio`,`poznamka`) VALUES (435,114,'nemožný','Čt','08:00:00.000000','11:50:00.000000',NULL,'Kolegia děkana');
INSERT INTO `terminyPozadavkuNaRozvrh` (`id`,`id_PozadavkuNaRozvrh`,`typ_terminu`,`den`,`od`,`do`,`prio`,`poznamka`) VALUES (436,115,'nemožný','Po','13:00:00.000000','14:50:00.000000',NULL,'speech meeting');
INSERT INTO `terminyPozadavkuNaRozvrh` (`id`,`id_PozadavkuNaRozvrh`,`typ_terminu`,`den`,`od`,`do`,`prio`,`poznamka`) VALUES (437,115,'nemožný','Út','13:00:00.000000','14:50:00.000000',NULL,'Senát');
INSERT INTO `terminyPozadavkuNaRozvrh` (`id`,`id_PozadavkuNaRozvrh`,`typ_terminu`,`den`,`od`,`do`,`prio`,`poznamka`) VALUES (438,115,'nemožný','Čt','08:00:00.000000','11:50:00.000000',NULL,'Kolegium děkana');

/*
-- Query: SELECT * FROM planovaniRozvrhu.prednasejiciPredmetu
LIMIT 0, 5000

-- Date: 2018-01-02 20:32
*/
INSERT INTO `prednasejiciPredmetu` (`id`,`id_predmetu`,`id_ucitele`) VALUES (1,1,1);
INSERT INTO `prednasejiciPredmetu` (`id`,`id_predmetu`,`id_ucitele`) VALUES (2,1,2);
INSERT INTO `prednasejiciPredmetu` (`id`,`id_predmetu`,`id_ucitele`) VALUES (3,2,3);
INSERT INTO `prednasejiciPredmetu` (`id`,`id_predmetu`,`id_ucitele`) VALUES (4,2,4);
INSERT INTO `prednasejiciPredmetu` (`id`,`id_predmetu`,`id_ucitele`) VALUES (5,2,5);
INSERT INTO `prednasejiciPredmetu` (`id`,`id_predmetu`,`id_ucitele`) VALUES (6,2,6);
INSERT INTO `prednasejiciPredmetu` (`id`,`id_predmetu`,`id_ucitele`) VALUES (7,2,7);
INSERT INTO `prednasejiciPredmetu` (`id`,`id_predmetu`,`id_ucitele`) VALUES (8,3,8);
INSERT INTO `prednasejiciPredmetu` (`id`,`id_predmetu`,`id_ucitele`) VALUES (9,3,9);
INSERT INTO `prednasejiciPredmetu` (`id`,`id_predmetu`,`id_ucitele`) VALUES (10,3,10);
INSERT INTO `prednasejiciPredmetu` (`id`,`id_predmetu`,`id_ucitele`) VALUES (11,3,11);
INSERT INTO `prednasejiciPredmetu` (`id`,`id_predmetu`,`id_ucitele`) VALUES (12,4,12);
INSERT INTO `prednasejiciPredmetu` (`id`,`id_predmetu`,`id_ucitele`) VALUES (13,5,13);
INSERT INTO `prednasejiciPredmetu` (`id`,`id_predmetu`,`id_ucitele`) VALUES (14,5,14);
INSERT INTO `prednasejiciPredmetu` (`id`,`id_predmetu`,`id_ucitele`) VALUES (15,5,15);
INSERT INTO `prednasejiciPredmetu` (`id`,`id_predmetu`,`id_ucitele`) VALUES (16,5,16);
INSERT INTO `prednasejiciPredmetu` (`id`,`id_predmetu`,`id_ucitele`) VALUES (17,6,17);
INSERT INTO `prednasejiciPredmetu` (`id`,`id_predmetu`,`id_ucitele`) VALUES (18,6,18);
INSERT INTO `prednasejiciPredmetu` (`id`,`id_predmetu`,`id_ucitele`) VALUES (19,7,19);
INSERT INTO `prednasejiciPredmetu` (`id`,`id_predmetu`,`id_ucitele`) VALUES (20,7,20);
INSERT INTO `prednasejiciPredmetu` (`id`,`id_predmetu`,`id_ucitele`) VALUES (21,7,21);
INSERT INTO `prednasejiciPredmetu` (`id`,`id_predmetu`,`id_ucitele`) VALUES (22,7,22);
INSERT INTO `prednasejiciPredmetu` (`id`,`id_predmetu`,`id_ucitele`) VALUES (23,7,23);
INSERT INTO `prednasejiciPredmetu` (`id`,`id_predmetu`,`id_ucitele`) VALUES (24,7,24);
INSERT INTO `prednasejiciPredmetu` (`id`,`id_predmetu`,`id_ucitele`) VALUES (25,7,25);
INSERT INTO `prednasejiciPredmetu` (`id`,`id_predmetu`,`id_ucitele`) VALUES (26,8,26);
INSERT INTO `prednasejiciPredmetu` (`id`,`id_predmetu`,`id_ucitele`) VALUES (27,8,27);
INSERT INTO `prednasejiciPredmetu` (`id`,`id_predmetu`,`id_ucitele`) VALUES (28,8,28);
INSERT INTO `prednasejiciPredmetu` (`id`,`id_predmetu`,`id_ucitele`) VALUES (29,8,29);
INSERT INTO `prednasejiciPredmetu` (`id`,`id_predmetu`,`id_ucitele`) VALUES (30,8,30);
INSERT INTO `prednasejiciPredmetu` (`id`,`id_predmetu`,`id_ucitele`) VALUES (31,9,31);
INSERT INTO `prednasejiciPredmetu` (`id`,`id_predmetu`,`id_ucitele`) VALUES (32,9,32);
INSERT INTO `prednasejiciPredmetu` (`id`,`id_predmetu`,`id_ucitele`) VALUES (33,9,33);
INSERT INTO `prednasejiciPredmetu` (`id`,`id_predmetu`,`id_ucitele`) VALUES (34,9,34);
INSERT INTO `prednasejiciPredmetu` (`id`,`id_predmetu`,`id_ucitele`) VALUES (35,9,35);
INSERT INTO `prednasejiciPredmetu` (`id`,`id_predmetu`,`id_ucitele`) VALUES (36,10,36);
INSERT INTO `prednasejiciPredmetu` (`id`,`id_predmetu`,`id_ucitele`) VALUES (37,10,37);
INSERT INTO `prednasejiciPredmetu` (`id`,`id_predmetu`,`id_ucitele`) VALUES (38,10,38);
INSERT INTO `prednasejiciPredmetu` (`id`,`id_predmetu`,`id_ucitele`) VALUES (39,10,39);
INSERT INTO `prednasejiciPredmetu` (`id`,`id_predmetu`,`id_ucitele`) VALUES (40,10,40);
INSERT INTO `prednasejiciPredmetu` (`id`,`id_predmetu`,`id_ucitele`) VALUES (41,10,41);
INSERT INTO `prednasejiciPredmetu` (`id`,`id_predmetu`,`id_ucitele`) VALUES (42,10,42);
INSERT INTO `prednasejiciPredmetu` (`id`,`id_predmetu`,`id_ucitele`) VALUES (43,10,43);
INSERT INTO `prednasejiciPredmetu` (`id`,`id_predmetu`,`id_ucitele`) VALUES (44,11,44);
INSERT INTO `prednasejiciPredmetu` (`id`,`id_predmetu`,`id_ucitele`) VALUES (45,13,45);
INSERT INTO `prednasejiciPredmetu` (`id`,`id_predmetu`,`id_ucitele`) VALUES (46,13,46);
INSERT INTO `prednasejiciPredmetu` (`id`,`id_predmetu`,`id_ucitele`) VALUES (47,13,47);
INSERT INTO `prednasejiciPredmetu` (`id`,`id_predmetu`,`id_ucitele`) VALUES (48,13,48);
INSERT INTO `prednasejiciPredmetu` (`id`,`id_predmetu`,`id_ucitele`) VALUES (49,13,49);
INSERT INTO `prednasejiciPredmetu` (`id`,`id_predmetu`,`id_ucitele`) VALUES (50,13,50);
INSERT INTO `prednasejiciPredmetu` (`id`,`id_predmetu`,`id_ucitele`) VALUES (51,13,51);
INSERT INTO `prednasejiciPredmetu` (`id`,`id_predmetu`,`id_ucitele`) VALUES (52,13,52);
INSERT INTO `prednasejiciPredmetu` (`id`,`id_predmetu`,`id_ucitele`) VALUES (53,13,53);
INSERT INTO `prednasejiciPredmetu` (`id`,`id_predmetu`,`id_ucitele`) VALUES (54,13,54);
INSERT INTO `prednasejiciPredmetu` (`id`,`id_predmetu`,`id_ucitele`) VALUES (55,13,55);
INSERT INTO `prednasejiciPredmetu` (`id`,`id_predmetu`,`id_ucitele`) VALUES (56,13,56);
INSERT INTO `prednasejiciPredmetu` (`id`,`id_predmetu`,`id_ucitele`) VALUES (57,14,57);
INSERT INTO `prednasejiciPredmetu` (`id`,`id_predmetu`,`id_ucitele`) VALUES (58,15,58);
INSERT INTO `prednasejiciPredmetu` (`id`,`id_predmetu`,`id_ucitele`) VALUES (59,15,59);
INSERT INTO `prednasejiciPredmetu` (`id`,`id_predmetu`,`id_ucitele`) VALUES (60,15,60);
INSERT INTO `prednasejiciPredmetu` (`id`,`id_predmetu`,`id_ucitele`) VALUES (61,15,61);
INSERT INTO `prednasejiciPredmetu` (`id`,`id_predmetu`,`id_ucitele`) VALUES (62,17,62);
INSERT INTO `prednasejiciPredmetu` (`id`,`id_predmetu`,`id_ucitele`) VALUES (63,17,63);
INSERT INTO `prednasejiciPredmetu` (`id`,`id_predmetu`,`id_ucitele`) VALUES (64,18,64);
INSERT INTO `prednasejiciPredmetu` (`id`,`id_predmetu`,`id_ucitele`) VALUES (65,18,65);
INSERT INTO `prednasejiciPredmetu` (`id`,`id_predmetu`,`id_ucitele`) VALUES (66,18,66);
INSERT INTO `prednasejiciPredmetu` (`id`,`id_predmetu`,`id_ucitele`) VALUES (67,18,67);
INSERT INTO `prednasejiciPredmetu` (`id`,`id_predmetu`,`id_ucitele`) VALUES (68,19,68);
INSERT INTO `prednasejiciPredmetu` (`id`,`id_predmetu`,`id_ucitele`) VALUES (69,20,69);
INSERT INTO `prednasejiciPredmetu` (`id`,`id_predmetu`,`id_ucitele`) VALUES (70,22,70);
INSERT INTO `prednasejiciPredmetu` (`id`,`id_predmetu`,`id_ucitele`) VALUES (71,29,71);
INSERT INTO `prednasejiciPredmetu` (`id`,`id_predmetu`,`id_ucitele`) VALUES (72,29,72);
INSERT INTO `prednasejiciPredmetu` (`id`,`id_predmetu`,`id_ucitele`) VALUES (73,30,73);
INSERT INTO `prednasejiciPredmetu` (`id`,`id_predmetu`,`id_ucitele`) VALUES (74,30,74);
INSERT INTO `prednasejiciPredmetu` (`id`,`id_predmetu`,`id_ucitele`) VALUES (75,31,75);
INSERT INTO `prednasejiciPredmetu` (`id`,`id_predmetu`,`id_ucitele`) VALUES (76,31,76);
INSERT INTO `prednasejiciPredmetu` (`id`,`id_predmetu`,`id_ucitele`) VALUES (77,31,77);
INSERT INTO `prednasejiciPredmetu` (`id`,`id_predmetu`,`id_ucitele`) VALUES (78,32,78);
INSERT INTO `prednasejiciPredmetu` (`id`,`id_predmetu`,`id_ucitele`) VALUES (79,34,79);
INSERT INTO `prednasejiciPredmetu` (`id`,`id_predmetu`,`id_ucitele`) VALUES (80,35,80);
INSERT INTO `prednasejiciPredmetu` (`id`,`id_predmetu`,`id_ucitele`) VALUES (81,35,81);
INSERT INTO `prednasejiciPredmetu` (`id`,`id_predmetu`,`id_ucitele`) VALUES (82,35,82);
INSERT INTO `prednasejiciPredmetu` (`id`,`id_predmetu`,`id_ucitele`) VALUES (83,36,83);
INSERT INTO `prednasejiciPredmetu` (`id`,`id_predmetu`,`id_ucitele`) VALUES (84,36,84);
INSERT INTO `prednasejiciPredmetu` (`id`,`id_predmetu`,`id_ucitele`) VALUES (85,36,85);
INSERT INTO `prednasejiciPredmetu` (`id`,`id_predmetu`,`id_ucitele`) VALUES (86,36,86);
INSERT INTO `prednasejiciPredmetu` (`id`,`id_predmetu`,`id_ucitele`) VALUES (87,37,87);
INSERT INTO `prednasejiciPredmetu` (`id`,`id_predmetu`,`id_ucitele`) VALUES (88,37,88);
INSERT INTO `prednasejiciPredmetu` (`id`,`id_predmetu`,`id_ucitele`) VALUES (89,38,89);
INSERT INTO `prednasejiciPredmetu` (`id`,`id_predmetu`,`id_ucitele`) VALUES (90,38,90);
INSERT INTO `prednasejiciPredmetu` (`id`,`id_predmetu`,`id_ucitele`) VALUES (91,39,91);
INSERT INTO `prednasejiciPredmetu` (`id`,`id_predmetu`,`id_ucitele`) VALUES (92,39,92);
INSERT INTO `prednasejiciPredmetu` (`id`,`id_predmetu`,`id_ucitele`) VALUES (93,39,93);
INSERT INTO `prednasejiciPredmetu` (`id`,`id_predmetu`,`id_ucitele`) VALUES (94,40,94);
INSERT INTO `prednasejiciPredmetu` (`id`,`id_predmetu`,`id_ucitele`) VALUES (95,41,95);
INSERT INTO `prednasejiciPredmetu` (`id`,`id_predmetu`,`id_ucitele`) VALUES (96,41,96);
INSERT INTO `prednasejiciPredmetu` (`id`,`id_predmetu`,`id_ucitele`) VALUES (97,41,97);
INSERT INTO `prednasejiciPredmetu` (`id`,`id_predmetu`,`id_ucitele`) VALUES (98,41,98);
INSERT INTO `prednasejiciPredmetu` (`id`,`id_predmetu`,`id_ucitele`) VALUES (99,41,99);
INSERT INTO `prednasejiciPredmetu` (`id`,`id_predmetu`,`id_ucitele`) VALUES (100,44,100);
INSERT INTO `prednasejiciPredmetu` (`id`,`id_predmetu`,`id_ucitele`) VALUES (101,44,101);
INSERT INTO `prednasejiciPredmetu` (`id`,`id_predmetu`,`id_ucitele`) VALUES (102,44,102);
INSERT INTO `prednasejiciPredmetu` (`id`,`id_predmetu`,`id_ucitele`) VALUES (103,45,103);
INSERT INTO `prednasejiciPredmetu` (`id`,`id_predmetu`,`id_ucitele`) VALUES (104,45,104);
INSERT INTO `prednasejiciPredmetu` (`id`,`id_predmetu`,`id_ucitele`) VALUES (105,46,105);
INSERT INTO `prednasejiciPredmetu` (`id`,`id_predmetu`,`id_ucitele`) VALUES (106,46,106);
INSERT INTO `prednasejiciPredmetu` (`id`,`id_predmetu`,`id_ucitele`) VALUES (107,46,107);
INSERT INTO `prednasejiciPredmetu` (`id`,`id_predmetu`,`id_ucitele`) VALUES (108,46,108);
INSERT INTO `prednasejiciPredmetu` (`id`,`id_predmetu`,`id_ucitele`) VALUES (109,46,109);
INSERT INTO `prednasejiciPredmetu` (`id`,`id_predmetu`,`id_ucitele`) VALUES (110,46,110);
INSERT INTO `prednasejiciPredmetu` (`id`,`id_predmetu`,`id_ucitele`) VALUES (111,46,111);
INSERT INTO `prednasejiciPredmetu` (`id`,`id_predmetu`,`id_ucitele`) VALUES (112,47,112);
INSERT INTO `prednasejiciPredmetu` (`id`,`id_predmetu`,`id_ucitele`) VALUES (113,47,113);
INSERT INTO `prednasejiciPredmetu` (`id`,`id_predmetu`,`id_ucitele`) VALUES (114,47,114);
INSERT INTO `prednasejiciPredmetu` (`id`,`id_predmetu`,`id_ucitele`) VALUES (115,48,115);
INSERT INTO `prednasejiciPredmetu` (`id`,`id_predmetu`,`id_ucitele`) VALUES (116,49,116);
INSERT INTO `prednasejiciPredmetu` (`id`,`id_predmetu`,`id_ucitele`) VALUES (117,51,117);
INSERT INTO `prednasejiciPredmetu` (`id`,`id_predmetu`,`id_ucitele`) VALUES (118,51,118);
INSERT INTO `prednasejiciPredmetu` (`id`,`id_predmetu`,`id_ucitele`) VALUES (119,53,119);
INSERT INTO `prednasejiciPredmetu` (`id`,`id_predmetu`,`id_ucitele`) VALUES (120,53,120);
INSERT INTO `prednasejiciPredmetu` (`id`,`id_predmetu`,`id_ucitele`) VALUES (121,54,121);
INSERT INTO `prednasejiciPredmetu` (`id`,`id_predmetu`,`id_ucitele`) VALUES (122,55,122);
INSERT INTO `prednasejiciPredmetu` (`id`,`id_predmetu`,`id_ucitele`) VALUES (123,56,123);
INSERT INTO `prednasejiciPredmetu` (`id`,`id_predmetu`,`id_ucitele`) VALUES (124,57,124);
INSERT INTO `prednasejiciPredmetu` (`id`,`id_predmetu`,`id_ucitele`) VALUES (125,59,125);
INSERT INTO `prednasejiciPredmetu` (`id`,`id_predmetu`,`id_ucitele`) VALUES (126,59,126);
INSERT INTO `prednasejiciPredmetu` (`id`,`id_predmetu`,`id_ucitele`) VALUES (127,61,127);
INSERT INTO `prednasejiciPredmetu` (`id`,`id_predmetu`,`id_ucitele`) VALUES (128,63,128);
INSERT INTO `prednasejiciPredmetu` (`id`,`id_predmetu`,`id_ucitele`) VALUES (129,64,129);
INSERT INTO `prednasejiciPredmetu` (`id`,`id_predmetu`,`id_ucitele`) VALUES (130,65,130);
INSERT INTO `prednasejiciPredmetu` (`id`,`id_predmetu`,`id_ucitele`) VALUES (131,69,131);
INSERT INTO `prednasejiciPredmetu` (`id`,`id_predmetu`,`id_ucitele`) VALUES (132,69,132);
INSERT INTO `prednasejiciPredmetu` (`id`,`id_predmetu`,`id_ucitele`) VALUES (133,70,133);
INSERT INTO `prednasejiciPredmetu` (`id`,`id_predmetu`,`id_ucitele`) VALUES (134,70,134);
INSERT INTO `prednasejiciPredmetu` (`id`,`id_predmetu`,`id_ucitele`) VALUES (135,70,135);
INSERT INTO `prednasejiciPredmetu` (`id`,`id_predmetu`,`id_ucitele`) VALUES (136,71,136);
INSERT INTO `prednasejiciPredmetu` (`id`,`id_predmetu`,`id_ucitele`) VALUES (137,71,137);
INSERT INTO `prednasejiciPredmetu` (`id`,`id_predmetu`,`id_ucitele`) VALUES (138,71,138);
INSERT INTO `prednasejiciPredmetu` (`id`,`id_predmetu`,`id_ucitele`) VALUES (139,72,139);
INSERT INTO `prednasejiciPredmetu` (`id`,`id_predmetu`,`id_ucitele`) VALUES (140,75,140);
INSERT INTO `prednasejiciPredmetu` (`id`,`id_predmetu`,`id_ucitele`) VALUES (141,75,141);
INSERT INTO `prednasejiciPredmetu` (`id`,`id_predmetu`,`id_ucitele`) VALUES (142,76,142);
INSERT INTO `prednasejiciPredmetu` (`id`,`id_predmetu`,`id_ucitele`) VALUES (143,76,143);
INSERT INTO `prednasejiciPredmetu` (`id`,`id_predmetu`,`id_ucitele`) VALUES (144,77,144);
INSERT INTO `prednasejiciPredmetu` (`id`,`id_predmetu`,`id_ucitele`) VALUES (145,78,145);
INSERT INTO `prednasejiciPredmetu` (`id`,`id_predmetu`,`id_ucitele`) VALUES (146,78,146);
INSERT INTO `prednasejiciPredmetu` (`id`,`id_predmetu`,`id_ucitele`) VALUES (147,78,147);
INSERT INTO `prednasejiciPredmetu` (`id`,`id_predmetu`,`id_ucitele`) VALUES (148,80,148);
INSERT INTO `prednasejiciPredmetu` (`id`,`id_predmetu`,`id_ucitele`) VALUES (149,80,149);
INSERT INTO `prednasejiciPredmetu` (`id`,`id_predmetu`,`id_ucitele`) VALUES (150,80,150);
INSERT INTO `prednasejiciPredmetu` (`id`,`id_predmetu`,`id_ucitele`) VALUES (151,81,151);
INSERT INTO `prednasejiciPredmetu` (`id`,`id_predmetu`,`id_ucitele`) VALUES (152,81,152);
INSERT INTO `prednasejiciPredmetu` (`id`,`id_predmetu`,`id_ucitele`) VALUES (153,81,153);
INSERT INTO `prednasejiciPredmetu` (`id`,`id_predmetu`,`id_ucitele`) VALUES (154,82,154);
INSERT INTO `prednasejiciPredmetu` (`id`,`id_predmetu`,`id_ucitele`) VALUES (155,82,155);
INSERT INTO `prednasejiciPredmetu` (`id`,`id_predmetu`,`id_ucitele`) VALUES (156,83,156);
INSERT INTO `prednasejiciPredmetu` (`id`,`id_predmetu`,`id_ucitele`) VALUES (157,83,157);
INSERT INTO `prednasejiciPredmetu` (`id`,`id_predmetu`,`id_ucitele`) VALUES (158,83,158);
INSERT INTO `prednasejiciPredmetu` (`id`,`id_predmetu`,`id_ucitele`) VALUES (159,83,159);
INSERT INTO `prednasejiciPredmetu` (`id`,`id_predmetu`,`id_ucitele`) VALUES (160,83,160);
INSERT INTO `prednasejiciPredmetu` (`id`,`id_predmetu`,`id_ucitele`) VALUES (161,84,161);
INSERT INTO `prednasejiciPredmetu` (`id`,`id_predmetu`,`id_ucitele`) VALUES (162,85,162);
INSERT INTO `prednasejiciPredmetu` (`id`,`id_predmetu`,`id_ucitele`) VALUES (163,89,163);
INSERT INTO `prednasejiciPredmetu` (`id`,`id_predmetu`,`id_ucitele`) VALUES (164,90,164);
INSERT INTO `prednasejiciPredmetu` (`id`,`id_predmetu`,`id_ucitele`) VALUES (165,92,165);
INSERT INTO `prednasejiciPredmetu` (`id`,`id_predmetu`,`id_ucitele`) VALUES (166,92,166);
INSERT INTO `prednasejiciPredmetu` (`id`,`id_predmetu`,`id_ucitele`) VALUES (167,92,167);
INSERT INTO `prednasejiciPredmetu` (`id`,`id_predmetu`,`id_ucitele`) VALUES (168,95,168);
INSERT INTO `prednasejiciPredmetu` (`id`,`id_predmetu`,`id_ucitele`) VALUES (169,95,169);
INSERT INTO `prednasejiciPredmetu` (`id`,`id_predmetu`,`id_ucitele`) VALUES (170,95,170);
INSERT INTO `prednasejiciPredmetu` (`id`,`id_predmetu`,`id_ucitele`) VALUES (171,97,171);
INSERT INTO `prednasejiciPredmetu` (`id`,`id_predmetu`,`id_ucitele`) VALUES (172,98,172);
INSERT INTO `prednasejiciPredmetu` (`id`,`id_predmetu`,`id_ucitele`) VALUES (173,98,173);
INSERT INTO `prednasejiciPredmetu` (`id`,`id_predmetu`,`id_ucitele`) VALUES (174,99,174);
INSERT INTO `prednasejiciPredmetu` (`id`,`id_predmetu`,`id_ucitele`) VALUES (175,99,175);
INSERT INTO `prednasejiciPredmetu` (`id`,`id_predmetu`,`id_ucitele`) VALUES (176,100,176);
INSERT INTO `prednasejiciPredmetu` (`id`,`id_predmetu`,`id_ucitele`) VALUES (177,101,177);
INSERT INTO `prednasejiciPredmetu` (`id`,`id_predmetu`,`id_ucitele`) VALUES (178,102,178);
INSERT INTO `prednasejiciPredmetu` (`id`,`id_predmetu`,`id_ucitele`) VALUES (179,102,179);
INSERT INTO `prednasejiciPredmetu` (`id`,`id_predmetu`,`id_ucitele`) VALUES (180,104,180);
INSERT INTO `prednasejiciPredmetu` (`id`,`id_predmetu`,`id_ucitele`) VALUES (181,105,181);
INSERT INTO `prednasejiciPredmetu` (`id`,`id_predmetu`,`id_ucitele`) VALUES (182,106,182);
INSERT INTO `prednasejiciPredmetu` (`id`,`id_predmetu`,`id_ucitele`) VALUES (183,106,183);
INSERT INTO `prednasejiciPredmetu` (`id`,`id_predmetu`,`id_ucitele`) VALUES (184,107,184);
INSERT INTO `prednasejiciPredmetu` (`id`,`id_predmetu`,`id_ucitele`) VALUES (185,108,185);
INSERT INTO `prednasejiciPredmetu` (`id`,`id_predmetu`,`id_ucitele`) VALUES (186,108,186);
INSERT INTO `prednasejiciPredmetu` (`id`,`id_predmetu`,`id_ucitele`) VALUES (187,109,187);
INSERT INTO `prednasejiciPredmetu` (`id`,`id_predmetu`,`id_ucitele`) VALUES (188,109,188);
INSERT INTO `prednasejiciPredmetu` (`id`,`id_predmetu`,`id_ucitele`) VALUES (189,109,189);
INSERT INTO `prednasejiciPredmetu` (`id`,`id_predmetu`,`id_ucitele`) VALUES (190,109,190);
INSERT INTO `prednasejiciPredmetu` (`id`,`id_predmetu`,`id_ucitele`) VALUES (191,109,191);
INSERT INTO `prednasejiciPredmetu` (`id`,`id_predmetu`,`id_ucitele`) VALUES (192,110,192);
INSERT INTO `prednasejiciPredmetu` (`id`,`id_predmetu`,`id_ucitele`) VALUES (193,110,193);
INSERT INTO `prednasejiciPredmetu` (`id`,`id_predmetu`,`id_ucitele`) VALUES (194,110,194);
INSERT INTO `prednasejiciPredmetu` (`id`,`id_predmetu`,`id_ucitele`) VALUES (195,110,195);
INSERT INTO `prednasejiciPredmetu` (`id`,`id_predmetu`,`id_ucitele`) VALUES (196,111,196);
INSERT INTO `prednasejiciPredmetu` (`id`,`id_predmetu`,`id_ucitele`) VALUES (197,111,197);
INSERT INTO `prednasejiciPredmetu` (`id`,`id_predmetu`,`id_ucitele`) VALUES (198,111,198);
INSERT INTO `prednasejiciPredmetu` (`id`,`id_predmetu`,`id_ucitele`) VALUES (199,111,199);
INSERT INTO `prednasejiciPredmetu` (`id`,`id_predmetu`,`id_ucitele`) VALUES (200,111,200);
INSERT INTO `prednasejiciPredmetu` (`id`,`id_predmetu`,`id_ucitele`) VALUES (201,112,201);
INSERT INTO `prednasejiciPredmetu` (`id`,`id_predmetu`,`id_ucitele`) VALUES (202,112,202);
INSERT INTO `prednasejiciPredmetu` (`id`,`id_predmetu`,`id_ucitele`) VALUES (203,112,203);
INSERT INTO `prednasejiciPredmetu` (`id`,`id_predmetu`,`id_ucitele`) VALUES (204,112,204);
INSERT INTO `prednasejiciPredmetu` (`id`,`id_predmetu`,`id_ucitele`) VALUES (205,112,205);
INSERT INTO `prednasejiciPredmetu` (`id`,`id_predmetu`,`id_ucitele`) VALUES (206,112,206);
INSERT INTO `prednasejiciPredmetu` (`id`,`id_predmetu`,`id_ucitele`) VALUES (207,112,207);
INSERT INTO `prednasejiciPredmetu` (`id`,`id_predmetu`,`id_ucitele`) VALUES (208,113,208);
INSERT INTO `prednasejiciPredmetu` (`id`,`id_predmetu`,`id_ucitele`) VALUES (209,113,209);
INSERT INTO `prednasejiciPredmetu` (`id`,`id_predmetu`,`id_ucitele`) VALUES (210,114,210);
INSERT INTO `prednasejiciPredmetu` (`id`,`id_predmetu`,`id_ucitele`) VALUES (211,115,211);
INSERT INTO `prednasejiciPredmetu` (`id`,`id_predmetu`,`id_ucitele`) VALUES (212,116,212);
INSERT INTO `prednasejiciPredmetu` (`id`,`id_predmetu`,`id_ucitele`) VALUES (213,116,213);
INSERT INTO `prednasejiciPredmetu` (`id`,`id_predmetu`,`id_ucitele`) VALUES (214,117,214);
INSERT INTO `prednasejiciPredmetu` (`id`,`id_predmetu`,`id_ucitele`) VALUES (215,118,215);
INSERT INTO `prednasejiciPredmetu` (`id`,`id_predmetu`,`id_ucitele`) VALUES (216,118,216);
INSERT INTO `prednasejiciPredmetu` (`id`,`id_predmetu`,`id_ucitele`) VALUES (217,119,217);
INSERT INTO `prednasejiciPredmetu` (`id`,`id_predmetu`,`id_ucitele`) VALUES (218,119,218);
INSERT INTO `prednasejiciPredmetu` (`id`,`id_predmetu`,`id_ucitele`) VALUES (219,120,219);
INSERT INTO `prednasejiciPredmetu` (`id`,`id_predmetu`,`id_ucitele`) VALUES (220,121,220);
INSERT INTO `prednasejiciPredmetu` (`id`,`id_predmetu`,`id_ucitele`) VALUES (221,121,221);
INSERT INTO `prednasejiciPredmetu` (`id`,`id_predmetu`,`id_ucitele`) VALUES (222,124,222);
INSERT INTO `prednasejiciPredmetu` (`id`,`id_predmetu`,`id_ucitele`) VALUES (223,125,223);
INSERT INTO `prednasejiciPredmetu` (`id`,`id_predmetu`,`id_ucitele`) VALUES (224,127,224);
INSERT INTO `prednasejiciPredmetu` (`id`,`id_predmetu`,`id_ucitele`) VALUES (225,127,225);
INSERT INTO `prednasejiciPredmetu` (`id`,`id_predmetu`,`id_ucitele`) VALUES (226,129,226);
INSERT INTO `prednasejiciPredmetu` (`id`,`id_predmetu`,`id_ucitele`) VALUES (227,132,227);
INSERT INTO `prednasejiciPredmetu` (`id`,`id_predmetu`,`id_ucitele`) VALUES (228,132,228);
INSERT INTO `prednasejiciPredmetu` (`id`,`id_predmetu`,`id_ucitele`) VALUES (229,133,229);
INSERT INTO `prednasejiciPredmetu` (`id`,`id_predmetu`,`id_ucitele`) VALUES (230,135,230);
INSERT INTO `prednasejiciPredmetu` (`id`,`id_predmetu`,`id_ucitele`) VALUES (231,136,231);
INSERT INTO `prednasejiciPredmetu` (`id`,`id_predmetu`,`id_ucitele`) VALUES (232,136,232);
INSERT INTO `prednasejiciPredmetu` (`id`,`id_predmetu`,`id_ucitele`) VALUES (233,136,233);
INSERT INTO `prednasejiciPredmetu` (`id`,`id_predmetu`,`id_ucitele`) VALUES (234,138,234);
INSERT INTO `prednasejiciPredmetu` (`id`,`id_predmetu`,`id_ucitele`) VALUES (235,138,235);
INSERT INTO `prednasejiciPredmetu` (`id`,`id_predmetu`,`id_ucitele`) VALUES (236,139,236);
INSERT INTO `prednasejiciPredmetu` (`id`,`id_predmetu`,`id_ucitele`) VALUES (237,139,237);
INSERT INTO `prednasejiciPredmetu` (`id`,`id_predmetu`,`id_ucitele`) VALUES (238,140,238);
INSERT INTO `prednasejiciPredmetu` (`id`,`id_predmetu`,`id_ucitele`) VALUES (239,141,239);
INSERT INTO `prednasejiciPredmetu` (`id`,`id_predmetu`,`id_ucitele`) VALUES (240,143,240);
INSERT INTO `prednasejiciPredmetu` (`id`,`id_predmetu`,`id_ucitele`) VALUES (241,143,241);
INSERT INTO `prednasejiciPredmetu` (`id`,`id_predmetu`,`id_ucitele`) VALUES (242,143,242);
INSERT INTO `prednasejiciPredmetu` (`id`,`id_predmetu`,`id_ucitele`) VALUES (243,143,243);
INSERT INTO `prednasejiciPredmetu` (`id`,`id_predmetu`,`id_ucitele`) VALUES (244,143,244);
INSERT INTO `prednasejiciPredmetu` (`id`,`id_predmetu`,`id_ucitele`) VALUES (245,143,245);
INSERT INTO `prednasejiciPredmetu` (`id`,`id_predmetu`,`id_ucitele`) VALUES (246,144,246);
INSERT INTO `prednasejiciPredmetu` (`id`,`id_predmetu`,`id_ucitele`) VALUES (247,152,247);
INSERT INTO `prednasejiciPredmetu` (`id`,`id_predmetu`,`id_ucitele`) VALUES (248,153,248);
INSERT INTO `prednasejiciPredmetu` (`id`,`id_predmetu`,`id_ucitele`) VALUES (249,154,249);
INSERT INTO `prednasejiciPredmetu` (`id`,`id_predmetu`,`id_ucitele`) VALUES (250,155,250);
INSERT INTO `prednasejiciPredmetu` (`id`,`id_predmetu`,`id_ucitele`) VALUES (251,161,251);
INSERT INTO `prednasejiciPredmetu` (`id`,`id_predmetu`,`id_ucitele`) VALUES (252,163,252);
INSERT INTO `prednasejiciPredmetu` (`id`,`id_predmetu`,`id_ucitele`) VALUES (253,165,253);
INSERT INTO `prednasejiciPredmetu` (`id`,`id_predmetu`,`id_ucitele`) VALUES (254,165,254);
INSERT INTO `prednasejiciPredmetu` (`id`,`id_predmetu`,`id_ucitele`) VALUES (255,165,255);
INSERT INTO `prednasejiciPredmetu` (`id`,`id_predmetu`,`id_ucitele`) VALUES (256,166,256);
INSERT INTO `prednasejiciPredmetu` (`id`,`id_predmetu`,`id_ucitele`) VALUES (257,169,257);
INSERT INTO `prednasejiciPredmetu` (`id`,`id_predmetu`,`id_ucitele`) VALUES (258,170,258);
INSERT INTO `prednasejiciPredmetu` (`id`,`id_predmetu`,`id_ucitele`) VALUES (259,171,259);
INSERT INTO `prednasejiciPredmetu` (`id`,`id_predmetu`,`id_ucitele`) VALUES (260,173,260);
INSERT INTO `prednasejiciPredmetu` (`id`,`id_predmetu`,`id_ucitele`) VALUES (261,173,261);
INSERT INTO `prednasejiciPredmetu` (`id`,`id_predmetu`,`id_ucitele`) VALUES (262,175,262);
INSERT INTO `prednasejiciPredmetu` (`id`,`id_predmetu`,`id_ucitele`) VALUES (263,176,263);
INSERT INTO `prednasejiciPredmetu` (`id`,`id_predmetu`,`id_ucitele`) VALUES (264,179,264);
INSERT INTO `prednasejiciPredmetu` (`id`,`id_predmetu`,`id_ucitele`) VALUES (265,181,265);
INSERT INTO `prednasejiciPredmetu` (`id`,`id_predmetu`,`id_ucitele`) VALUES (266,181,266);
INSERT INTO `prednasejiciPredmetu` (`id`,`id_predmetu`,`id_ucitele`) VALUES (267,182,267);
INSERT INTO `prednasejiciPredmetu` (`id`,`id_predmetu`,`id_ucitele`) VALUES (268,184,268);
INSERT INTO `prednasejiciPredmetu` (`id`,`id_predmetu`,`id_ucitele`) VALUES (269,185,269);
INSERT INTO `prednasejiciPredmetu` (`id`,`id_predmetu`,`id_ucitele`) VALUES (270,185,270);
INSERT INTO `prednasejiciPredmetu` (`id`,`id_predmetu`,`id_ucitele`) VALUES (271,185,271);
INSERT INTO `prednasejiciPredmetu` (`id`,`id_predmetu`,`id_ucitele`) VALUES (272,185,272);
INSERT INTO `prednasejiciPredmetu` (`id`,`id_predmetu`,`id_ucitele`) VALUES (273,185,273);
INSERT INTO `prednasejiciPredmetu` (`id`,`id_predmetu`,`id_ucitele`) VALUES (274,186,274);
INSERT INTO `prednasejiciPredmetu` (`id`,`id_predmetu`,`id_ucitele`) VALUES (275,186,275);
INSERT INTO `prednasejiciPredmetu` (`id`,`id_predmetu`,`id_ucitele`) VALUES (276,187,276);
INSERT INTO `prednasejiciPredmetu` (`id`,`id_predmetu`,`id_ucitele`) VALUES (277,187,277);
INSERT INTO `prednasejiciPredmetu` (`id`,`id_predmetu`,`id_ucitele`) VALUES (278,187,278);
INSERT INTO `prednasejiciPredmetu` (`id`,`id_predmetu`,`id_ucitele`) VALUES (279,187,279);
INSERT INTO `prednasejiciPredmetu` (`id`,`id_predmetu`,`id_ucitele`) VALUES (280,190,280);
INSERT INTO `prednasejiciPredmetu` (`id`,`id_predmetu`,`id_ucitele`) VALUES (281,190,281);
INSERT INTO `prednasejiciPredmetu` (`id`,`id_predmetu`,`id_ucitele`) VALUES (282,192,282);
INSERT INTO `prednasejiciPredmetu` (`id`,`id_predmetu`,`id_ucitele`) VALUES (283,192,283);
INSERT INTO `prednasejiciPredmetu` (`id`,`id_predmetu`,`id_ucitele`) VALUES (284,192,284);
INSERT INTO `prednasejiciPredmetu` (`id`,`id_predmetu`,`id_ucitele`) VALUES (285,192,285);
INSERT INTO `prednasejiciPredmetu` (`id`,`id_predmetu`,`id_ucitele`) VALUES (286,193,286);
INSERT INTO `prednasejiciPredmetu` (`id`,`id_predmetu`,`id_ucitele`) VALUES (287,193,287);
INSERT INTO `prednasejiciPredmetu` (`id`,`id_predmetu`,`id_ucitele`) VALUES (288,193,288);
INSERT INTO `prednasejiciPredmetu` (`id`,`id_predmetu`,`id_ucitele`) VALUES (289,199,289);
INSERT INTO `prednasejiciPredmetu` (`id`,`id_predmetu`,`id_ucitele`) VALUES (290,200,290);

/*
-- Query: SELECT * FROM planovaniRozvrhu.verzeZkousek
LIMIT 0, 5000

-- Date: 2018-01-03 11:22
*/
DELETE FROM verzeZkousek where id > 0;
INSERT INTO `verzeZkousek` (`id`,`id_semestru`,`nazev_verze`,`cislo_verze`,`je_aktivni_flag`) VALUES (0,1,'Testovací verze',1,NULL);
INSERT INTO `verzeZkousek` (`id`,`id_semestru`,`nazev_verze`,`cislo_verze`,`je_aktivni_flag`) VALUES (1,1,'Testovací verze',1,NULL);
INSERT INTO `verzeZkousek` (`id`,`id_semestru`,`nazev_verze`,`cislo_verze`,`je_aktivni_flag`) VALUES (2,1,'Testovací verze',1,NULL);

/*
-- Query: SELECT * FROM planovaniRozvrhu.casyZkousek
LIMIT 0, 5000

-- Date: 2018-01-05 04:02
*/
INSERT INTO `casyZkousek` (`id`,`id_verze`,`id_predmetu`,`verze`,`datum`,`cas_od`,`cas_do`,`termin`,`pevny_cas_flag`) VALUES (1,0,1,1,'2016-01-08','09:00:00.000000','12:00:00.000000','radny',NULL);
INSERT INTO `casyZkousek` (`id`,`id_verze`,`id_predmetu`,`verze`,`datum`,`cas_od`,`cas_do`,`termin`,`pevny_cas_flag`) VALUES (2,0,2,1,'2016-01-04','13:00:00.000000','16:00:00.000000','radny',NULL);
INSERT INTO `casyZkousek` (`id`,`id_verze`,`id_predmetu`,`verze`,`datum`,`cas_od`,`cas_do`,`termin`,`pevny_cas_flag`) VALUES (3,0,42,1,'2016-01-05','12:00:00.000000','16:00:00.000000','radny',NULL);
INSERT INTO `casyZkousek` (`id`,`id_verze`,`id_predmetu`,`verze`,`datum`,`cas_od`,`cas_do`,`termin`,`pevny_cas_flag`) VALUES (4,0,15,1,'2016-01-15','16:00:00.000000','18:00:00.000000','radny',NULL);
INSERT INTO `casyZkousek` (`id`,`id_verze`,`id_predmetu`,`verze`,`datum`,`cas_od`,`cas_do`,`termin`,`pevny_cas_flag`) VALUES (5,0,29,1,'2016-01-11','16:00:00.000000','18:00:00.000000','radny',NULL);
INSERT INTO `casyZkousek` (`id`,`id_verze`,`id_predmetu`,`verze`,`datum`,`cas_od`,`cas_do`,`termin`,`pevny_cas_flag`) VALUES (6,0,37,1,'2016-01-12','14:00:00.000000','16:00:00.000000','radny',NULL);
INSERT INTO `casyZkousek` (`id`,`id_verze`,`id_predmetu`,`verze`,`datum`,`cas_od`,`cas_do`,`termin`,`pevny_cas_flag`) VALUES (7,0,17,1,'2016-01-06','08:00:00.000000','11:00:00.000000','radny',NULL);


/*
-- Query: SELECT * FROM planovaniRozvrhu.zkousce_prislusi
LIMIT 0, 5000

-- Date: 2018-01-03 15:31
*/
DELETE FROM zkousce_prislusi where id > 0;
INSERT INTO `zkousce_prislusi` (`id`,`mistnosti_id`,`casyZkousek_id`) VALUES (1,1,1);
INSERT INTO `zkousce_prislusi` (`id`,`mistnosti_id`,`casyZkousek_id`) VALUES (2,2,1);
INSERT INTO `zkousce_prislusi` (`id`,`mistnosti_id`,`casyZkousek_id`) VALUES (3,1,2);
INSERT INTO `zkousce_prislusi` (`id`,`mistnosti_id`,`casyZkousek_id`) VALUES (4,2,2);
INSERT INTO `zkousce_prislusi` (`id`,`mistnosti_id`,`casyZkousek_id`) VALUES (5,4,3);
INSERT INTO `zkousce_prislusi` (`id`,`mistnosti_id`,`casyZkousek_id`) VALUES (6,5,3);
INSERT INTO `zkousce_prislusi` (`id`,`mistnosti_id`,`casyZkousek_id`) VALUES (7,2,4);
INSERT INTO `zkousce_prislusi` (`id`,`mistnosti_id`,`casyZkousek_id`) VALUES (8,3,4);
INSERT INTO `zkousce_prislusi` (`id`,`mistnosti_id`,`casyZkousek_id`) VALUES (9,2,5);
INSERT INTO `zkousce_prislusi` (`id`,`mistnosti_id`,`casyZkousek_id`) VALUES (10,3,5);
INSERT INTO `zkousce_prislusi` (`id`,`mistnosti_id`,`casyZkousek_id`) VALUES (11,2,6);
INSERT INTO `zkousce_prislusi` (`id`,`mistnosti_id`,`casyZkousek_id`) VALUES (12,3,6);
INSERT INTO `zkousce_prislusi` (`id`,`mistnosti_id`,`casyZkousek_id`) VALUES (13,1,7);


/*
-- Query: SELECT * FROM planovaniRozvrhu.zapsaniStudenti
LIMIT 0, 5000

-- Date: 2018-01-03 14:40
*/
DELETE FROM zapsaniStudenti where id > 0;
INSERT INTO `zapsaniStudenti` (`id`,`id_oboru`,`id_predmetu`,`pocet_zapsanych_studentu`) VALUES (1,3,1,80);
INSERT INTO `zapsaniStudenti` (`id`,`id_oboru`,`id_predmetu`,`pocet_zapsanych_studentu`) VALUES (2,4,1,37);
INSERT INTO `zapsaniStudenti` (`id`,`id_oboru`,`id_predmetu`,`pocet_zapsanych_studentu`) VALUES (3,3,2,80);
INSERT INTO `zapsaniStudenti` (`id`,`id_oboru`,`id_predmetu`,`pocet_zapsanych_studentu`) VALUES (4,4,2,30);
INSERT INTO `zapsaniStudenti` (`id`,`id_oboru`,`id_predmetu`,`pocet_zapsanych_studentu`) VALUES (5,3,15,37);
INSERT INTO `zapsaniStudenti` (`id`,`id_oboru`,`id_predmetu`,`pocet_zapsanych_studentu`) VALUES (6,4,15,43);
INSERT INTO `zapsaniStudenti` (`id`,`id_oboru`,`id_predmetu`,`pocet_zapsanych_studentu`) VALUES (7,3,29,31);
INSERT INTO `zapsaniStudenti` (`id`,`id_oboru`,`id_predmetu`,`pocet_zapsanych_studentu`) VALUES (8,4,29,28);
INSERT INTO `zapsaniStudenti` (`id`,`id_oboru`,`id_predmetu`,`pocet_zapsanych_studentu`) VALUES (9,7,37,12);
INSERT INTO `zapsaniStudenti` (`id`,`id_oboru`,`id_predmetu`,`pocet_zapsanych_studentu`) VALUES (10,8,37,13);
INSERT INTO `zapsaniStudenti` (`id`,`id_oboru`,`id_predmetu`,`pocet_zapsanych_studentu`) VALUES (11,7,1,120);
INSERT INTO `zapsaniStudenti` (`id`,`id_oboru`,`id_predmetu`,`pocet_zapsanych_studentu`) VALUES (12,8,1,75);
INSERT INTO `zapsaniStudenti` (`id`,`id_oboru`,`id_predmetu`,`pocet_zapsanych_studentu`) VALUES (13,8,2,101);
INSERT INTO `zapsaniStudenti` (`id`,`id_oboru`,`id_predmetu`,`pocet_zapsanych_studentu`) VALUES (14,7,2,67);
INSERT INTO `zapsaniStudenti` (`id`,`id_oboru`,`id_predmetu`,`pocet_zapsanych_studentu`) VALUES (15,7,15,31);
INSERT INTO `zapsaniStudenti` (`id`,`id_oboru`,`id_predmetu`,`pocet_zapsanych_studentu`) VALUES (16,8,15,28);
INSERT INTO `zapsaniStudenti` (`id`,`id_oboru`,`id_predmetu`,`pocet_zapsanych_studentu`) VALUES (17,7,29,17);
INSERT INTO `zapsaniStudenti` (`id`,`id_oboru`,`id_predmetu`,`pocet_zapsanych_studentu`) VALUES (18,8,29,19);
INSERT INTO `zapsaniStudenti` (`id`,`id_oboru`,`id_predmetu`,`pocet_zapsanych_studentu`) VALUES (19,11,1,74);
INSERT INTO `zapsaniStudenti` (`id`,`id_oboru`,`id_predmetu`,`pocet_zapsanych_studentu`) VALUES (20,12,1,78);
INSERT INTO `zapsaniStudenti` (`id`,`id_oboru`,`id_predmetu`,`pocet_zapsanych_studentu`) VALUES (21,11,2,78);
INSERT INTO `zapsaniStudenti` (`id`,`id_oboru`,`id_predmetu`,`pocet_zapsanych_studentu`) VALUES (22,12,2,45);
INSERT INTO `zapsaniStudenti` (`id`,`id_oboru`,`id_predmetu`,`pocet_zapsanych_studentu`) VALUES (23,11,15,36);
INSERT INTO `zapsaniStudenti` (`id`,`id_oboru`,`id_predmetu`,`pocet_zapsanych_studentu`) VALUES (24,12,15,42);
INSERT INTO `zapsaniStudenti` (`id`,`id_oboru`,`id_predmetu`,`pocet_zapsanych_studentu`) VALUES (25,11,42,80);
INSERT INTO `zapsaniStudenti` (`id`,`id_oboru`,`id_predmetu`,`pocet_zapsanych_studentu`) VALUES (26,12,42,65);
